# Generated by tools/convert_rosmaster_cad.py; do not edit.
mtllib rosmaster_cad.mtl
o rosmaster_camera
v -0.051140 -0.017114 -0.025917
v -0.051890 -0.017114 -0.025166
v -0.050115 -0.017114 -0.024141
v -0.052165 -0.017114 -0.024141
v -0.051890 -0.017114 -0.023116
v -0.048340 -0.017114 -0.025166
v -0.049090 -0.017114 -0.025917
v -0.050115 -0.017114 -0.026191
v -0.049090 -0.017114 -0.022366
v -0.048340 -0.017114 -0.023116
v -0.048065 -0.017114 -0.024141
v -0.051140 -0.017114 -0.022366
v -0.050115 -0.017114 -0.022091
v -0.051140 0.016886 -0.022366
v -0.051890 0.016886 -0.023116
v -0.050115 0.016886 -0.024141
v -0.052165 0.016886 -0.024141
v -0.051890 0.016886 -0.025166
v -0.048340 0.016886 -0.023116
v -0.049090 0.016886 -0.022366
v -0.050115 0.016886 -0.022091
v -0.049090 0.016886 -0.025917
v -0.048340 0.016886 -0.025166
v -0.048065 0.016886 -0.024141
v -0.051140 0.016886 -0.025917
v -0.050115 0.016886 -0.026191
v -0.052165 -0.013114 -0.024141
v -0.051890 -0.013114 -0.023116
v -0.051140 -0.013114 -0.022366
v -0.050115 -0.013114 -0.022091
v -0.049090 -0.013114 -0.022366
v -0.048340 -0.013114 -0.023116
v -0.048065 -0.013114 -0.024141
v -0.048340 -0.013114 -0.025166
v -0.049090 -0.013114 -0.025917
v -0.050115 -0.013114 -0.026191
v -0.051140 -0.013114 -0.025917
v -0.051890 -0.013114 -0.025166
v -0.052165 0.012886 -0.024141
v -0.051890 0.012886 -0.023116
v -0.051140 0.012886 -0.022366
v -0.050115 0.012886 -0.022091
v -0.049090 0.012886 -0.022366
v -0.048340 0.012886 -0.023116
v -0.048065 0.012886 -0.024141
v -0.048340 0.012886 -0.025166
v -0.049090 0.012886 -0.025917
v -0.050115 0.012886 -0.026191
v -0.051140 0.012886 -0.025917
v -0.051890 0.012886 -0.025166
v -0.039465 -0.028561 -0.030376
v -0.039465 -0.028600 -0.031142
v -0.039465 0.026942 -0.027434
v -0.039465 -0.024502 -0.036464
v -0.039465 -0.023607 -0.036614
v -0.039465 0.027715 -0.033774
v -0.039465 0.028112 -0.032855
v -0.039465 0.028034 -0.029205
v -0.039465 0.027712 -0.028543
v -0.039465 0.026354 -0.026873
v -0.039465 0.025903 -0.026570
v -0.039465 -0.027162 -0.027442
v -0.039465 -0.028476 -0.032366
v -0.039465 -0.028439 -0.032482
v -0.039465 -0.024924 -0.036312
v -0.039465 0.024822 -0.036289
v -0.039465 0.025736 -0.035845
v -0.039465 0.025906 -0.035719
v -0.039465 0.023376 -0.036596
v -0.039465 0.023896 -0.036548
v -0.039465 0.024700 -0.036323
v -0.039465 0.027154 -0.034609
v -0.039465 0.026934 -0.034841
v -0.039465 0.027589 -0.028291
v -0.039465 0.026985 -0.027474
v -0.039465 -0.027943 -0.028509
v -0.039465 -0.028341 -0.029427
v -0.039465 -0.028428 -0.029802
v -0.039465 -0.028182 -0.033278
v -0.039465 -0.027938 -0.033737
v -0.039465 -0.025427 -0.036132
v -0.039465 -0.026137 -0.035719
v -0.039465 0.026553 -0.035241
v -0.039465 0.028199 -0.032481
v -0.039465 0.028332 -0.031907
v -0.039465 0.028386 -0.031141
v -0.039465 -0.023114 -0.025641
v -0.039465 -0.023605 -0.025687
v -0.039465 -0.025965 -0.026438
v -0.039465 -0.026135 -0.026564
v -0.039465 -0.025051 -0.025993
v -0.039465 -0.024928 -0.025959
v -0.039465 -0.027383 -0.027673
v -0.039465 -0.028611 -0.031347
v -0.039465 -0.027718 -0.034151
v -0.039465 -0.027165 -0.034845
v -0.039465 -0.026303 -0.035623
v -0.039465 -0.027072 -0.034961
v -0.039465 -0.023547 -0.036624
v -0.039465 -0.023114 -0.036641
v -0.039465 0.022886 -0.036641
v -0.039465 0.028292 -0.030131
v -0.039465 0.028200 -0.029803
v -0.039465 0.023378 -0.025676
v -0.039465 0.024699 -0.025958
v -0.039465 0.023651 -0.025695
v -0.039465 0.024600 -0.025915
v -0.039465 -0.026781 -0.027042
v -0.039465 -0.024125 -0.025735
v -0.039465 0.022886 -0.025641
v -0.039465 0.025518 -0.026312
v -0.054665 -0.013114 -0.031141
v -0.054665 -0.013114 -0.024141
v -0.054115 -0.013114 -0.024141
v -0.046115 -0.013114 -0.024141
v -0.045565 -0.013114 -0.031141
v -0.045565 -0.013114 -0.024141
v -0.053568 -0.013114 -0.022589
v -0.046662 -0.013114 -0.022589
v -0.047783 -0.013114 -0.021384
v -0.049292 -0.013114 -0.020726
v -0.050938 -0.013114 -0.020726
v -0.052447 -0.013114 -0.021384
v -0.054665 0.012886 -0.031141
v -0.045565 0.012886 -0.031141
v -0.045565 0.012886 -0.024141
v -0.046115 0.012886 -0.024141
v -0.054115 0.012886 -0.024141
v -0.054665 0.012886 -0.024141
v -0.046631 0.012886 -0.022640
v -0.053563 0.012886 -0.022580
v -0.052431 0.012886 -0.021372
v -0.050909 0.012886 -0.020720
v -0.049253 0.012886 -0.020735
v -0.047742 0.012886 -0.021412
v -0.038965 -0.023114 -0.037141
v -0.038965 0.022886 -0.037141
v -0.039138 -0.023114 -0.037110
v -0.039138 0.022886 -0.037110
v -0.039209 -0.023114 -0.037065
v -0.039209 0.022886 -0.037065
v -0.039319 -0.023114 -0.036995
v -0.039319 0.022886 -0.036995
v -0.039389 -0.023114 -0.036885
v -0.039389 0.022886 -0.036885
v -0.039434 -0.023114 -0.036814
v -0.039434 0.022886 -0.036814
v -0.039434 -0.023623 -0.036792
v -0.039138 -0.023649 -0.025196
v -0.039138 -0.023114 -0.025172
v -0.038965 -0.023114 -0.025141
v -0.039319 -0.023639 -0.025311
v -0.039319 -0.023114 -0.025288
v -0.039209 -0.023114 -0.025218
v -0.039434 -0.023623 -0.025491
v -0.039434 -0.023114 -0.025468
v -0.039389 -0.023114 -0.025397
v -0.039434 -0.024988 -0.025787
v -0.039434 -0.026240 -0.026407
v -0.039434 -0.027302 -0.027314
v -0.039434 -0.028110 -0.028453
v -0.039434 -0.028615 -0.029755
v -0.039434 -0.028787 -0.031141
v -0.039434 -0.028615 -0.032528
v -0.039434 -0.028110 -0.033830
v -0.039434 -0.027302 -0.034969
v -0.039434 -0.026240 -0.035876
v -0.039434 -0.024988 -0.036496
v -0.039319 -0.023639 -0.036971
v -0.038965 -0.023652 -0.037117
v -0.038965 -0.023652 -0.025166
v -0.038965 -0.025096 -0.025478
v -0.039138 -0.025086 -0.025507
v -0.038965 -0.026420 -0.026134
v -0.039138 -0.026403 -0.026160
v -0.038965 -0.027543 -0.027093
v -0.039138 -0.027520 -0.027114
v -0.038965 -0.028398 -0.028298
v -0.039138 -0.028371 -0.028313
v -0.038965 -0.028933 -0.029675
v -0.039138 -0.028903 -0.029683
v -0.038965 -0.029114 -0.031141
v -0.039138 -0.029083 -0.031141
v -0.038965 -0.028933 -0.032607
v -0.039138 -0.028903 -0.032600
v -0.038965 -0.028398 -0.033985
v -0.039138 -0.028371 -0.033970
v -0.038965 -0.027543 -0.035189
v -0.039138 -0.027520 -0.035169
v -0.038965 -0.026420 -0.036149
v -0.039138 -0.026403 -0.036123
v -0.038965 -0.025096 -0.036805
v -0.039138 -0.025086 -0.036776
v -0.039138 -0.023649 -0.037086
v -0.039319 -0.025048 -0.036666
v -0.039319 -0.026339 -0.036027
v -0.039319 -0.027435 -0.035091
v -0.039319 -0.028269 -0.033915
v -0.039319 -0.028791 -0.032572
v -0.039319 -0.028968 -0.031141
v -0.039319 -0.028791 -0.029711
v -0.039319 -0.028269 -0.028368
v -0.039319 -0.027435 -0.027192
v -0.039319 -0.026339 -0.026256
v -0.039319 -0.025048 -0.025616
v -0.038965 0.022886 -0.025141
v -0.039138 0.022886 -0.025172
v -0.039209 0.022886 -0.025218
v -0.039319 0.022886 -0.025288
v -0.039389 0.022886 -0.025397
v -0.039434 0.022886 -0.025468
v -0.039434 0.023394 -0.025491
v -0.039319 0.023410 -0.025311
v -0.039138 0.023421 -0.025196
v -0.038965 0.023423 -0.025166
v -0.039138 0.024857 -0.025507
v -0.038965 0.024867 -0.025478
v -0.039138 0.026174 -0.026160
v -0.038965 0.026191 -0.026134
v -0.039138 0.027292 -0.027114
v -0.038965 0.027314 -0.027093
v -0.039138 0.028142 -0.028313
v -0.038965 0.028169 -0.028298
v -0.039138 0.028674 -0.029683
v -0.038965 0.028704 -0.029675
v -0.039138 0.028855 -0.031141
v -0.038965 0.028886 -0.031141
v -0.039138 0.028674 -0.032600
v -0.038965 0.028704 -0.032607
v -0.039138 0.028142 -0.033970
v -0.038965 0.028169 -0.033985
v -0.039138 0.027292 -0.035169
v -0.038965 0.027314 -0.035189
v -0.039138 0.026174 -0.036123
v -0.038965 0.026191 -0.036149
v -0.039138 0.024857 -0.036776
v -0.038965 0.024867 -0.036805
v -0.039138 0.023421 -0.037086
v -0.038965 0.023423 -0.037117
v -0.039319 0.023410 -0.036971
v -0.039434 0.023394 -0.036792
v -0.039434 0.024759 -0.036496
v -0.039434 0.026011 -0.035876
v -0.039434 0.027073 -0.034969
v -0.039434 0.028387 -0.032528
v -0.039434 0.027881 -0.033830
v -0.039434 0.028559 -0.031141
v -0.039434 0.028387 -0.029755
v -0.039434 0.027881 -0.028453
v -0.039434 0.027073 -0.027314
v -0.039434 0.026011 -0.026407
v -0.039434 0.024759 -0.025787
v -0.039319 0.024819 -0.025616
v -0.039319 0.026110 -0.026256
v -0.039319 0.027206 -0.027192
v -0.039319 0.028040 -0.028368
v -0.039319 0.028562 -0.029711
v -0.039319 0.028739 -0.031141
v -0.039319 0.028562 -0.032572
v -0.039319 0.028040 -0.033915
v -0.039319 0.027206 -0.035091
v -0.039319 0.026110 -0.036027
v -0.039319 0.024819 -0.036666
v -0.045565 0.011467 -0.024141
v -0.053568 -0.019614 -0.022589
v -0.054115 -0.019614 -0.024141
v -0.050115 -0.019614 -0.024141
v -0.046115 -0.019614 -0.024141
v -0.046662 -0.019614 -0.022589
v -0.052447 -0.019614 -0.021384
v -0.050938 -0.019614 -0.020726
v -0.049292 -0.019614 -0.020726
v -0.047783 -0.019614 -0.021384
v -0.054665 0.011251 -0.024141
v -0.053563 0.019386 -0.022580
v -0.052431 0.019386 -0.021372
v -0.050909 0.019386 -0.020720
v -0.046631 0.019386 -0.022640
v -0.046115 0.019386 -0.024141
v -0.050115 0.019386 -0.024141
v -0.047742 0.019386 -0.021412
v -0.054115 0.019386 -0.024141
v -0.049253 0.019386 -0.020735
v -0.064563 0.001386 -0.030241
v -0.063465 0.002484 -0.030241
v -0.061965 -0.000114 -0.030241
v -0.061965 0.002886 -0.030241
v -0.060465 0.002484 -0.030241
v -0.063465 -0.002712 -0.030241
v -0.064563 -0.001614 -0.030241
v -0.064965 -0.000114 -0.030241
v -0.059367 -0.001614 -0.030241
v -0.060465 -0.002712 -0.030241
v -0.061965 -0.003114 -0.030241
v -0.059367 0.001386 -0.030241
v -0.058965 -0.000114 -0.030241
v -0.038965 -0.025430 -0.037747
v -0.038965 -0.026425 -0.037309
v -0.038965 -0.026618 -0.037185
v -0.038965 -0.028280 -0.035866
v -0.038965 -0.028947 -0.035011
v -0.038965 -0.029047 -0.034856
v -0.038965 -0.029942 -0.032684
v -0.038965 -0.029898 -0.032866
v -0.038965 -0.029552 -0.033891
v -0.038965 -0.029355 -0.034268
v -0.038965 -0.029411 -0.028084
v -0.038965 -0.028861 -0.027144
v -0.038965 -0.028044 -0.026172
v -0.038965 -0.028176 -0.026306
v -0.038965 -0.028522 -0.026729
v -0.038965 -0.028215 -0.035926
v -0.038965 -0.027485 -0.036609
v -0.038965 -0.027339 -0.036723
v -0.038965 -0.030068 -0.030339
v -0.038965 -0.030072 -0.030379
v -0.038965 -0.030087 -0.030526
v -0.038965 -0.029491 -0.028254
v -0.038965 -0.029561 -0.028446
v -0.038965 -0.029860 -0.029271
v -0.038965 0.029631 -0.033012
v -0.038965 0.029839 -0.031944
v -0.038965 0.029844 -0.031903
v -0.038965 0.029859 -0.031757
v -0.038965 0.029332 -0.033837
v -0.038965 0.029263 -0.034028
v -0.038965 0.027816 -0.036111
v -0.038965 0.027948 -0.035977
v -0.038965 -0.030097 -0.031380
v -0.038965 -0.030099 -0.031607
v -0.038965 -0.029987 -0.032374
v -0.038965 0.028293 -0.035554
v -0.038965 0.028632 -0.035139
v -0.038965 0.029182 -0.034199
v -0.038965 -0.027213 -0.025467
v -0.038965 -0.027033 -0.025357
v -0.038965 -0.026120 -0.024819
v -0.038965 -0.026288 -0.024902
v -0.038965 -0.024041 -0.024203
v -0.038965 -0.024165 -0.024230
v -0.038965 -0.025104 -0.024430
v -0.038965 -0.025183 -0.024461
v -0.038965 0.023812 -0.038080
v -0.038965 0.023936 -0.038053
v -0.038965 0.024875 -0.037853
v -0.038965 0.025201 -0.024535
v -0.038965 0.026197 -0.024974
v -0.038965 0.026389 -0.025097
v -0.038965 0.027110 -0.025560
v -0.038965 0.029126 -0.028015
v -0.038965 0.029323 -0.028392
v -0.038965 0.029670 -0.029416
v -0.038965 0.029713 -0.029599
v -0.038965 0.026984 -0.036816
v -0.038965 0.026804 -0.036926
v -0.038965 0.024954 -0.037822
v -0.038965 0.025891 -0.037464
v -0.038965 0.026059 -0.037381
v -0.038965 -0.025257 -0.037805
v -0.038965 -0.024700 -0.037938
v -0.038965 -0.024201 -0.038056
v -0.038965 -0.023114 -0.038141
v -0.038965 -0.022608 -0.038141
v -0.038965 0.025028 -0.024477
v -0.038965 0.024472 -0.024345
v -0.038965 0.023972 -0.024226
v -0.038965 0.022886 -0.024141
v -0.038965 0.022379 -0.024141
v -0.038965 0.027256 -0.025674
v -0.038965 0.027987 -0.026357
v -0.038965 0.028819 -0.027427
v -0.038965 0.028718 -0.027272
v -0.038965 0.028051 -0.026417
v -0.038965 0.029868 -0.030902
v -0.038965 0.029870 -0.030676
v -0.038965 0.029758 -0.029909
v -0.038965 -0.020475 -0.038141
v -0.038965 -0.011853 -0.038141
v -0.038965 0.022886 -0.038141
v -0.038965 0.023626 -0.038102
v -0.038965 0.020246 -0.024141
v -0.038965 0.011624 -0.024141
v -0.038965 -0.023114 -0.024141
v -0.038965 -0.023855 -0.024181
v -0.098965 -0.022756 -0.024477
v -0.098965 -0.022572 -0.024433
v -0.098965 -0.020614 -0.038141
v -0.098965 -0.024841 -0.025562
v -0.098965 -0.024395 -0.025275
v -0.098965 -0.023785 -0.037382
v -0.098965 -0.023983 -0.037262
v -0.098965 -0.027030 -0.028350
v -0.098965 -0.026449 -0.027274
v -0.098965 -0.025930 -0.026610
v -0.098965 0.024613 -0.036721
v -0.098965 0.024166 -0.037008
v -0.098965 0.010198 -0.024141
v -0.098965 -0.021701 -0.024227
v -0.098965 -0.021600 -0.024219
v -0.098965 -0.020145 -0.038141
v -0.098965 -0.020614 -0.024141
v -0.098965 -0.018234 -0.038141
v -0.098965 -0.018185 -0.038141
v -0.098965 -0.022108 -0.037959
v -0.098965 -0.021537 -0.038080
v -0.098965 -0.021349 -0.038103
v -0.098965 0.017956 -0.024141
v -0.098965 0.025382 -0.026239
v -0.098965 0.025446 -0.026304
v -0.098965 0.026131 -0.027142
v -0.098965 -0.025611 -0.036043
v -0.098965 -0.025675 -0.035979
v -0.098965 -0.026911 -0.034200
v -0.098965 -0.026991 -0.034029
v -0.098965 -0.027359 -0.033015
v -0.098965 -0.027475 -0.032420
v -0.098965 -0.027568 -0.031947
v -0.098965 -0.027587 -0.031759
v -0.098965 -0.027591 -0.031389
v -0.098965 -0.027599 -0.030680
v -0.098965 -0.027552 -0.030352
v -0.098965 -0.027443 -0.029604
v -0.098965 -0.027399 -0.029421
v -0.098965 -0.026550 -0.027432
v -0.098965 -0.023927 -0.024975
v -0.098965 -0.022931 -0.024536
v -0.098965 0.021880 -0.024324
v -0.098965 0.022371 -0.024429
v -0.098965 0.023386 -0.024817
v -0.098965 0.023556 -0.024901
v -0.098965 0.023754 -0.025021
v -0.098965 0.024483 -0.025466
v -0.098965 0.022527 -0.037806
v -0.098965 0.022343 -0.037850
v -0.098965 0.021472 -0.038056
v -0.098965 0.021371 -0.038064
v -0.098965 0.020386 -0.038141
v -0.098965 0.002205 -0.038141
v -0.098965 -0.010427 -0.038141
v -0.098965 -0.022599 -0.037854
v -0.098965 -0.023615 -0.037466
v -0.098965 -0.024712 -0.036816
v -0.098965 -0.025543 -0.036113
v -0.098965 -0.026359 -0.035140
v -0.098965 -0.026809 -0.034374
v -0.098965 -0.027054 -0.028396
v -0.098965 -0.025781 -0.026418
v -0.098965 -0.024987 -0.025675
v -0.098965 0.019917 -0.024141
v -0.098965 0.020386 -0.024141
v -0.098965 0.021120 -0.024180
v -0.098965 0.026580 -0.027909
v -0.098965 0.026682 -0.028082
v -0.098965 0.026762 -0.028253
v -0.098965 0.027363 -0.030893
v -0.098965 0.027358 -0.030524
v -0.098965 0.027339 -0.030335
v -0.098965 0.027371 -0.031603
v -0.098965 0.027323 -0.031930
v -0.098965 0.027214 -0.032679
v -0.098965 0.027171 -0.032862
v -0.098965 0.026825 -0.033886
v -0.098965 0.026801 -0.033933
v -0.098965 0.026321 -0.034851
v -0.098965 0.026220 -0.035009
v -0.098965 0.025702 -0.035673
v -0.098965 0.023698 -0.037308
v -0.098965 0.022702 -0.037747
v -0.098965 0.025314 -0.026170
v -0.098965 0.021308 -0.024203
v -0.098965 0.027130 -0.029268
v -0.098965 0.027247 -0.029863
v -0.098965 0.025552 -0.035865
v -0.098965 0.024758 -0.036608
v -0.061965 0.002886 -0.038141
v -0.060465 0.002484 -0.038141
v -0.059367 0.001386 -0.038141
v -0.058965 -0.000114 -0.038141
v -0.059367 -0.001614 -0.038141
v -0.060465 -0.002712 -0.038141
v -0.061965 -0.003114 -0.038141
v -0.063465 -0.002712 -0.038141
v -0.064563 -0.001614 -0.038141
v -0.064965 -0.000114 -0.038141
v -0.064563 0.001386 -0.038141
v -0.063465 0.002484 -0.038141
v -0.061048 0.030511 -0.038241
v -0.060590 0.030968 -0.038241
v -0.059965 0.029886 -0.038241
v -0.059965 0.031136 -0.038241
v -0.059340 0.030968 -0.038241
v -0.060590 0.028803 -0.038241
v -0.061048 0.029261 -0.038241
v -0.061215 0.029886 -0.038241
v -0.058882 0.029261 -0.038241
v -0.059340 0.028803 -0.038241
v -0.059965 0.028636 -0.038241
v -0.058882 0.030511 -0.038241
v -0.058715 0.029886 -0.038241
v -0.069048 -0.029489 -0.038241
v -0.068590 -0.029032 -0.038241
v -0.067965 -0.030114 -0.038241
v -0.067965 -0.028864 -0.038241
v -0.067340 -0.029032 -0.038241
v -0.068590 -0.031197 -0.038241
v -0.069048 -0.030739 -0.038241
v -0.069215 -0.030114 -0.038241
v -0.066882 -0.030739 -0.038241
v -0.067340 -0.031197 -0.038241
v -0.067965 -0.031364 -0.038241
v -0.066882 -0.029489 -0.038241
v -0.066715 -0.030114 -0.038241
v -0.069048 0.030511 -0.038241
v -0.068590 0.030968 -0.038241
v -0.067965 0.029886 -0.038241
v -0.067965 0.031136 -0.038241
v -0.067340 0.030968 -0.038241
v -0.068590 0.028803 -0.038241
v -0.069048 0.029261 -0.038241
v -0.069215 0.029886 -0.038241
v -0.066882 0.029261 -0.038241
v -0.067340 0.028803 -0.038241
v -0.067965 0.028636 -0.038241
v -0.066882 0.030511 -0.038241
v -0.066715 0.029886 -0.038241
v -0.061048 -0.029489 -0.038241
v -0.060590 -0.029032 -0.038241
v -0.059965 -0.030114 -0.038241
v -0.059965 -0.028864 -0.038241
v -0.059340 -0.029032 -0.038241
v -0.060590 -0.031197 -0.038241
v -0.061048 -0.030739 -0.038241
v -0.061215 -0.030114 -0.038241
v -0.058882 -0.030739 -0.038241
v -0.059340 -0.031197 -0.038241
v -0.059965 -0.031364 -0.038241
v -0.058882 -0.029489 -0.038241
v -0.058715 -0.030114 -0.038241
v -0.056965 -0.026989 -0.041324
v -0.056965 -0.026532 -0.040866
v -0.056965 -0.027614 -0.040241
v -0.056965 -0.026364 -0.040241
v -0.056965 -0.026532 -0.039616
v -0.056965 -0.028697 -0.040866
v -0.056965 -0.028239 -0.041324
v -0.056965 -0.027614 -0.041491
v -0.056965 -0.028239 -0.039159
v -0.056965 -0.028697 -0.039616
v -0.056965 -0.028864 -0.040241
v -0.056965 -0.026989 -0.039159
v -0.056965 -0.027614 -0.038991
v -0.056965 0.028011 -0.041324
v -0.056965 0.028468 -0.040866
v -0.056965 0.027386 -0.040241
v -0.056965 0.028636 -0.040241
v -0.056965 0.028468 -0.039616
v -0.056965 0.026303 -0.040866
v -0.056965 0.026761 -0.041324
v -0.056965 0.027386 -0.041491
v -0.056965 0.026761 -0.039159
v -0.056965 0.026303 -0.039616
v -0.056965 0.026136 -0.040241
v -0.056965 0.028011 -0.039159
v -0.056965 0.027386 -0.038991
v -0.059965 0.031136 -0.043241
v -0.059340 0.030968 -0.043241
v -0.058882 0.030511 -0.043241
v -0.058715 0.029886 -0.043241
v -0.058882 0.029261 -0.043241
v -0.059340 0.028803 -0.043241
v -0.059965 0.028636 -0.043241
v -0.060590 0.028803 -0.043241
v -0.061048 0.029261 -0.043241
v -0.061215 0.029886 -0.043241
v -0.061048 0.030511 -0.043241
v -0.060590 0.030968 -0.043241
v -0.067965 -0.028864 -0.043241
v -0.067340 -0.029032 -0.043241
v -0.066882 -0.029489 -0.043241
v -0.066715 -0.030114 -0.043241
v -0.066882 -0.030739 -0.043241
v -0.067340 -0.031197 -0.043241
v -0.067965 -0.031364 -0.043241
v -0.068590 -0.031197 -0.043241
v -0.069048 -0.030739 -0.043241
v -0.069215 -0.030114 -0.043241
v -0.069048 -0.029489 -0.043241
v -0.068590 -0.029032 -0.043241
v -0.067965 0.031136 -0.043241
v -0.067340 0.030968 -0.043241
v -0.066882 0.030511 -0.043241
v -0.066715 0.029886 -0.043241
v -0.066882 0.029261 -0.043241
v -0.067340 0.028803 -0.043241
v -0.067965 0.028636 -0.043241
v -0.068590 0.028803 -0.043241
v -0.069048 0.029261 -0.043241
v -0.069215 0.029886 -0.043241
v -0.069048 0.030511 -0.043241
v -0.068590 0.030968 -0.043241
v -0.059965 -0.028864 -0.043241
v -0.059340 -0.029032 -0.043241
v -0.058882 -0.029489 -0.043241
v -0.058715 -0.030114 -0.043241
v -0.058882 -0.030739 -0.043241
v -0.059340 -0.031197 -0.043241
v -0.059965 -0.031364 -0.043241
v -0.060590 -0.031197 -0.043241
v -0.061048 -0.030739 -0.043241
v -0.061215 -0.030114 -0.043241
v -0.061048 -0.029489 -0.043241
v -0.060590 -0.029032 -0.043241
v -0.062870 -0.005539 -0.039741
v -0.063965 -0.005164 -0.043241
v -0.064583 -0.004951 -0.039741
v -0.064583 -0.004951 -0.043241
v -0.066011 -0.003839 -0.039741
v -0.066011 -0.003839 -0.043241
v -0.067002 -0.002324 -0.039741
v -0.067002 -0.002324 -0.043241
v -0.067446 -0.000569 -0.039741
v -0.067446 -0.000569 -0.043241
v -0.067297 0.001236 -0.039741
v -0.067297 0.001236 -0.043241
v -0.066569 0.002894 -0.039741
v -0.066569 0.002894 -0.043241
v -0.065343 0.004226 -0.039741
v -0.065343 0.004226 -0.043241
v -0.063965 0.004972 -0.043241
v -0.063751 0.005088 -0.039741
v -0.063751 0.005088 -0.043241
v -0.061965 0.005386 -0.039741
v -0.061965 0.005386 -0.043241
v -0.060179 0.005088 -0.039741
v -0.060179 0.005088 -0.043241
v -0.058587 0.004226 -0.039741
v -0.058587 0.004226 -0.043241
v -0.057361 0.002894 -0.039741
v -0.057361 0.002894 -0.043241
v -0.056633 0.001236 -0.039741
v -0.056633 0.001236 -0.043241
v -0.056484 -0.000569 -0.039741
v -0.056484 -0.000569 -0.043241
v -0.056928 -0.002324 -0.039741
v -0.056928 -0.002324 -0.043241
v -0.057919 -0.003839 -0.039741
v -0.057919 -0.003839 -0.043241
v -0.059347 -0.004951 -0.039741
v -0.059347 -0.004951 -0.043241
v -0.061060 -0.005539 -0.039741
v -0.061060 -0.005539 -0.043241
v -0.062870 -0.005539 -0.043241
v -0.064311 0.001756 -0.039741
v -0.063267 0.002589 -0.039741
v -0.061965 0.002886 -0.039741
v -0.060663 0.002589 -0.039741
v -0.064311 -0.001985 -0.039741
v -0.064890 -0.000782 -0.039741
v -0.064890 0.000553 -0.039741
v -0.060663 -0.002817 -0.039741
v -0.061965 -0.003114 -0.039741
v -0.063267 -0.002817 -0.039741
v -0.059040 -0.000782 -0.039741
v -0.059620 -0.001985 -0.039741
v -0.059620 0.001756 -0.039741
v -0.059040 0.000553 -0.039741
v -0.051965 -0.026364 -0.040241
v -0.051965 -0.026532 -0.039616
v -0.051965 -0.026989 -0.039159
v -0.051965 -0.027614 -0.038991
v -0.051965 -0.028239 -0.039159
v -0.051965 -0.028697 -0.039616
v -0.051965 -0.028864 -0.040241
v -0.051965 -0.028697 -0.040866
v -0.051965 -0.028239 -0.041324
v -0.051965 -0.027614 -0.041491
v -0.051965 -0.026989 -0.041324
v -0.051965 -0.026532 -0.040866
v -0.051965 0.028636 -0.040241
v -0.051965 0.028468 -0.039616
v -0.051965 0.028011 -0.039159
v -0.051965 0.027386 -0.038991
v -0.051965 0.026761 -0.039159
v -0.051965 0.026303 -0.039616
v -0.051965 0.026136 -0.040241
v -0.051965 0.026303 -0.040866
v -0.051965 0.026761 -0.041324
v -0.051965 0.027386 -0.041491
v -0.051965 0.028011 -0.041324
v -0.051965 0.028468 -0.040866
v -0.051965 -0.032614 -0.043241
v -0.051965 -0.032614 -0.033241
v -0.063965 -0.032614 -0.043241
v -0.071965 -0.032614 -0.033241
v -0.071965 -0.032614 -0.043241
v -0.063965 0.032386 -0.043241
v -0.051965 -0.017239 -0.043241
v -0.051965 0.032386 -0.043241
v -0.063965 -0.017239 -0.043241
v -0.071965 -0.017239 -0.043241
v -0.071965 0.032386 -0.043241
v -0.051965 0.032386 -0.033241
v -0.071965 0.032386 -0.033241
v -0.064890 -0.000114 -0.038141
v -0.064890 -0.000782 -0.038141
v -0.064311 -0.001985 -0.038141
v -0.063267 -0.002817 -0.038141
v -0.060663 -0.002817 -0.038141
v -0.059620 -0.001985 -0.038141
v -0.059040 -0.000782 -0.038141
v -0.059040 -0.000114 -0.038141
v -0.059040 0.000553 -0.038141
v -0.059620 0.001756 -0.038141
v -0.060663 0.002589 -0.038141
v -0.063267 0.002589 -0.038141
v -0.064311 0.001756 -0.038141
v -0.064890 0.000553 -0.038141
v -0.071965 0.028188 -0.033241
v -0.057960 0.028772 -0.033241
v -0.051965 0.029021 -0.033241
v -0.051965 0.027228 -0.036146
v -0.051965 0.026596 -0.036702
v -0.051965 -0.027450 -0.036139
v -0.051965 -0.027756 -0.035846
v -0.051965 0.028814 -0.033770
v -0.051965 0.028667 -0.034143
v -0.051965 0.028394 -0.034629
v -0.051965 0.028194 -0.034985
v -0.051965 0.027952 -0.035331
v -0.051965 0.027867 -0.035428
v -0.051965 0.027319 -0.036066
v -0.051965 -0.028632 -0.034634
v -0.051965 -0.029021 -0.033864
v -0.051965 -0.029054 -0.033775
v -0.051965 -0.029250 -0.033241
v -0.051965 -0.025909 -0.037295
v -0.051965 -0.026277 -0.037080
v -0.051965 -0.026716 -0.036762
v -0.051965 -0.027062 -0.036512
v -0.051965 -0.024088 -0.037974
v -0.051965 -0.024103 -0.037972
v -0.051965 -0.025025 -0.037697
v -0.051965 -0.025032 -0.037695
v -0.051965 -0.025907 -0.037296
v -0.051965 -0.028034 -0.035520
v -0.051965 -0.028096 -0.035430
v -0.051965 -0.028587 -0.034722
v -0.051965 -0.023414 -0.038090
v -0.051965 -0.023117 -0.038106
v -0.051965 0.024791 -0.037685
v -0.051965 0.024521 -0.037794
v -0.051965 0.022888 -0.038106
v -0.051965 0.022125 -0.038141
v -0.051965 0.026496 -0.036773
v -0.051965 0.026251 -0.036949
v -0.051965 0.025673 -0.037282
v -0.051965 0.025412 -0.037433
v -0.051965 0.024110 -0.037915
v -0.051965 0.023857 -0.037962
v -0.051965 0.023154 -0.038094
v -0.051965 -0.020147 -0.038141
v -0.051965 -0.021368 -0.038141
v -0.051965 -0.022130 -0.038141
v -0.051965 -0.022446 -0.038141
v -0.051965 0.021901 -0.038141
v -0.051965 0.019919 -0.038141
v -0.051965 0.015939 -0.038141
v -0.051965 0.014820 -0.038141
v -0.051965 -0.000114 -0.038141
v -0.051965 -0.016168 -0.038141
v -0.065961 -0.028667 -0.033241
v -0.071965 -0.028417 -0.033241
v -0.071965 0.028030 -0.033691
v -0.071965 0.024797 -0.037308
v -0.071965 0.025011 -0.037203
v -0.071965 -0.027590 -0.034984
v -0.071965 -0.027347 -0.035330
v -0.071965 -0.027231 -0.035465
v -0.071965 -0.025024 -0.037308
v -0.071965 -0.024808 -0.037433
v -0.071965 -0.024146 -0.037701
v -0.071965 -0.023917 -0.037794
v -0.071965 0.026139 -0.036393
v -0.071965 0.026351 -0.036178
v -0.071965 -0.026715 -0.036065
v -0.071965 -0.026583 -0.036181
v -0.071965 -0.025992 -0.036701
v -0.071965 -0.025847 -0.036805
v -0.071965 -0.025647 -0.036948
v -0.071965 0.025613 -0.036797
v -0.071965 0.025812 -0.036664
v -0.071965 0.026820 -0.035703
v -0.071965 0.026998 -0.035463
v -0.071965 0.027397 -0.034928
v -0.071965 0.027552 -0.034671
v -0.071965 0.027618 -0.034562
v -0.071965 0.027977 -0.033803
v -0.071965 -0.028198 -0.033800
v -0.071965 -0.028063 -0.034143
v -0.071965 -0.027769 -0.034665
v -0.071965 -0.022551 -0.038094
v -0.071965 -0.023222 -0.037968
v -0.071965 -0.023506 -0.037914
v -0.071965 0.021079 -0.038141
v -0.071965 0.021573 -0.038141
v -0.071965 0.021843 -0.038133
v -0.071965 0.022041 -0.038110
v -0.071965 0.022807 -0.038020
v -0.071965 0.022994 -0.037971
v -0.071965 0.023738 -0.037777
v -0.071965 0.023921 -0.037710
v -0.071965 0.024139 -0.037629
v -0.071965 -0.022271 -0.038107
v -0.071965 -0.021522 -0.038141
v -0.071965 -0.021308 -0.038141
v -0.071965 0.015296 -0.038141
v -0.071965 0.017245 -0.038141
v -0.071965 0.019150 -0.038141
v -0.071965 0.019822 -0.038141
v -0.071965 -0.019379 -0.038141
v -0.071965 -0.015524 -0.038141
v -0.071965 -0.014243 -0.038141
v -0.071965 -0.007139 -0.038141
v -0.071965 -0.000769 -0.038141
v -0.071965 -0.000114 -0.038141
v -0.071965 0.004863 -0.038141
v -0.071965 0.009748 -0.038141
v -0.071965 0.013880 -0.038141
v -0.051965 0.011886 -0.023381
v -0.048257 0.011886 -0.023402
v -0.048339 0.011886 -0.023222
v -0.051881 0.011886 -0.023202
v -0.048610 0.011886 -0.022824
v -0.048969 0.011886 -0.022502
v -0.051242 0.011886 -0.022489
v -0.049863 0.011886 -0.022157
v -0.050814 0.011886 -0.022267
v -0.050345 0.011886 -0.022155
v -0.049395 0.011886 -0.022275
v -0.051604 0.011886 -0.022807
v -0.051050 0.009228 -0.023386
v -0.050877 0.009528 -0.023387
v -0.051111 0.008886 -0.023386
v -0.051965 0.006886 -0.023381
v -0.051050 0.008544 -0.023386
v -0.050611 0.009752 -0.023389
v -0.050284 0.009870 -0.023390
v -0.049937 0.009870 -0.023392
v -0.049611 0.009752 -0.023394
v -0.049345 0.009528 -0.023396
v -0.049171 0.009228 -0.023397
v -0.049111 0.008886 -0.023397
v -0.048257 0.006886 -0.023402
v -0.048662 0.006405 -0.023400
v -0.048608 0.006419 -0.023400
v -0.049611 0.008020 -0.023394
v -0.048502 0.006468 -0.023401
v -0.048489 0.006477 -0.023401
v -0.048427 0.006522 -0.023401
v -0.048414 0.006536 -0.023401
v -0.048356 0.006599 -0.023401
v -0.050611 0.008020 -0.023389
v -0.051462 0.006388 -0.023384
v -0.050284 0.007901 -0.023390
v -0.051410 0.006386 -0.023384
v -0.049937 0.007901 -0.023392
v -0.048812 0.006386 -0.023399
v -0.048688 0.006397 -0.023400
v -0.048351 0.006603 -0.023401
v -0.048311 0.006667 -0.023402
v -0.048277 0.006754 -0.023402
v -0.049171 0.008544 -0.023397
v -0.049345 0.008243 -0.023396
v -0.048260 0.006827 -0.023402
v -0.048272 0.006768 -0.023402
v -0.051733 0.006477 -0.023382
v -0.051637 0.006428 -0.023383
v -0.050877 0.008243 -0.023387
v -0.051585 0.006410 -0.023383
v -0.051559 0.006405 -0.023383
v -0.051807 0.006537 -0.023382
v -0.051861 0.006592 -0.023381
v -0.051866 0.006598 -0.023381
v -0.051782 0.006511 -0.023382
v -0.051742 0.006482 -0.023382
v -0.051952 0.006778 -0.023381
v -0.051945 0.006754 -0.023381
v -0.051938 0.006730 -0.023381
v -0.051890 0.006631 -0.023381
v -0.051119 0.008886 -0.024886
v -0.051059 0.008544 -0.024886
v -0.050885 0.008243 -0.024887
v -0.050619 0.008020 -0.024889
v -0.050293 0.007901 -0.024890
v -0.049946 0.007901 -0.024892
v -0.049619 0.008020 -0.024894
v -0.049353 0.008243 -0.024896
v -0.049180 0.008544 -0.024897
v -0.049119 0.008886 -0.024897
v -0.049180 0.009228 -0.024897
v -0.049353 0.009528 -0.024896
v -0.049619 0.009752 -0.024894
v -0.049946 0.009870 -0.024892
v -0.050293 0.009870 -0.024890
v -0.050619 0.009752 -0.024889
v -0.050885 0.009528 -0.024887
v -0.051059 0.009228 -0.024886
v -0.051566 0.006386 -0.023761
v -0.051604 0.006386 -0.023962
v -0.048820 0.006386 -0.024899
v -0.051607 0.006386 -0.024008
v -0.051615 0.006386 -0.024133
v -0.051610 0.006386 -0.024258
v -0.048747 0.006386 -0.024756
v -0.048664 0.006386 -0.024521
v -0.051481 0.006386 -0.023528
v -0.048621 0.006386 -0.024275
v -0.048620 0.006386 -0.024025
v -0.051500 0.006386 -0.023567
v -0.048740 0.006386 -0.023543
v -0.048659 0.006386 -0.023779
v -0.051571 0.006386 -0.024504
v -0.051490 0.006386 -0.024740
v -0.051418 0.006386 -0.024884
v -0.051962 0.006598 -0.023659
v -0.051961 0.006778 -0.024881
v -0.051954 0.006754 -0.024881
v -0.052039 0.006754 -0.024620
v -0.051973 0.006886 -0.024881
v -0.052108 0.006886 -0.024130
v -0.052109 0.006886 -0.024296
v -0.052091 0.006754 -0.024295
v -0.052058 0.006886 -0.024609
v -0.052056 0.006886 -0.024625
v -0.052107 0.006886 -0.023964
v -0.052089 0.006754 -0.023965
v -0.052053 0.006886 -0.023652
v -0.052033 0.006754 -0.023640
v -0.052050 0.006886 -0.023636
v -0.051746 0.006477 -0.023409
v -0.051604 0.006403 -0.023473
v -0.051740 0.006403 -0.023996
v -0.051694 0.006403 -0.023729
v -0.051742 0.006403 -0.024268
v -0.051699 0.006403 -0.024536
v -0.051611 0.006403 -0.024793
v -0.051741 0.006477 -0.024882
v -0.051646 0.006428 -0.024883
v -0.051593 0.006410 -0.024883
v -0.051568 0.006405 -0.024883
v -0.051471 0.006388 -0.024884
v -0.051850 0.006477 -0.024573
v -0.051816 0.006537 -0.024882
v -0.051754 0.006477 -0.024855
v -0.051790 0.006511 -0.024882
v -0.051750 0.006482 -0.024882
v -0.051946 0.006730 -0.024881
v -0.051898 0.006631 -0.024881
v -0.051967 0.006598 -0.024603
v -0.051875 0.006598 -0.024881
v -0.051870 0.006592 -0.024881
v -0.052018 0.006598 -0.024289
v -0.052017 0.006598 -0.023972
v -0.051897 0.006477 -0.024280
v -0.051895 0.006477 -0.023983
v -0.051844 0.006477 -0.023690
v -0.048115 0.017986 -0.024153
v -0.048176 0.017986 -0.024631
v -0.050115 0.017986 -0.024141
v -0.048170 0.017986 -0.023674
v -0.048969 0.017986 -0.022502
v -0.048610 0.017986 -0.022824
v -0.048339 0.017986 -0.023222
v -0.050345 0.017986 -0.022155
v -0.049863 0.017986 -0.022157
v -0.049395 0.017986 -0.022275
v -0.051604 0.017986 -0.022807
v -0.051242 0.017986 -0.022489
v -0.050814 0.017986 -0.022267
v -0.052115 0.017986 -0.024130
v -0.052054 0.017986 -0.023652
v -0.051881 0.017986 -0.023202
v -0.051620 0.017986 -0.025459
v -0.051891 0.017986 -0.025061
v -0.052060 0.017986 -0.024609
v -0.050367 0.017986 -0.026125
v -0.050835 0.017986 -0.026007
v -0.051261 0.017986 -0.025781
v -0.048988 0.017986 -0.025794
v -0.049416 0.017986 -0.026015
v -0.049885 0.017986 -0.026128
v -0.048349 0.017986 -0.025081
v -0.048626 0.017986 -0.025476
v -0.048697 0.006397 -0.024900
v -0.048671 0.006405 -0.024900
v -0.048626 0.006403 -0.024810
v -0.048510 0.006468 -0.024901
v -0.048498 0.006477 -0.024901
v -0.048484 0.006477 -0.024874
v -0.048174 0.006886 -0.023658
v -0.048191 0.006754 -0.023662
v -0.048172 0.006886 -0.023674
v -0.048139 0.006754 -0.023988
v -0.048121 0.006886 -0.023986
v -0.048122 0.006886 -0.024153
v -0.048141 0.006754 -0.024318
v -0.048123 0.006886 -0.024319
v -0.048320 0.006667 -0.024902
v -0.048286 0.006754 -0.024902
v -0.048197 0.006754 -0.024642
v -0.048280 0.006768 -0.024902
v -0.048269 0.006827 -0.024902
v -0.048177 0.006886 -0.024631
v -0.048180 0.006886 -0.024647
v -0.048265 0.006886 -0.024902
v -0.048423 0.006536 -0.024901
v -0.048364 0.006599 -0.024901
v -0.048268 0.006598 -0.024624
v -0.048360 0.006603 -0.024901
v -0.048616 0.006419 -0.024900
v -0.048536 0.006403 -0.024554
v -0.048490 0.006403 -0.024286
v -0.048488 0.006403 -0.024015
v -0.048531 0.006403 -0.023747
v -0.048619 0.006403 -0.023490
v -0.048380 0.006477 -0.023709
v -0.048476 0.006477 -0.023428
v -0.048263 0.006598 -0.023680
v -0.048212 0.006598 -0.023993
v -0.048213 0.006598 -0.024311
v -0.048333 0.006477 -0.024003
v -0.048335 0.006477 -0.024300
v -0.048386 0.006477 -0.024593
v -0.048436 0.006522 -0.024901
v -0.051620 0.011886 -0.025459
v -0.048349 0.011886 -0.025081
v -0.051891 0.011886 -0.025061
v -0.048265 0.011886 -0.024902
v -0.051973 0.011886 -0.024881
v -0.048988 0.011886 -0.025794
v -0.050835 0.011886 -0.026007
v -0.049416 0.011886 -0.026015
v -0.050367 0.011886 -0.026125
v -0.049885 0.011886 -0.026128
v -0.051261 0.011886 -0.025781
v -0.048626 0.011886 -0.025476
v -0.048257 -0.012114 -0.023402
v -0.051965 -0.012114 -0.023381
v -0.051881 -0.012114 -0.023202
v -0.048339 -0.012114 -0.023222
v -0.051604 -0.012114 -0.022807
v -0.051242 -0.012114 -0.022489
v -0.048969 -0.012114 -0.022502
v -0.050345 -0.012114 -0.022155
v -0.049395 -0.012114 -0.022275
v -0.049863 -0.012114 -0.022157
v -0.050814 -0.012114 -0.022267
v -0.048610 -0.012114 -0.022824
v -0.049171 -0.009456 -0.023397
v -0.049345 -0.009757 -0.023396
v -0.049111 -0.009114 -0.023397
v -0.048257 -0.007114 -0.023402
v -0.049171 -0.008772 -0.023397
v -0.049611 -0.009980 -0.023394
v -0.049937 -0.010099 -0.023392
v -0.050284 -0.010099 -0.023390
v -0.050611 -0.009980 -0.023389
v -0.050877 -0.009757 -0.023387
v -0.051050 -0.009456 -0.023386
v -0.051111 -0.009114 -0.023386
v -0.051965 -0.007114 -0.023381
v -0.051560 -0.006633 -0.023383
v -0.051614 -0.006648 -0.023383
v -0.050611 -0.008248 -0.023389
v -0.051720 -0.006697 -0.023382
v -0.051732 -0.006706 -0.023382
v -0.051794 -0.006751 -0.023382
v -0.051807 -0.006764 -0.023382
v -0.051866 -0.006827 -0.023381
v -0.049611 -0.008248 -0.023394
v -0.048759 -0.006616 -0.023399
v -0.049937 -0.008130 -0.023392
v -0.048812 -0.006614 -0.023399
v -0.050284 -0.008130 -0.023390
v -0.051410 -0.006614 -0.023384
v -0.051533 -0.006626 -0.023383
v -0.051870 -0.006832 -0.023381
v -0.051910 -0.006896 -0.023381
v -0.051944 -0.006983 -0.023381
v -0.051050 -0.008772 -0.023386
v -0.050877 -0.008472 -0.023387
v -0.051961 -0.007056 -0.023381
v -0.051950 -0.006997 -0.023381
v -0.048489 -0.006706 -0.023401
v -0.048584 -0.006656 -0.023400
v -0.049345 -0.008472 -0.023396
v -0.048637 -0.006639 -0.023400
v -0.048662 -0.006634 -0.023400
v -0.048414 -0.006766 -0.023401
v -0.048360 -0.006820 -0.023401
v -0.048355 -0.006827 -0.023401
v -0.048440 -0.006740 -0.023401
v -0.048480 -0.006711 -0.023401
v -0.048269 -0.007007 -0.023402
v -0.048276 -0.006983 -0.023402
v -0.048284 -0.006959 -0.023402
v -0.048332 -0.006860 -0.023402
v -0.049119 -0.009114 -0.024897
v -0.049180 -0.008772 -0.024897
v -0.049353 -0.008472 -0.024896
v -0.049619 -0.008248 -0.024894
v -0.049946 -0.008130 -0.024892
v -0.050293 -0.008130 -0.024890
v -0.050619 -0.008248 -0.024889
v -0.050885 -0.008472 -0.024887
v -0.051059 -0.008772 -0.024886
v -0.051119 -0.009114 -0.024886
v -0.051059 -0.009456 -0.024886
v -0.050885 -0.009757 -0.024887
v -0.050619 -0.009980 -0.024889
v -0.050293 -0.010099 -0.024890
v -0.049946 -0.010099 -0.024892
v -0.049619 -0.009980 -0.024894
v -0.049353 -0.009757 -0.024896
v -0.049180 -0.009456 -0.024897
v -0.048660 -0.006614 -0.023778
v -0.048624 -0.006614 -0.023979
v -0.051418 -0.006614 -0.024884
v -0.048621 -0.006614 -0.024025
v -0.048615 -0.006614 -0.024150
v -0.048621 -0.006614 -0.024275
v -0.051490 -0.006614 -0.024740
v -0.051571 -0.006614 -0.024504
v -0.048742 -0.006614 -0.023544
v -0.051610 -0.006614 -0.024258
v -0.051609 -0.006614 -0.024008
v -0.048723 -0.006614 -0.023582
v -0.051483 -0.006614 -0.023527
v -0.051566 -0.006614 -0.023762
v -0.048664 -0.006614 -0.024521
v -0.048747 -0.006614 -0.024756
v -0.048820 -0.006614 -0.024899
v -0.048263 -0.006827 -0.023680
v -0.048278 -0.007007 -0.024902
v -0.048285 -0.006983 -0.024902
v -0.048197 -0.006982 -0.024642
v -0.048265 -0.007114 -0.024902
v -0.048122 -0.007114 -0.024153
v -0.048123 -0.007114 -0.024319
v -0.048141 -0.006982 -0.024318
v -0.048177 -0.007114 -0.024631
v -0.048180 -0.007114 -0.024647
v -0.048121 -0.007114 -0.023986
v -0.048139 -0.006982 -0.023988
v -0.048172 -0.007114 -0.023674
v -0.048191 -0.006982 -0.023662
v -0.048174 -0.007114 -0.023658
v -0.048476 -0.006705 -0.023428
v -0.048619 -0.006632 -0.023490
v -0.048488 -0.006632 -0.024015
v -0.048531 -0.006632 -0.023747
v -0.048490 -0.006632 -0.024286
v -0.048536 -0.006632 -0.024554
v -0.048626 -0.006632 -0.024810
v -0.048497 -0.006706 -0.024901
v -0.048593 -0.006656 -0.024900
v -0.048646 -0.006639 -0.024900
v -0.048671 -0.006634 -0.024900
v -0.048768 -0.006616 -0.024899
v -0.048386 -0.006705 -0.024593
v -0.048423 -0.006766 -0.024901
v -0.048484 -0.006705 -0.024874
v -0.048448 -0.006740 -0.024901
v -0.048488 -0.006711 -0.024901
v -0.048292 -0.006959 -0.024902
v -0.048340 -0.006860 -0.024902
v -0.048268 -0.006827 -0.024624
v -0.048364 -0.006827 -0.024901
v -0.048369 -0.006820 -0.024901
v -0.048213 -0.006827 -0.024311
v -0.048212 -0.006827 -0.023993
v -0.048335 -0.006705 -0.024300
v -0.048333 -0.006705 -0.024003
v -0.048380 -0.006705 -0.023709
v -0.052115 -0.018214 -0.024130
v -0.052060 -0.018214 -0.024609
v -0.050115 -0.018214 -0.024141
v -0.052054 -0.018214 -0.023652
v -0.051242 -0.018214 -0.022489
v -0.051604 -0.018214 -0.022807
v -0.051881 -0.018214 -0.023202
v -0.049863 -0.018214 -0.022157
v -0.050345 -0.018214 -0.022155
v -0.050814 -0.018214 -0.022267
v -0.048610 -0.018214 -0.022824
v -0.048969 -0.018214 -0.022502
v -0.049395 -0.018214 -0.022275
v -0.048115 -0.018214 -0.024153
v -0.048170 -0.018214 -0.023674
v -0.048339 -0.018214 -0.023222
v -0.048626 -0.018214 -0.025476
v -0.048349 -0.018214 -0.025081
v -0.048176 -0.018214 -0.024631
v -0.049885 -0.018214 -0.026128
v -0.049416 -0.018214 -0.026015
v -0.048988 -0.018214 -0.025794
v -0.051261 -0.018214 -0.025781
v -0.050835 -0.018214 -0.026007
v -0.050367 -0.018214 -0.026125
v -0.051891 -0.018214 -0.025061
v -0.051620 -0.018214 -0.025459
v -0.051542 -0.006626 -0.024883
v -0.051568 -0.006633 -0.024883
v -0.051611 -0.006632 -0.024793
v -0.051728 -0.006697 -0.024882
v -0.051741 -0.006706 -0.024882
v -0.051754 -0.006705 -0.024855
v -0.052050 -0.007114 -0.023636
v -0.052033 -0.006982 -0.023640
v -0.052053 -0.007114 -0.023652
v -0.052089 -0.006982 -0.023965
v -0.052107 -0.007114 -0.023964
v -0.052108 -0.007114 -0.024130
v -0.052091 -0.006982 -0.024295
v -0.052109 -0.007114 -0.024296
v -0.051919 -0.006896 -0.024881
v -0.051953 -0.006983 -0.024881
v -0.052039 -0.006982 -0.024620
v -0.051958 -0.006997 -0.024881
v -0.051970 -0.007056 -0.024881
v -0.052058 -0.007114 -0.024609
v -0.052056 -0.007114 -0.024625
v -0.051973 -0.007114 -0.024881
v -0.051816 -0.006764 -0.024882
v -0.051874 -0.006827 -0.024881
v -0.051967 -0.006827 -0.024603
v -0.051879 -0.006832 -0.024881
v -0.051622 -0.006648 -0.024883
v -0.051699 -0.006632 -0.024536
v -0.051742 -0.006632 -0.024268
v -0.051740 -0.006632 -0.023996
v -0.051694 -0.006632 -0.023729
v -0.051604 -0.006632 -0.023473
v -0.051844 -0.006705 -0.023690
v -0.051746 -0.006705 -0.023409
v -0.051962 -0.006827 -0.023659
v -0.052017 -0.006827 -0.023972
v -0.052018 -0.006827 -0.024289
v -0.051895 -0.006705 -0.023983
v -0.051897 -0.006705 -0.024280
v -0.051850 -0.006705 -0.024573
v -0.051803 -0.006751 -0.024882
v -0.048626 -0.012114 -0.025476
v -0.051891 -0.012114 -0.025061
v -0.048349 -0.012114 -0.025081
v -0.051973 -0.012114 -0.024881
v -0.048265 -0.012114 -0.024902
v -0.051261 -0.012114 -0.025781
v -0.049416 -0.012114 -0.026015
v -0.050835 -0.012114 -0.026007
v -0.049885 -0.012114 -0.026128
v -0.050367 -0.012114 -0.026125
v -0.048988 -0.012114 -0.025794
v -0.051620 -0.012114 -0.025459
v -0.042320 -0.037614 0.001214
v -0.042325 -0.040867 0.000413
v -0.042360 -0.037614 -0.005785
v -0.042355 -0.030665 -0.004942
v -0.042337 -0.031853 -0.001809
v -0.042325 -0.034361 0.000413
v -0.042399 -0.035939 -0.012582
v -0.042390 -0.032973 -0.011025
v -0.042374 -0.031069 -0.008268
v -0.042374 -0.044160 -0.008268
v -0.042390 -0.042256 -0.011025
v -0.042399 -0.039290 -0.012582
v -0.042337 -0.043375 -0.001809
v -0.042355 -0.044563 -0.004942
v -0.042326 -0.022882 0.000214
v -0.042321 -0.023614 0.000947
v -0.042331 -0.024614 -0.000786
v -0.042320 -0.024614 0.001214
v -0.042321 -0.025614 0.000947
v -0.042341 -0.023614 -0.002518
v -0.042337 -0.022882 -0.001785
v -0.042331 -0.022614 -0.000786
v -0.042337 -0.026346 -0.001785
v -0.042341 -0.025614 -0.002518
v -0.042343 -0.024614 -0.002785
v -0.042326 -0.026346 0.000214
v -0.042331 -0.026614 -0.000786
v -0.042856 -0.061321 -0.005075
v -0.041356 -0.061321 -0.005084
v -0.042855 -0.061257 -0.004963
v -0.041355 -0.061257 -0.004972
v -0.042855 -0.061257 -0.004834
v -0.041355 -0.061257 -0.004843
v -0.042854 -0.061321 -0.004722
v -0.041354 -0.061321 -0.004731
v -0.042854 -0.061434 -0.004657
v -0.041354 -0.061434 -0.004666
v -0.042854 -0.061563 -0.004657
v -0.041354 -0.061563 -0.004666
v -0.042854 -0.061675 -0.004722
v -0.041354 -0.061675 -0.004731
v -0.042865 -0.061262 -0.006584
v -0.042864 -0.061321 -0.006490
v -0.042865 -0.061250 -0.006694
v -0.042866 -0.061675 -0.006843
v -0.042862 -0.062063 -0.006171
v -0.042861 -0.061580 -0.006041
v -0.042858 -0.062063 -0.005394
v -0.042858 -0.061580 -0.005524
v -0.042866 -0.061365 -0.006878
v -0.042866 -0.061287 -0.006799
v -0.042866 -0.061470 -0.006915
v -0.042866 -0.061581 -0.006902
v -0.041366 -0.061675 -0.006852
v -0.041366 -0.061581 -0.006911
v -0.041366 -0.061470 -0.006923
v -0.041366 -0.061365 -0.006887
v -0.041366 -0.061287 -0.006808
v -0.041365 -0.061250 -0.006703
v -0.041365 -0.061262 -0.006592
v -0.041364 -0.061321 -0.006498
v -0.042866 0.061446 -0.006843
v -0.042862 0.061835 -0.006171
v -0.042861 0.061352 -0.006041
v -0.042858 0.061352 -0.005524
v -0.042858 0.061835 -0.005394
v -0.042856 0.061093 -0.005075
v -0.042854 0.061446 -0.004722
v -0.042855 0.061028 -0.004963
v -0.042864 0.061093 -0.006490
v -0.042865 0.061034 -0.006584
v -0.042865 0.061021 -0.006694
v -0.042854 0.061334 -0.004657
v -0.042854 0.061205 -0.004657
v -0.042866 0.061242 -0.006915
v -0.042866 0.061352 -0.006902
v -0.042866 0.061136 -0.006878
v -0.042866 0.061058 -0.006799
v -0.042855 0.061028 -0.004834
v -0.042854 0.061093 -0.004722
v -0.041364 0.061093 -0.006498
v -0.041365 0.061034 -0.006592
v -0.041365 0.061021 -0.006703
v -0.041366 0.061058 -0.006808
v -0.041366 0.061136 -0.006887
v -0.041366 0.061242 -0.006923
v -0.041366 0.061352 -0.006911
v -0.041366 0.061446 -0.006852
v -0.041354 0.061446 -0.004731
v -0.041354 0.061334 -0.004666
v -0.041354 0.061205 -0.004666
v -0.041354 0.061093 -0.004731
v -0.041355 0.061028 -0.004843
v -0.041355 0.061028 -0.004972
v -0.041356 0.061093 -0.005084
v -0.042320 0.037386 0.001214
v -0.042325 0.034133 0.000413
v -0.042360 0.037386 -0.005785
v -0.042355 0.044335 -0.004942
v -0.042337 0.043147 -0.001809
v -0.042325 0.040639 0.000413
v -0.042399 0.039061 -0.012582
v -0.042390 0.042027 -0.011025
v -0.042374 0.043931 -0.008268
v -0.042374 0.030840 -0.008268
v -0.042390 0.032744 -0.011025
v -0.042399 0.035710 -0.012582
v -0.042337 0.031625 -0.001809
v -0.042355 0.030437 -0.004942
v -0.042320 0.012386 0.001214
v -0.042325 0.009133 0.000413
v -0.042360 0.012386 -0.005785
v -0.042355 0.019335 -0.004942
v -0.042337 0.018146 -0.001809
v -0.042325 0.015639 0.000413
v -0.042399 0.014061 -0.012582
v -0.042390 0.017027 -0.011025
v -0.042374 0.018931 -0.008268
v -0.042374 0.005840 -0.008268
v -0.042390 0.007744 -0.011025
v -0.042399 0.010710 -0.012582
v -0.042337 0.006625 -0.001809
v -0.042355 0.005437 -0.004942
v -0.042383 -0.022882 -0.009785
v -0.042379 -0.023614 -0.009053
v -0.042389 -0.024614 -0.010785
v -0.042377 -0.024614 -0.008785
v -0.042379 -0.025614 -0.009053
v -0.042398 -0.023614 -0.012517
v -0.042394 -0.022882 -0.011785
v -0.042389 -0.022614 -0.010785
v -0.042394 -0.026346 -0.011785
v -0.042398 -0.025614 -0.012517
v -0.042400 -0.024614 -0.012785
v -0.042383 -0.026346 -0.009785
v -0.042389 -0.026614 -0.010785
v -0.096365 -0.003578 -0.006477
v -0.096356 -0.002114 -0.005013
v -0.096376 -0.000114 -0.008477
v -0.096353 -0.000114 -0.004477
v -0.096356 0.001886 -0.005013
v -0.096396 -0.002114 -0.011941
v -0.096388 -0.003578 -0.010477
v -0.096376 -0.004114 -0.008477
v -0.096388 0.003350 -0.010477
v -0.096396 0.001886 -0.011941
v -0.096399 -0.000114 -0.012477
v -0.096365 0.003350 -0.006477
v -0.096376 0.003886 -0.008477
v -0.041355 -0.044563 -0.004947
v -0.041372 -0.044210 -0.007858
v -0.041374 -0.044160 -0.008273
v -0.041390 -0.042256 -0.011031
v -0.041399 -0.039290 -0.012588
v -0.041399 -0.035939 -0.012588
v -0.041390 -0.032973 -0.011031
v -0.041374 -0.031069 -0.008273
v -0.041372 -0.031019 -0.007858
v -0.041355 -0.030665 -0.004947
v -0.041348 -0.031129 -0.003724
v -0.041337 -0.031853 -0.001815
v -0.041325 -0.034361 0.000407
v -0.041320 -0.037614 0.001209
v -0.041325 -0.040867 0.000407
v -0.041337 -0.043375 -0.001815
v -0.041348 -0.044099 -0.003724
v -0.041320 -0.024614 0.001209
v -0.041321 -0.025614 0.000941
v -0.041326 -0.026346 0.000209
v -0.041331 -0.026614 -0.000791
v -0.041337 -0.026346 -0.001791
v -0.041341 -0.025614 -0.002523
v -0.041343 -0.024614 -0.002791
v -0.041341 -0.023614 -0.002523
v -0.041337 -0.022882 -0.001791
v -0.041331 -0.022614 -0.000791
v -0.041326 -0.022882 0.000209
v -0.041321 -0.023614 0.000941
v -0.041361 -0.061580 -0.006050
v -0.041358 -0.061580 -0.005532
v -0.041358 -0.062063 -0.005403
v -0.041362 -0.062063 -0.006179
v -0.041362 0.061835 -0.006179
v -0.041358 0.061835 -0.005403
v -0.041358 0.061352 -0.005532
v -0.041361 0.061352 -0.006050
v -0.041355 0.030437 -0.004947
v -0.041372 0.030790 -0.007858
v -0.041374 0.030840 -0.008273
v -0.041390 0.032744 -0.011031
v -0.041399 0.035710 -0.012588
v -0.041399 0.039061 -0.012588
v -0.041390 0.042027 -0.011031
v -0.041374 0.043931 -0.008273
v -0.041372 0.043981 -0.007858
v -0.041355 0.044335 -0.004947
v -0.041348 0.043871 -0.003724
v -0.041337 0.043147 -0.001815
v -0.041325 0.040639 0.000407
v -0.041320 0.037386 0.001209
v -0.041325 0.034133 0.000407
v -0.041337 0.031625 -0.001815
v -0.041348 0.030901 -0.003724
v -0.041355 0.005437 -0.004947
v -0.041372 0.005790 -0.007858
v -0.041374 0.005840 -0.008273
v -0.041390 0.007744 -0.011031
v -0.041399 0.010710 -0.012588
v -0.041399 0.014061 -0.012588
v -0.041390 0.017027 -0.011031
v -0.041374 0.018931 -0.008273
v -0.041372 0.018981 -0.007858
v -0.041355 0.019335 -0.004947
v -0.041348 0.018871 -0.003724
v -0.041337 0.018146 -0.001815
v -0.041325 0.015639 0.000407
v -0.041320 0.012386 0.001209
v -0.041325 0.009133 0.000407
v -0.041337 0.006625 -0.001815
v -0.041348 0.005901 -0.003724
v -0.041377 -0.024614 -0.008791
v -0.041379 -0.025614 -0.009059
v -0.041383 -0.026346 -0.009791
v -0.041389 -0.026614 -0.010791
v -0.041394 -0.026346 -0.011791
v -0.041398 -0.025614 -0.012523
v -0.041400 -0.024614 -0.012791
v -0.041398 -0.023614 -0.012523
v -0.041394 -0.022882 -0.011791
v -0.041389 -0.022614 -0.010791
v -0.041383 -0.022882 -0.009791
v -0.041379 -0.023614 -0.009059
v -0.076354 -0.000114 -0.004591
v -0.076357 -0.002114 -0.005127
v -0.076365 -0.003578 -0.006591
v -0.076377 -0.004114 -0.008591
v -0.076388 -0.003578 -0.010591
v -0.076396 -0.002114 -0.012055
v -0.076399 -0.000114 -0.012591
v -0.076396 0.001886 -0.012055
v -0.076388 0.003350 -0.010591
v -0.076377 0.003886 -0.008591
v -0.076365 0.003350 -0.006591
v -0.076357 0.001886 -0.005127
v -0.052111 0.004786 -0.023380
v -0.048111 0.004786 -0.023403
v -0.052111 0.000386 -0.023380
v -0.048111 0.000386 -0.023403
v -0.052111 -0.005014 -0.023380
v -0.052111 -0.000614 -0.023380
v -0.048111 -0.005014 -0.023403
v -0.048111 -0.000614 -0.023403
v -0.041302 -0.028614 0.004409
v -0.041348 -0.028614 -0.003724
v -0.041302 -0.052931 0.004409
v -0.041409 -0.052931 -0.014391
v -0.041372 -0.052931 -0.007858
v -0.041348 -0.052931 -0.003724
v -0.041372 -0.028614 -0.007858
v -0.041409 -0.028614 -0.014391
v -0.041307 0.071747 0.003429
v -0.041306 0.071104 0.003663
v -0.041348 0.069736 -0.003724
v -0.041304 0.069952 0.004081
v -0.041303 0.069736 0.004116
v -0.041302 0.068488 0.004320
v -0.041340 0.076954 -0.002257
v -0.041337 0.076755 -0.001846
v -0.041330 0.076092 -0.000478
v -0.041324 0.075378 0.000472
v -0.041321 0.074905 0.001100
v -0.041313 0.073438 0.002419
v -0.041352 0.077480 -0.004440
v -0.041351 0.077471 -0.004264
v -0.041348 0.077332 -0.003724
v -0.041362 0.077577 -0.006209
v -0.041372 0.069736 -0.007858
v -0.041368 0.077453 -0.007137
v -0.041383 0.076775 -0.009748
v -0.041373 0.077329 -0.008064
v -0.041372 0.077357 -0.007858
v -0.041409 0.072847 -0.014391
v -0.041409 0.072965 -0.014330
v -0.041407 0.073454 -0.013938
v -0.041402 0.074503 -0.013097
v -0.041396 0.075384 -0.012055
v -0.041393 0.075775 -0.011592
v -0.041383 0.076734 -0.009872
v -0.041409 0.069736 -0.014391
v -0.041414 0.071117 -0.015282
v -0.041414 0.071140 -0.015275
v -0.041418 0.068488 -0.015884
v -0.041417 0.069354 -0.015799
v -0.041417 0.069736 -0.015687
v -0.041413 -0.071976 -0.015012
v -0.041414 -0.071332 -0.015245
v -0.041416 -0.070181 -0.015663
v -0.041418 -0.068717 -0.015902
v -0.041418 -0.068328 -0.015966
v -0.041380 -0.077183 -0.009325
v -0.041383 -0.076983 -0.009736
v -0.041390 -0.076321 -0.011104
v -0.041396 -0.075607 -0.012054
v -0.041399 -0.075134 -0.012683
v -0.041407 -0.073706 -0.013966
v -0.041407 -0.073667 -0.014001
v -0.041409 -0.073015 -0.014391
v -0.041348 -0.077585 -0.003724
v -0.041358 -0.077806 -0.005374
v -0.041368 -0.077709 -0.007142
v -0.041352 -0.077682 -0.004445
v -0.041372 -0.077560 -0.007858
v -0.041369 -0.077699 -0.007319
v -0.041302 -0.067614 0.004409
v -0.041302 -0.068717 0.004301
v -0.041303 -0.069583 0.004217
v -0.041306 -0.071369 0.003692
v -0.041311 -0.073194 0.002747
v -0.041313 -0.073683 0.002355
v -0.041337 -0.077003 -0.001835
v -0.041324 -0.075613 0.000473
v -0.041337 -0.076963 -0.001710
v -0.041327 -0.076004 0.000010
v -0.041318 -0.074732 0.001515
v -0.041347 -0.077558 -0.003518
v -0.041302 0.068099 0.004384
v -0.041302 0.067386 0.004409
v -0.041348 0.052703 -0.003724
v -0.041302 0.052703 0.004409
v -0.041302 0.024886 0.004409
v -0.041409 0.052703 -0.014391
v -0.041409 0.024886 -0.014391
v -0.041372 0.024886 -0.007858
v -0.041348 0.024886 -0.003724
v -0.041372 0.052703 -0.007858
v -0.041302 -0.008614 0.004409
v -0.041348 -0.008614 -0.003724
v -0.041409 -0.008614 -0.014391
v -0.041372 -0.008614 -0.007858
v -0.041418 -0.067614 -0.015991
v -0.041418 -0.052931 -0.015991
v -0.041418 -0.028614 -0.015991
v -0.041418 -0.008614 -0.015991
v -0.041418 0.024886 -0.015991
v -0.041418 0.052703 -0.015991
v -0.041418 0.067386 -0.015991
v -0.076418 0.067386 -0.015791
v -0.076418 -0.067614 -0.015791
v -0.076301 -0.067614 0.004609
v -0.076301 0.067386 0.004609
v -0.076380 0.076954 -0.009125
v -0.076307 -0.071976 0.003629
v -0.076305 -0.071332 0.003863
v -0.076372 -0.077558 -0.007864
v -0.076329 -0.076321 -0.000278
v -0.076324 -0.075607 0.000672
v -0.076417 -0.068717 -0.015684
v -0.076382 -0.077003 -0.009548
v -0.076382 0.076755 -0.009536
v -0.076390 0.076092 -0.010904
v -0.076395 0.075378 -0.011854
v -0.076412 0.071747 -0.014812
v -0.076413 0.071104 -0.015045
v -0.076416 0.069952 -0.015463
v -0.076417 0.068488 -0.015702
v -0.076418 0.068099 -0.015766
v -0.076302 0.068488 0.004501
v -0.076302 0.069354 0.004417
v -0.076305 0.071140 0.003893
v -0.076303 -0.070181 0.004281
v -0.076302 -0.068717 0.004520
v -0.076301 -0.068328 0.004584
v -0.076367 0.077480 -0.006942
v -0.076313 0.073454 0.002555
v -0.076357 0.077577 -0.005174
v -0.076352 0.077453 -0.004245
v -0.076311 0.072965 0.002947
v -0.076368 0.077471 -0.007119
v -0.076399 0.074905 -0.012483
v -0.076406 0.073438 -0.013801
v -0.076337 0.076775 -0.001634
v -0.076324 0.075384 0.000673
v -0.076336 0.076734 -0.001510
v -0.076326 0.075775 0.000210
v -0.076318 0.074503 0.001715
v -0.076346 0.077329 -0.003318
v -0.076362 -0.077806 -0.006008
v -0.076352 -0.077709 -0.004240
v -0.076337 -0.076983 -0.001646
v -0.076351 -0.077699 -0.004064
v -0.076339 -0.077183 -0.002057
v -0.076320 -0.075134 0.001301
v -0.076312 -0.073667 0.002619
v -0.076408 -0.073194 -0.014130
v -0.076406 -0.073683 -0.013738
v -0.076414 -0.071369 -0.015075
v -0.076417 -0.069583 -0.015599
v -0.076401 -0.074732 -0.012897
v -0.076395 -0.075613 -0.011855
v -0.076367 -0.077682 -0.006937
v -0.076393 -0.076004 -0.011392
v -0.076383 -0.076963 -0.009672
v -0.050742 0.009261 -0.020138
v -0.050467 0.009535 -0.020139
v -0.050092 0.008886 -0.020141
v -0.050092 0.009636 -0.020141
v -0.049717 0.009535 -0.020144
v -0.050467 0.008236 -0.020139
v -0.050742 0.008511 -0.020138
v -0.050842 0.008886 -0.020137
v -0.049443 0.008511 -0.020145
v -0.049717 0.008236 -0.020144
v -0.050092 0.008136 -0.020141
v -0.049443 0.009261 -0.020145
v -0.049342 0.008886 -0.020146
v -0.050742 -0.008739 -0.020138
v -0.050467 -0.008465 -0.020139
v -0.050092 -0.009114 -0.020141
v -0.050092 -0.008364 -0.020141
v -0.049717 -0.008465 -0.020144
v -0.050467 -0.009764 -0.020139
v -0.050742 -0.009489 -0.020138
v -0.050842 -0.009114 -0.020137
v -0.049443 -0.009489 -0.020145
v -0.049717 -0.009764 -0.020144
v -0.050092 -0.009864 -0.020141
v -0.049443 -0.008739 -0.020145
v -0.049342 -0.009114 -0.020146
v -0.052129 0.000386 -0.026630
v -0.052129 0.004786 -0.026630
v -0.048129 0.004786 -0.026653
v -0.048129 0.000386 -0.026653
v -0.048129 -0.005014 -0.026653
v -0.052129 -0.005014 -0.026630
v -0.052129 -0.000614 -0.026630
v -0.048129 -0.000614 -0.026653
v -0.041329 -0.067614 -0.016398
v -0.041341 -0.067614 -0.016381
v -0.041341 -0.068764 -0.016318
v -0.041329 -0.073942 -0.014283
v -0.040959 -0.067614 0.005150
v -0.040947 -0.067614 0.005167
v -0.040947 -0.068804 0.005102
v -0.040598 -0.067614 0.005358
v -0.041221 -0.068764 0.004735
v -0.041220 -0.067614 0.004798
v -0.041208 -0.067614 0.004814
v -0.041225 -0.071489 0.004064
v -0.041232 -0.073942 0.002700
v -0.041244 -0.075950 0.000739
v -0.041257 -0.077373 -0.001680
v -0.041273 -0.078111 -0.004388
v -0.041289 -0.078111 -0.007195
v -0.041304 -0.077373 -0.009903
v -0.041318 -0.075950 -0.012322
v -0.041337 -0.071489 -0.015647
v -0.041072 -0.067614 -0.016753
v -0.041084 -0.067614 -0.016737
v -0.041072 -0.068804 -0.016688
v -0.040726 -0.067614 -0.016948
v -0.040726 -0.068825 -0.016882
v -0.040723 -0.070478 -0.016475
v -0.041068 -0.071624 -0.015993
v -0.041060 -0.074163 -0.014582
v -0.040717 -0.073144 -0.015369
v -0.040721 -0.071695 -0.016175
v -0.041048 -0.076242 -0.012552
v -0.040707 -0.075433 -0.013612
v -0.040713 -0.074279 -0.014738
v -0.041034 -0.077715 -0.010048
v -0.040694 -0.077189 -0.011322
v -0.040701 -0.076394 -0.012673
v -0.041018 -0.078478 -0.007246
v -0.040678 -0.078293 -0.008656
v -0.040687 -0.077893 -0.010125
v -0.041001 -0.078478 -0.004341
v -0.040662 -0.078669 -0.005795
v -0.040671 -0.078669 -0.007273
v -0.040985 -0.077715 -0.001538
v -0.040646 -0.078293 -0.002934
v -0.040654 -0.078669 -0.004317
v -0.040971 -0.076242 0.000966
v -0.040631 -0.077189 -0.000268
v -0.040637 -0.077893 -0.001465
v -0.040959 -0.074163 0.002995
v -0.040617 -0.075433 0.002021
v -0.040623 -0.076394 0.001083
v -0.040951 -0.071624 0.004407
v -0.040607 -0.073144 0.003779
v -0.040611 -0.074279 0.003148
v -0.040599 -0.068825 0.005292
v -0.040601 -0.070478 0.004885
v -0.040603 -0.071695 0.004585
v -0.040598 0.067386 0.005358
v -0.040947 0.067386 0.005167
v -0.040959 0.067386 0.005150
v -0.041208 0.067386 0.004814
v -0.041220 0.067386 0.004798
v -0.041221 0.068535 0.004735
v -0.041084 0.067386 -0.016737
v -0.041072 0.067386 -0.016753
v -0.041072 0.068575 -0.016688
v -0.040726 0.067386 -0.016948
v -0.041329 0.067386 -0.016398
v -0.041341 0.068535 -0.016318
v -0.041341 0.067386 -0.016381
v -0.041337 0.071260 -0.015647
v -0.041329 0.073713 -0.014283
v -0.041318 0.075722 -0.012322
v -0.041304 0.077144 -0.009903
v -0.041289 0.077882 -0.007195
v -0.041273 0.077882 -0.004388
v -0.041257 0.077144 -0.001680
v -0.041244 0.075722 0.000739
v -0.041225 0.071260 0.004064
v -0.041232 0.073713 0.002700
v -0.040947 0.068575 0.005102
v -0.040599 0.068596 0.005292
v -0.040601 0.070249 0.004885
v -0.040951 0.071396 0.004407
v -0.040959 0.073935 0.002995
v -0.040607 0.072915 0.003779
v -0.040603 0.071466 0.004585
v -0.040971 0.076013 0.000966
v -0.040617 0.075204 0.002021
v -0.040611 0.074050 0.003148
v -0.040985 0.077486 -0.001538
v -0.040631 0.076960 -0.000268
v -0.040623 0.076165 0.001083
v -0.041001 0.078249 -0.004341
v -0.040646 0.078064 -0.002934
v -0.040637 0.077664 -0.001465
v -0.041018 0.078249 -0.007246
v -0.040662 0.078440 -0.005795
v -0.040654 0.078440 -0.004317
v -0.041034 0.077486 -0.010048
v -0.040678 0.078064 -0.008656
v -0.040671 0.078440 -0.007273
v -0.041048 0.076013 -0.012552
v -0.040694 0.076960 -0.011322
v -0.040687 0.077664 -0.010125
v -0.041060 0.073935 -0.014582
v -0.040707 0.075204 -0.013612
v -0.040701 0.076165 -0.012673
v -0.041068 0.071396 -0.015993
v -0.040717 0.072915 -0.015369
v -0.040713 0.074050 -0.014738
v -0.040726 0.068596 -0.016882
v -0.040723 0.070249 -0.016475
v -0.040721 0.071466 -0.016175
v -0.077121 0.067386 -0.016740
v -0.077121 -0.067614 -0.016740
v -0.076772 0.067386 -0.016549
v -0.076772 -0.067614 -0.016549
v -0.076760 0.067386 -0.016533
v -0.076760 -0.067614 -0.016533
v -0.076511 0.067386 -0.016197
v -0.076511 -0.067614 -0.016197
v -0.076499 0.067386 -0.016180
v -0.076499 -0.067614 -0.016180
v -0.076390 -0.067614 0.005015
v -0.076378 -0.067614 0.004999
v -0.076378 -0.068764 0.004936
v -0.076772 -0.068804 -0.016484
v -0.076499 -0.068764 -0.016117
v -0.076495 -0.071489 -0.015446
v -0.076487 -0.073942 -0.014082
v -0.076476 -0.075950 -0.012121
v -0.076462 -0.077373 -0.009702
v -0.076446 -0.078111 -0.006994
v -0.076430 -0.078111 -0.004187
v -0.076415 -0.077373 -0.001479
v -0.076401 -0.075950 0.000940
v -0.076390 -0.073942 0.002901
v -0.076382 -0.071489 0.004265
v -0.076647 -0.067614 0.005371
v -0.076635 -0.067614 0.005354
v -0.076647 -0.068804 0.005306
v -0.076993 -0.067614 0.005566
v -0.076994 -0.068825 0.005500
v -0.076996 -0.070478 0.005093
v -0.076651 -0.071624 0.004611
v -0.076659 -0.074163 0.003199
v -0.077002 -0.073144 0.003987
v -0.076998 -0.071695 0.004793
v -0.076671 -0.076242 0.001170
v -0.077013 -0.075433 0.002230
v -0.077006 -0.074279 0.003356
v -0.076685 -0.077715 -0.001334
v -0.077026 -0.077189 -0.000060
v -0.077018 -0.076394 0.001291
v -0.076701 -0.078478 -0.004137
v -0.077041 -0.078293 -0.002726
v -0.077032 -0.077893 -0.001257
v -0.076718 -0.078478 -0.007042
v -0.077057 -0.078669 -0.005587
v -0.077049 -0.078669 -0.004109
v -0.076734 -0.077715 -0.009844
v -0.077074 -0.078293 -0.008448
v -0.077066 -0.078669 -0.007065
v -0.076748 -0.076242 -0.012348
v -0.077089 -0.077189 -0.011114
v -0.077082 -0.077893 -0.009917
v -0.076760 -0.074163 -0.014377
v -0.077102 -0.075433 -0.013404
v -0.077097 -0.076394 -0.012465
v -0.076768 -0.071624 -0.015789
v -0.077112 -0.073144 -0.015161
v -0.077108 -0.074279 -0.014530
v -0.077121 -0.068825 -0.016674
v -0.077118 -0.070478 -0.016267
v -0.077117 -0.071695 -0.015967
v -0.076993 0.067386 0.005566
v -0.076647 0.067386 0.005371
v -0.076635 0.067386 0.005354
v -0.076390 0.067386 0.005015
v -0.076378 0.067386 0.004999
v -0.076499 0.068535 -0.016117
v -0.076647 0.068575 0.005306
v -0.076378 0.068535 0.004936
v -0.076382 0.071260 0.004265
v -0.076390 0.073713 0.002901
v -0.076401 0.075722 0.000940
v -0.076415 0.077144 -0.001479
v -0.076430 0.077882 -0.004187
v -0.076446 0.077882 -0.006994
v -0.076462 0.077144 -0.009702
v -0.076476 0.075722 -0.012121
v -0.076487 0.073713 -0.014082
v -0.076495 0.071260 -0.015446
v -0.076772 0.068575 -0.016484
v -0.077121 0.068596 -0.016674
v -0.077118 0.070249 -0.016267
v -0.076768 0.071396 -0.015789
v -0.076760 0.073935 -0.014377
v -0.077112 0.072915 -0.015161
v -0.077117 0.071466 -0.015967
v -0.076748 0.076013 -0.012348
v -0.077102 0.075204 -0.013404
v -0.077108 0.074050 -0.014530
v -0.076734 0.077486 -0.009844
v -0.077089 0.076960 -0.011114
v -0.077097 0.076165 -0.012465
v -0.076718 0.078249 -0.007042
v -0.077074 0.078064 -0.008448
v -0.077082 0.077664 -0.009917
v -0.076701 0.078249 -0.004137
v -0.077057 0.078440 -0.005587
v -0.077066 0.078440 -0.007065
v -0.076685 0.077486 -0.001334
v -0.077041 0.078064 -0.002726
v -0.077049 0.078440 -0.004109
v -0.076671 0.076013 0.001170
v -0.077026 0.076960 -0.000060
v -0.077032 0.077664 -0.001257
v -0.076659 0.073935 0.003199
v -0.077013 0.075204 0.002230
v -0.077018 0.076165 0.001291
v -0.076651 0.071396 0.004611
v -0.077002 0.072915 0.003987
v -0.077006 0.074050 0.003356
v -0.076994 0.068596 0.005500
v -0.076996 0.070249 0.005093
v -0.076998 0.071466 0.004793
v -0.050111 0.009636 -0.023391
v -0.049736 0.009535 -0.023394
v -0.049461 0.009261 -0.023395
v -0.049361 0.008886 -0.023396
v -0.049461 0.008511 -0.023395
v -0.049736 0.008236 -0.023394
v -0.050111 0.008136 -0.023391
v -0.050486 0.008236 -0.023389
v -0.050760 0.008511 -0.023388
v -0.050861 0.008886 -0.023387
v -0.050760 0.009261 -0.023388
v -0.050486 0.009535 -0.023389
v -0.048111 0.005786 -0.023403
v -0.048129 0.005786 -0.026653
v -0.052111 0.005786 -0.023380
v -0.052129 0.005786 -0.026630
v -0.046446 0.012886 -0.020762
v -0.046451 0.012886 -0.021662
v -0.048096 0.012886 -0.020753
v -0.046466 0.012886 -0.022670
v -0.048129 0.012886 -0.026653
v -0.046787 0.012886 -0.026410
v -0.046878 0.012886 -0.026628
v -0.046909 0.012886 -0.026655
v -0.046687 0.012886 -0.025904
v -0.046929 0.012886 -0.026660
v -0.046451 -0.013114 -0.021662
v -0.046446 -0.013114 -0.020762
v -0.048096 -0.013114 -0.020753
v -0.046909 -0.013114 -0.026655
v -0.046878 -0.013114 -0.026628
v -0.046929 -0.013114 -0.026660
v -0.046787 -0.013114 -0.026410
v -0.048129 -0.013114 -0.026653
v -0.046687 -0.013114 -0.025904
v -0.046466 -0.013114 -0.022670
v -0.050111 -0.008364 -0.023391
v -0.049736 -0.008465 -0.023394
v -0.049461 -0.008739 -0.023395
v -0.049361 -0.009114 -0.023396
v -0.049461 -0.009489 -0.023395
v -0.049736 -0.009764 -0.023394
v -0.050111 -0.009864 -0.023391
v -0.050486 -0.009764 -0.023389
v -0.050760 -0.009489 -0.023388
v -0.050861 -0.009114 -0.023387
v -0.050760 -0.008739 -0.023388
v -0.050486 -0.008465 -0.023389
v -0.052111 -0.006014 -0.023380
v -0.052129 -0.006014 -0.026630
v -0.048111 -0.006014 -0.023403
v -0.048129 -0.006014 -0.026653
v -0.053746 -0.013114 -0.020721
v -0.053751 -0.013114 -0.021621
v -0.052096 -0.013114 -0.020730
v -0.053747 -0.013114 -0.022629
v -0.052129 -0.013114 -0.026630
v -0.053469 -0.013114 -0.026371
v -0.053380 -0.013114 -0.026591
v -0.053350 -0.013114 -0.026618
v -0.053563 -0.013114 -0.025865
v -0.053329 -0.013114 -0.026623
v -0.053751 0.012886 -0.021621
v -0.053746 0.012886 -0.020721
v -0.052096 0.012886 -0.020730
v -0.053350 0.012886 -0.026618
v -0.053380 0.012886 -0.026591
v -0.053329 0.012886 -0.026623
v -0.053469 0.012886 -0.026371
v -0.052129 0.012886 -0.026630
v -0.053563 0.012886 -0.025865
v -0.053747 0.012886 -0.022629
v -0.040388 -0.073261 0.003983
v -0.040382 -0.070537 0.005111
v -0.040412 -0.077394 -0.000150
v -0.040398 -0.075599 0.002189
v -0.040444 -0.078907 -0.005796
v -0.040427 -0.078522 -0.002874
v -0.040461 -0.078522 -0.008719
v -0.040476 -0.077394 -0.011443
v -0.040490 -0.075599 -0.013781
v -0.040500 -0.073261 -0.015576
v -0.040506 -0.070537 -0.016704
v -0.040509 -0.067614 -0.017089
v -0.040452 -0.067614 0.005450
v -0.040380 -0.067614 0.005496
v -0.040340 -0.067614 0.005572
v -0.040267 -0.072969 0.004405
v -0.040261 -0.070588 0.005309
v -0.040261 -0.070372 0.005390
v -0.040259 -0.067614 0.005725
v -0.040268 -0.073349 0.004143
v -0.040276 -0.075255 0.002827
v -0.040279 -0.075715 0.002309
v -0.040287 -0.077097 0.000748
v -0.040292 -0.077527 -0.000071
v -0.040302 -0.078388 -0.001711
v -0.040308 -0.078665 -0.002834
v -0.040317 -0.079053 -0.004408
v -0.040325 -0.079053 -0.005797
v -0.040333 -0.079053 -0.007186
v -0.040358 -0.077527 -0.011523
v -0.040348 -0.078388 -0.009883
v -0.040342 -0.078665 -0.008760
v -0.040362 -0.077097 -0.012342
v -0.040382 -0.073349 -0.015737
v -0.040374 -0.075255 -0.014422
v -0.040371 -0.075715 -0.013903
v -0.040383 -0.072969 -0.015999
v -0.040391 -0.067614 -0.017319
v -0.040389 -0.070372 -0.016984
v -0.040388 -0.070588 -0.016903
v -0.040259 0.067386 0.005725
v -0.040340 0.067386 0.005572
v -0.040380 0.067386 0.005496
v -0.040452 0.067386 0.005450
v -0.040500 0.073032 -0.015576
v -0.040506 0.070308 -0.016704
v -0.040476 0.077165 -0.011443
v -0.040490 0.075371 -0.013781
v -0.040461 0.078293 -0.008719
v -0.040444 0.078678 -0.005796
v -0.040427 0.078293 -0.002874
v -0.040412 0.077165 -0.000150
v -0.040398 0.075371 0.002189
v -0.040388 0.073032 0.003983
v -0.040382 0.070308 0.005111
v -0.040391 0.067386 -0.017319
v -0.040509 0.067386 -0.017089
v -0.040389 0.070143 -0.016984
v -0.040388 0.070359 -0.016903
v -0.040383 0.072740 -0.015999
v -0.040382 0.073120 -0.015737
v -0.040374 0.075026 -0.014422
v -0.040371 0.075486 -0.013903
v -0.040362 0.076868 -0.012342
v -0.040358 0.077298 -0.011523
v -0.040348 0.078159 -0.009883
v -0.040342 0.078436 -0.008760
v -0.040333 0.078824 -0.007186
v -0.040308 0.078436 -0.002834
v -0.040317 0.078824 -0.004408
v -0.040325 0.078824 -0.005797
v -0.040302 0.078159 -0.001711
v -0.040279 0.075486 0.002309
v -0.040287 0.076868 0.000748
v -0.040292 0.077298 -0.000071
v -0.040276 0.075026 0.002827
v -0.040268 0.073120 0.004143
v -0.040267 0.072740 0.004405
v -0.040261 0.070359 0.005309
v -0.040261 0.070143 0.005390
v -0.077275 0.067386 -0.016820
v -0.077275 -0.067614 -0.016820
v -0.077393 0.067386 -0.016947
v -0.077393 -0.067614 -0.016947
v -0.077460 0.067386 -0.017107
v -0.077460 -0.067614 -0.017107
v -0.077257 -0.075558 -0.013529
v -0.077243 -0.077343 -0.011203
v -0.077228 -0.078465 -0.008494
v -0.077345 -0.078589 -0.008526
v -0.077328 -0.078976 -0.005586
v -0.077211 -0.078848 -0.005586
v -0.077296 -0.077454 0.000095
v -0.077282 -0.075648 0.002448
v -0.077166 -0.075558 0.002357
v -0.077432 -0.077097 -0.012131
v -0.077427 -0.077527 -0.011312
v -0.077361 -0.077454 -0.011266
v -0.077386 -0.079053 -0.004196
v -0.077377 -0.078665 -0.002623
v -0.077311 -0.078589 -0.002645
v -0.077336 -0.072969 0.004617
v -0.077331 -0.070588 0.005520
v -0.077265 -0.070555 0.005389
v -0.077330 -0.070372 0.005602
v -0.077345 -0.075255 0.003039
v -0.077338 -0.073349 0.004355
v -0.077272 -0.073295 0.004254
v -0.077371 -0.078388 -0.001499
v -0.077362 -0.077527 0.000141
v -0.077357 -0.077097 0.000960
v -0.077348 -0.075715 0.002521
v -0.077418 -0.078388 -0.009671
v -0.077411 -0.078665 -0.008548
v -0.077402 -0.079053 -0.006974
v -0.077394 -0.079053 -0.005585
v -0.077441 -0.075715 -0.013691
v -0.077451 -0.073349 -0.015525
v -0.077444 -0.075255 -0.014210
v -0.077374 -0.075648 -0.013619
v -0.077458 -0.070588 -0.016691
v -0.077453 -0.072969 -0.015788
v -0.077384 -0.073295 -0.015425
v -0.077458 -0.070372 -0.016773
v -0.077391 -0.070555 -0.016560
v -0.077149 -0.070522 0.005265
v -0.077155 -0.073231 0.004142
v -0.077179 -0.077343 0.000031
v -0.077194 -0.078465 -0.002679
v -0.077267 -0.073231 -0.015315
v -0.077273 -0.070522 -0.016437
v -0.077147 -0.067614 0.005647
v -0.077205 -0.067614 0.005712
v -0.077263 -0.067614 0.005776
v -0.077329 -0.067614 0.005937
v -0.077147 0.067386 0.005647
v -0.077205 0.067386 0.005712
v -0.077263 0.067386 0.005776
v -0.077329 0.067386 0.005937
v -0.077166 0.075329 0.002357
v -0.077179 0.077114 0.000031
v -0.077194 0.078237 -0.002679
v -0.077311 0.078360 -0.002645
v -0.077328 0.078747 -0.005586
v -0.077211 0.078619 -0.005586
v -0.077361 0.077225 -0.011266
v -0.077374 0.075420 -0.013619
v -0.077257 0.075329 -0.013529
v -0.077357 0.076868 0.000960
v -0.077362 0.077298 0.000141
v -0.077296 0.077225 0.000095
v -0.077402 0.078824 -0.006974
v -0.077411 0.078436 -0.008548
v -0.077345 0.078360 -0.008526
v -0.077444 0.075026 -0.014210
v -0.077451 0.073120 -0.015525
v -0.077384 0.073067 -0.015425
v -0.077453 0.072740 -0.015788
v -0.077458 0.070359 -0.016691
v -0.077391 0.070326 -0.016560
v -0.077458 0.070143 -0.016773
v -0.077418 0.078159 -0.009671
v -0.077427 0.077298 -0.011312
v -0.077432 0.076868 -0.012131
v -0.077441 0.075486 -0.013691
v -0.077371 0.078159 -0.001499
v -0.077377 0.078436 -0.002623
v -0.077386 0.078824 -0.004196
v -0.077394 0.078824 -0.005585
v -0.077348 0.075486 0.002521
v -0.077338 0.073120 0.004355
v -0.077345 0.075026 0.003039
v -0.077282 0.075420 0.002448
v -0.077331 0.070359 0.005520
v -0.077336 0.072740 0.004617
v -0.077272 0.073067 0.004254
v -0.077265 0.070326 0.005389
v -0.077330 0.070143 0.005602
v -0.077273 0.070293 -0.016437
v -0.077267 0.073002 -0.015315
v -0.077243 0.077114 -0.011203
v -0.077228 0.078237 -0.008494
v -0.077155 0.073002 0.004142
v -0.077149 0.070293 0.005265
v -0.052096 0.011886 -0.020730
v -0.052111 0.011886 -0.023380
v -0.048111 0.011886 -0.023403
v -0.048096 0.011886 -0.020753
v -0.048096 -0.012114 -0.020753
v -0.048111 -0.012114 -0.023403
v -0.052111 -0.012114 -0.023380
v -0.052096 -0.012114 -0.020730
v -0.040060 -0.075590 0.003204
v -0.040072 -0.077512 0.001034
v -0.040172 -0.073204 -0.016447
v -0.040045 -0.070493 0.005879
v -0.040043 -0.067614 0.006228
v -0.039660 -0.067614 0.006620
v -0.040136 -0.078860 -0.010063
v -0.039757 -0.079228 -0.010205
v -0.039772 -0.077837 -0.012856
v -0.039303 -0.071762 -0.017663
v -0.039305 -0.070642 -0.018088
v -0.039800 -0.070587 -0.017860
v -0.039307 -0.068738 -0.018319
v -0.039307 -0.067614 -0.018455
v -0.039802 -0.067614 -0.018221
v -0.039299 -0.073494 -0.017006
v -0.039289 -0.076004 -0.015274
v -0.039295 -0.074534 -0.016289
v -0.039794 -0.073387 -0.016798
v -0.039276 -0.078027 -0.012991
v -0.039283 -0.076885 -0.014279
v -0.039784 -0.075851 -0.015098
v -0.039244 -0.080175 -0.007328
v -0.039253 -0.079794 -0.008873
v -0.039261 -0.079445 -0.010290
v -0.039269 -0.078675 -0.011756
v -0.039217 -0.079794 -0.002734
v -0.039226 -0.080175 -0.004278
v -0.039723 -0.079945 -0.004303
v -0.039235 -0.080175 -0.005803
v -0.039740 -0.079945 -0.007298
v -0.039201 -0.078675 0.000150
v -0.039209 -0.079445 -0.001317
v -0.039706 -0.079228 -0.001396
v -0.039187 -0.076885 0.002673
v -0.039194 -0.078027 0.001384
v -0.039691 -0.077837 0.001255
v -0.039668 -0.073387 0.005198
v -0.039175 -0.074534 0.004682
v -0.039678 -0.075851 0.003497
v -0.039181 -0.076004 0.003667
v -0.039163 -0.068738 0.006712
v -0.039165 -0.070642 0.006481
v -0.039662 -0.070587 0.006259
v -0.039167 -0.071762 0.006057
v -0.039171 -0.073494 0.005400
v -0.040163 -0.075590 -0.014800
v -0.040151 -0.077512 -0.012630
v -0.040087 -0.078860 -0.001534
v -0.040103 -0.079553 -0.004349
v -0.040120 -0.079553 -0.007248
v -0.040051 -0.073204 0.004851
v -0.039163 -0.067614 0.006849
v -0.040180 -0.067614 -0.017825
v -0.040178 -0.070493 -0.017475
v -0.039163 0.067386 0.006849
v -0.039660 0.067386 0.006620
v -0.040043 0.067386 0.006228
v -0.040163 0.075361 -0.014800
v -0.040151 0.077283 -0.012630
v -0.040051 0.072975 0.004851
v -0.040178 0.070264 -0.017475
v -0.040180 0.067386 -0.017825
v -0.039802 0.067386 -0.018221
v -0.040087 0.078631 -0.001534
v -0.039706 0.078999 -0.001396
v -0.039691 0.077608 0.001255
v -0.039167 0.071533 0.006057
v -0.039165 0.070414 0.006481
v -0.039662 0.070358 0.006259
v -0.039163 0.068509 0.006712
v -0.039171 0.073265 0.005400
v -0.039181 0.075776 0.003667
v -0.039175 0.074305 0.004682
v -0.039668 0.073158 0.005198
v -0.039194 0.077798 0.001384
v -0.039187 0.076657 0.002673
v -0.039678 0.075622 0.003497
v -0.039226 0.079946 -0.004278
v -0.039217 0.079565 -0.002734
v -0.039209 0.079216 -0.001317
v -0.039201 0.078446 0.000150
v -0.039253 0.079565 -0.008873
v -0.039244 0.079946 -0.007328
v -0.039740 0.079716 -0.007298
v -0.039235 0.079946 -0.005803
v -0.039723 0.079716 -0.004303
v -0.039269 0.078446 -0.011756
v -0.039261 0.079216 -0.010290
v -0.039757 0.078999 -0.010205
v -0.039283 0.076657 -0.014279
v -0.039276 0.077798 -0.012991
v -0.039772 0.077608 -0.012856
v -0.039794 0.073158 -0.016798
v -0.039295 0.074305 -0.016289
v -0.039784 0.075622 -0.015098
v -0.039289 0.075776 -0.015274
v -0.039307 0.068509 -0.018319
v -0.039305 0.070414 -0.018088
v -0.039800 0.070358 -0.017860
v -0.039303 0.071533 -0.017663
v -0.039299 0.073265 -0.017006
v -0.040060 0.075361 0.003204
v -0.040072 0.077283 0.001034
v -0.040136 0.078631 -0.010063
v -0.040120 0.079325 -0.007248
v -0.040103 0.079325 -0.004349
v -0.040172 0.072975 -0.016447
v -0.039307 0.067386 -0.018455
v -0.040045 0.070264 0.005879
v -0.078557 0.067386 -0.018231
v -0.078557 -0.067614 -0.018231
v -0.078059 0.067386 -0.018002
v -0.078059 -0.067614 -0.018002
v -0.077677 0.067386 -0.017611
v -0.077677 -0.067614 -0.017611
v -0.077659 -0.075590 -0.014586
v -0.077647 -0.077512 -0.012416
v -0.077632 -0.078860 -0.009849
v -0.077675 -0.070493 -0.017261
v -0.077569 -0.077512 0.001248
v -0.077948 -0.077837 0.001474
v -0.077935 -0.075851 0.003715
v -0.078502 -0.079794 -0.008648
v -0.078493 -0.080175 -0.007104
v -0.077997 -0.079945 -0.007079
v -0.078484 -0.080175 -0.005579
v -0.078476 -0.080175 -0.004054
v -0.077979 -0.079945 -0.004085
v -0.078417 -0.071762 0.006281
v -0.078414 -0.070642 0.006706
v -0.077919 -0.070587 0.006478
v -0.078413 -0.068738 0.006937
v -0.078412 -0.067614 0.007073
v -0.077917 -0.067614 0.006839
v -0.078420 -0.073494 0.005624
v -0.078430 -0.076004 0.003891
v -0.078424 -0.074534 0.004907
v -0.077925 -0.073387 0.005416
v -0.078459 -0.079445 -0.001092
v -0.078450 -0.078675 0.000374
v -0.078443 -0.078027 0.001608
v -0.078436 -0.076885 0.002897
v -0.078467 -0.079794 -0.002510
v -0.077963 -0.079228 -0.001177
v -0.078518 -0.078675 -0.011532
v -0.078510 -0.079445 -0.010065
v -0.078013 -0.079228 -0.009986
v -0.078533 -0.076885 -0.014055
v -0.078525 -0.078027 -0.012766
v -0.078028 -0.077837 -0.012638
v -0.078051 -0.073387 -0.016580
v -0.078544 -0.074534 -0.016064
v -0.078041 -0.075851 -0.014879
v -0.078538 -0.076004 -0.015049
v -0.078556 -0.068738 -0.018095
v -0.078555 -0.070642 -0.017863
v -0.078057 -0.070587 -0.017642
v -0.078552 -0.071762 -0.017439
v -0.078548 -0.073494 -0.016782
v -0.077547 -0.073204 0.005065
v -0.077556 -0.075590 0.003418
v -0.077583 -0.078860 -0.001319
v -0.077600 -0.079553 -0.004134
v -0.077616 -0.079553 -0.007034
v -0.077669 -0.073204 -0.016233
v -0.077539 -0.067614 0.006443
v -0.077541 -0.070493 0.006093
v -0.078412 0.067386 0.007073
v -0.077917 0.067386 0.006839
v -0.077539 0.067386 0.006443
v -0.077556 0.075361 0.003418
v -0.077569 0.077283 0.001248
v -0.077583 0.078631 -0.001319
v -0.077541 0.070264 0.006093
v -0.077647 0.077283 -0.012416
v -0.078028 0.077608 -0.012638
v -0.078041 0.075622 -0.014879
v -0.078467 0.079565 -0.002510
v -0.078476 0.079946 -0.004054
v -0.077979 0.079716 -0.004085
v -0.078484 0.079946 -0.005579
v -0.078493 0.079946 -0.007104
v -0.077997 0.079716 -0.007079
v -0.078552 0.071533 -0.017439
v -0.078555 0.070414 -0.017863
v -0.078057 0.070358 -0.017642
v -0.078556 0.068509 -0.018095
v -0.078548 0.073265 -0.016782
v -0.078538 0.075776 -0.015049
v -0.078544 0.074305 -0.016064
v -0.078051 0.073158 -0.016580
v -0.078510 0.079216 -0.010065
v -0.078518 0.078446 -0.011532
v -0.078525 0.077798 -0.012766
v -0.078533 0.076657 -0.014055
v -0.078502 0.079565 -0.008648
v -0.078013 0.078999 -0.009986
v -0.078450 0.078446 0.000374
v -0.078459 0.079216 -0.001092
v -0.077963 0.078999 -0.001177
v -0.078436 0.076657 0.002897
v -0.078443 0.077798 0.001608
v -0.077948 0.077608 0.001474
v -0.077925 0.073158 0.005416
v -0.078424 0.074305 0.004907
v -0.077935 0.075622 0.003715
v -0.078430 0.075776 0.003891
v -0.078413 0.068509 0.006937
v -0.078414 0.070414 0.006706
v -0.077919 0.070358 0.006478
v -0.078417 0.071533 0.006281
v -0.078420 0.073265 0.005624
v -0.077669 0.072975 -0.016233
v -0.077659 0.075361 -0.014586
v -0.077632 0.078631 -0.009849
v -0.077616 0.079325 -0.007034
v -0.077600 0.079325 -0.004134
v -0.077547 0.072975 0.005065
v -0.077675 0.070264 -0.017261
v -0.039116 -0.067614 -0.018557
v -0.039122 -0.067614 -0.018549
v -0.039122 -0.068757 -0.018497
v -0.038977 -0.067614 0.006940
v -0.038977 -0.068757 0.006889
v -0.038981 -0.071824 0.006225
v -0.038989 -0.074635 0.004832
v -0.039000 -0.077021 0.002794
v -0.039015 -0.078837 0.000235
v -0.039032 -0.079973 -0.002690
v -0.039049 -0.080359 -0.005804
v -0.039067 -0.079973 -0.008918
v -0.039084 -0.078837 -0.011844
v -0.039099 -0.077021 -0.014403
v -0.039110 -0.074635 -0.016440
v -0.039118 -0.071824 -0.017834
v -0.038977 -0.068774 -0.018687
v -0.038977 -0.067614 -0.018739
v -0.038983 -0.067614 -0.018730
v -0.038935 -0.067614 -0.018942
v -0.038935 -0.068788 -0.018841
v -0.038934 -0.069844 -0.018751
v -0.038973 -0.071886 -0.018013
v -0.038920 -0.075590 -0.016244
v -0.038922 -0.074826 -0.016728
v -0.038965 -0.074740 -0.016599
v -0.038927 -0.073657 -0.017470
v -0.038931 -0.071897 -0.018224
v -0.038911 -0.077246 -0.014738
v -0.038953 -0.077161 -0.014531
v -0.038901 -0.078610 -0.012994
v -0.038938 -0.079004 -0.011934
v -0.038895 -0.079142 -0.012009
v -0.038890 -0.079652 -0.011066
v -0.038921 -0.080156 -0.008965
v -0.038878 -0.080353 -0.009015
v -0.038866 -0.080705 -0.006901
v -0.038903 -0.080548 -0.005805
v -0.038860 -0.080705 -0.005805
v -0.038868 -0.079004 0.000324
v -0.038825 -0.079146 0.000398
v -0.038828 -0.079514 -0.000241
v -0.038885 -0.080156 -0.002645
v -0.038841 -0.080315 -0.002448
v -0.038842 -0.080341 -0.002598
v -0.038854 -0.080705 -0.004711
v -0.038817 -0.078392 0.001705
v -0.038853 -0.077161 0.002921
v -0.038809 -0.077283 0.003034
v -0.038841 -0.074740 0.004989
v -0.038797 -0.074836 0.005131
v -0.038799 -0.075226 0.004901
v -0.038807 -0.076932 0.003454
v -0.038792 -0.073299 0.006037
v -0.038833 -0.071886 0.006403
v -0.038789 -0.071939 0.006556
v -0.038829 -0.068774 0.007076
v -0.038785 -0.068791 0.007262
v -0.038785 -0.069157 0.007240
v -0.038788 -0.071265 0.006814
v -0.038785 -0.067614 0.007331
v -0.038829 -0.067614 0.007128
v -0.038836 -0.067614 0.007120
v -0.038970 -0.067614 0.006948
v -0.038785 0.067386 0.007331
v -0.038829 0.067386 0.007128
v -0.038836 0.067386 0.007120
v -0.038977 0.067386 0.006940
v -0.038970 0.067386 0.006948
v -0.038829 0.068545 0.007076
v -0.038833 0.071657 0.006403
v -0.038786 0.069615 0.007140
v -0.038785 0.068559 0.007231
v -0.038800 0.075361 0.004633
v -0.038798 0.074597 0.005118
v -0.038841 0.074511 0.004989
v -0.038793 0.073428 0.005859
v -0.038789 0.071669 0.006613
v -0.038809 0.077017 0.003127
v -0.038853 0.076932 0.002921
v -0.038819 0.078381 0.001383
v -0.038868 0.078775 0.000324
v -0.038825 0.078913 0.000398
v -0.038830 0.079423 -0.000545
v -0.038885 0.079927 -0.002645
v -0.038842 0.080124 -0.002596
v -0.038854 0.080476 -0.004710
v -0.038903 0.080319 -0.005805
v -0.038860 0.080476 -0.005805
v -0.038938 0.078775 -0.011934
v -0.038895 0.078917 -0.012009
v -0.038892 0.079285 -0.011370
v -0.038921 0.079927 -0.008965
v -0.038879 0.080086 -0.009162
v -0.038878 0.080112 -0.009013
v -0.038866 0.080477 -0.006900
v -0.038903 0.078163 -0.013316
v -0.038953 0.076932 -0.014531
v -0.038911 0.077054 -0.014645
v -0.038965 0.074511 -0.016599
v -0.038923 0.074607 -0.016742
v -0.038921 0.074997 -0.016512
v -0.038913 0.076704 -0.015065
v -0.038928 0.073071 -0.017648
v -0.038973 0.071657 -0.018013
v -0.038931 0.071710 -0.018167
v -0.038977 0.068545 -0.018687
v -0.038935 0.068562 -0.018872
v -0.038935 0.068928 -0.018851
v -0.038932 0.071036 -0.018424
v -0.038935 0.067386 -0.018942
v -0.038977 0.067386 -0.018739
v -0.038983 0.067386 -0.018730
v -0.039116 0.067386 -0.018557
v -0.039122 0.067386 -0.018549
v -0.039122 0.068528 -0.018497
v -0.039118 0.071595 -0.017834
v -0.039110 0.074407 -0.016440
v -0.039099 0.076793 -0.014403
v -0.039084 0.078608 -0.011844
v -0.039067 0.079744 -0.008918
v -0.039049 0.080130 -0.005804
v -0.039032 0.079744 -0.002690
v -0.039015 0.078608 0.000235
v -0.039000 0.076793 0.002794
v -0.038989 0.074407 0.004832
v -0.038981 0.071595 0.006225
v -0.038977 0.068528 0.006889
v -0.078934 0.067386 -0.018713
v -0.078934 -0.067614 -0.018713
v -0.078890 0.067386 -0.018511
v -0.078890 -0.067614 -0.018511
v -0.078884 0.067386 -0.018502
v -0.078884 -0.067614 -0.018502
v -0.078749 -0.067614 -0.018331
v -0.078743 -0.067614 -0.018322
v -0.078743 0.067386 -0.018322
v -0.078749 0.067386 -0.018331
v -0.078784 -0.067614 0.007560
v -0.078742 -0.067614 0.007357
v -0.078743 -0.068774 0.007305
v -0.078785 -0.068792 0.007507
v -0.078747 -0.071886 0.006631
v -0.078788 -0.071953 0.006822
v -0.078755 -0.074740 0.005217
v -0.078797 -0.074851 0.005386
v -0.078767 -0.077161 0.003149
v -0.078809 -0.077311 0.003286
v -0.078781 -0.079004 0.000552
v -0.078824 -0.079182 0.000648
v -0.078798 -0.080156 -0.002417
v -0.078841 -0.080353 -0.002367
v -0.078816 -0.080548 -0.005577
v -0.078859 -0.080751 -0.005577
v -0.078834 -0.080156 -0.008737
v -0.078878 -0.080353 -0.008786
v -0.078851 -0.079004 -0.011706
v -0.078895 -0.079182 -0.011802
v -0.078866 -0.077161 -0.014303
v -0.078910 -0.077311 -0.014439
v -0.078878 -0.074740 -0.016371
v -0.078922 -0.074851 -0.016540
v -0.078886 -0.071886 -0.017785
v -0.078930 -0.071953 -0.017976
v -0.078890 -0.068774 -0.018459
v -0.078934 -0.068792 -0.018660
v -0.078742 -0.068757 -0.018271
v -0.078739 -0.071824 -0.017607
v -0.078731 -0.074635 -0.016214
v -0.078719 -0.077021 -0.014176
v -0.078704 -0.078837 -0.011617
v -0.078688 -0.079973 -0.008692
v -0.078670 -0.080359 -0.005578
v -0.078652 -0.079973 -0.002464
v -0.078635 -0.078837 0.000461
v -0.078621 -0.077021 0.003020
v -0.078609 -0.074635 0.005058
v -0.078601 -0.071824 0.006451
v -0.078597 -0.068757 0.007115
v -0.078597 -0.067614 0.007167
v -0.078604 -0.067614 0.007175
v -0.078736 -0.067614 0.007348
v -0.078784 0.067386 0.007560
v -0.078742 0.067386 0.007357
v -0.078736 0.067386 0.007348
v -0.078604 0.067386 0.007175
v -0.078597 0.067386 0.007167
v -0.078742 0.068528 -0.018271
v -0.078597 0.068528 0.007115
v -0.078601 0.071595 0.006451
v -0.078609 0.074407 0.005058
v -0.078621 0.076793 0.003020
v -0.078635 0.078608 0.000461
v -0.078652 0.079744 -0.002464
v -0.078670 0.080130 -0.005578
v -0.078688 0.079744 -0.008692
v -0.078704 0.078608 -0.011617
v -0.078719 0.076793 -0.014176
v -0.078731 0.074407 -0.016214
v -0.078739 0.071595 -0.017607
v -0.078890 0.068545 -0.018459
v -0.078934 0.068563 -0.018660
v -0.078886 0.071657 -0.017785
v -0.078930 0.071724 -0.017976
v -0.078878 0.074511 -0.016371
v -0.078922 0.074622 -0.016540
v -0.078866 0.076932 -0.014303
v -0.078910 0.077082 -0.014439
v -0.078851 0.078775 -0.011706
v -0.078895 0.078954 -0.011802
v -0.078834 0.079927 -0.008737
v -0.078878 0.080124 -0.008786
v -0.078816 0.080319 -0.005577
v -0.078859 0.080522 -0.005577
v -0.078798 0.079927 -0.002417
v -0.078841 0.080124 -0.002367
v -0.078781 0.078775 0.000552
v -0.078824 0.078954 0.000648
v -0.078767 0.076932 0.003149
v -0.078809 0.077082 0.003286
v -0.078755 0.074511 0.005217
v -0.078797 0.074622 0.005386
v -0.078747 0.071657 0.006631
v -0.078788 0.071724 0.006822
v -0.078743 0.068545 0.007305
v -0.078785 0.068563 0.007507
v -0.038880 -0.082214 -0.009246
v -0.078879 -0.082214 -0.009018
v -0.078905 -0.080273 -0.013624
v -0.038906 -0.080273 -0.013853
v -0.078927 -0.076925 -0.017337
v -0.038927 -0.076925 -0.017566
v -0.078940 -0.072544 -0.019743
v -0.038941 -0.072544 -0.019972
v -0.078945 -0.067614 -0.020577
v -0.038946 -0.067614 -0.020805
v -0.038946 0.067386 -0.020805
v -0.078945 0.067386 -0.020577
v -0.078940 0.072315 -0.019743
v -0.038941 0.072315 -0.019972
v -0.078927 0.076697 -0.017337
v -0.038927 0.076697 -0.017566
v -0.078905 0.080044 -0.013624
v -0.038906 0.080044 -0.013853
v -0.078879 0.081986 -0.009018
v -0.038880 0.081986 -0.009246
v -0.078840 0.081986 -0.002136
v -0.038840 0.081986 -0.002365
v -0.038840 -0.082214 -0.002365
v -0.078840 -0.082214 -0.002136
v -0.078813 0.080044 0.002471
v -0.038814 0.080044 0.002242
v -0.078792 0.076697 0.006183
v -0.038793 0.076697 0.005955
v -0.078778 0.072315 0.008590
v -0.038779 0.072315 0.008361
v -0.078774 0.067386 0.009423
v -0.038774 0.067386 0.009194
v -0.038814 -0.080273 0.002242
v -0.038793 -0.076925 0.005955
v -0.038779 -0.072544 0.008361
v -0.038774 -0.067614 0.009194
v -0.078774 -0.067614 0.009423
v -0.078778 -0.072544 0.008590
v -0.078792 -0.076925 0.006183
v -0.078813 -0.080273 0.002471
vn 0.37858 0.65323 0.65572
vn 0.65572 0.65323 0.37858
vn 0.00000 1.00000 0.00000
vn 0.75716 0.65323 -0.00000
vn 0.65572 0.65323 -0.37858
vn -0.65572 0.65323 0.37858
vn -0.37858 0.65323 0.65572
vn 0.00000 0.65323 0.75716
vn -0.37858 0.65323 -0.65572
vn -0.65572 0.65323 -0.37858
vn -0.75716 0.65323 -0.00000
vn 0.37858 0.65323 -0.65572
vn 0.00000 0.65323 -0.75716
vn 0.37858 -0.65323 -0.65572
vn 0.65572 -0.65323 -0.37858
vn 0.00000 -1.00000 0.00000
vn 0.75716 -0.65323 -0.00000
vn 0.65572 -0.65323 0.37858
vn -0.65572 -0.65323 -0.37858
vn -0.37858 -0.65323 -0.65572
vn 0.00000 -0.65323 -0.75716
vn -0.37858 -0.65323 0.65572
vn -0.65572 -0.65323 0.37858
vn -0.75716 -0.65323 -0.00000
vn 0.37858 -0.65323 0.65572
vn -0.00000 -0.65323 0.75716
vn 0.63773 0.77026 -0.00000
vn 0.55229 0.77026 -0.31886
vn 0.31886 0.77026 -0.55229
vn -0.00000 0.77026 -0.63773
vn -0.31886 0.77026 -0.55229
vn -0.55229 0.77026 -0.31886
vn -0.63773 0.77026 -0.00000
vn -0.55229 0.77026 0.31886
vn -0.31886 0.77026 0.55229
vn 0.00000 0.77026 0.63773
vn 0.31886 0.77026 0.55229
vn 0.55229 0.77026 0.31886
vn 0.63773 -0.77026 -0.00000
vn 0.55229 -0.77026 -0.31886
vn 0.31886 -0.77026 -0.55229
vn 0.00000 -0.77026 -0.63773
vn -0.31886 -0.77026 -0.55229
vn -0.55229 -0.77026 -0.31886
vn -0.63773 -0.77026 -0.00000
vn -0.55229 -0.77026 0.31886
vn -0.31886 -0.77026 0.55229
vn 0.00000 -0.77026 0.63773
vn 0.31886 -0.77026 0.55229
vn 0.55229 -0.77026 0.31886
vn 0.99325 0.11502 -0.01466
vn 0.99665 0.08163 -0.00418
vn 0.99627 -0.05957 -0.06247
vn 0.99364 0.02492 0.10983
vn 0.99629 0.01429 0.08487
vn 0.99551 -0.08186 0.04745
vn 0.99390 -0.10335 0.03850
vn 0.99322 -0.10848 -0.04187
vn 0.99681 -0.07179 -0.03488
vn 0.99334 -0.07429 -0.08804
vn 0.99694 -0.04352 -0.06491
vn 0.99672 0.05856 -0.05585
vn 0.99521 0.09624 0.01716
vn 0.99647 0.07994 0.02576
vn 0.99691 0.02653 0.07394
vn 0.99526 -0.03808 0.08946
vn 0.99477 -0.04839 0.08997
vn 0.99670 -0.04833 0.06528
vn 0.99687 -0.00584 0.07883
vn 0.99340 -0.02353 0.11223
vn 0.99648 -0.02254 0.08074
vn 0.99342 -0.09376 0.06575
vn 0.99672 -0.05856 0.05585
vn 0.99392 -0.09016 -0.06314
vn 0.99546 -0.07336 -0.06061
vn 0.99551 0.08186 -0.04744
vn 0.99390 0.10335 -0.03850
vn 0.99687 0.07699 -0.01788
vn 0.99341 0.10661 0.04217
vn 0.99692 0.06920 0.03683
vn 0.99337 0.05048 0.10331
vn 0.99665 0.04105 0.07068
vn 0.99333 -0.07526 0.08741
vn 0.99687 -0.07699 0.01788
vn 0.99325 -0.11501 0.01478
vn 0.99569 -0.09274 -0.00111
vn 0.99586 0.00432 -0.09080
vn 0.99687 0.00584 -0.07883
vn 0.99477 0.04839 -0.08997
vn 0.99670 0.04833 -0.06528
vn 0.99526 0.03808 -0.08946
vn 0.99648 0.02254 -0.08074
vn 0.99342 0.09376 -0.06576
vn 0.99469 0.10244 0.00982
vn 0.99357 0.09291 0.06473
vn 0.99657 0.06470 0.05162
vn 0.99487 0.06279 0.07930
vn 0.99513 0.06774 0.07166
vn 0.99579 0.00817 0.09129
vn 0.99599 0.00198 0.08947
vn 0.99586 -0.00432 0.09080
vn 0.99411 -0.10732 -0.01516
vn 0.99683 -0.07666 -0.02140
vn 0.99659 -0.00575 -0.08232
vn 0.99644 -0.03344 -0.07736
vn 0.99445 -0.02009 -0.10330
vn 0.99538 -0.02679 -0.09216
vn 0.99333 0.07526 -0.08741
vn 0.99340 0.02353 -0.11223
vn 0.99598 -0.00227 -0.08949
vn 0.99358 -0.05115 -0.10090
vn 0.57735 0.57735 0.57735
vn 0.30151 0.30151 0.90453
vn -0.29224 0.86271 0.41271
vn 0.29224 0.86271 0.41271
vn -0.57735 0.57735 0.57735
vn -0.30151 0.30151 0.90453
vn -0.63987 0.66396 0.38695
vn 0.63987 0.66396 0.38695
vn 0.43213 0.66396 0.61027
vn 0.15250 0.66396 0.73206
vn -0.15250 0.66396 0.73206
vn -0.43213 0.66396 0.61027
vn 0.57735 -0.57735 0.57735
vn -0.57735 -0.57735 0.57735
vn -0.30151 -0.30151 0.90453
vn 0.29282 -0.86365 0.41031
vn -0.29214 -0.86255 0.41312
vn 0.30151 -0.30151 0.90453
vn 0.64343 -0.66456 0.37996
vn -0.63909 -0.66372 0.38864
vn -0.42924 -0.66372 0.61256
vn -0.14712 -0.66372 0.73337
vn 0.15975 -0.66372 0.73073
vn 0.43974 -0.66372 0.60507
vn 0.77127 0.01425 0.63635
vn 0.77127 -0.01425 0.63635
vn 0.36345 0.02086 0.93138
vn 0.36345 -0.02086 0.93138
vn 0.53904 0.01890 0.84207
vn 0.53904 -0.01890 0.84207
vn 0.70549 0.01591 0.70854
vn 0.70549 -0.01591 0.70854
vn 0.84215 0.01210 0.53911
vn 0.84215 -0.01210 0.53911
vn 0.93024 0.00828 0.36685
vn 0.93069 -0.00979 0.36569
vn 0.92747 0.04779 0.37083
vn 0.36076 0.11974 -0.92494
vn 0.36347 0.02086 -0.93137
vn 0.77126 0.01425 -0.63636
vn 0.70116 0.09183 -0.70706
vn 0.70548 0.01591 -0.70855
vn 0.53905 0.01890 -0.84206
vn 0.93019 0.04420 -0.36441
vn 0.93069 0.00979 -0.36569
vn 0.84215 0.01210 -0.53911
vn 0.92574 0.12392 -0.35729
vn 0.92642 0.20862 -0.31341
vn 0.92638 0.27774 -0.25433
vn 0.92554 0.33323 -0.17982
vn 0.92702 0.36382 -0.09100
vn 0.92625 0.37691 -0.00115
vn 0.92573 0.36651 0.09321
vn 0.92723 0.32985 0.17731
vn 0.92606 0.27951 0.25355
vn 0.92628 0.20641 0.31527
vn 0.92717 0.12400 0.35351
vn 0.70116 0.09183 0.70706
vn 0.78389 0.07967 0.61576
vn 0.78390 0.07967 -0.61576
vn 0.79212 0.20159 -0.57611
vn 0.35938 0.30821 -0.88082
vn 0.79212 0.33625 -0.50940
vn 0.35938 0.51409 -0.77882
vn 0.79212 0.45052 -0.41180
vn 0.35938 0.68881 -0.62960
vn 0.79212 0.53749 -0.28923
vn 0.35938 0.82176 -0.44221
vn 0.79212 0.59186 -0.14914
vn 0.35938 0.90491 -0.22801
vn 0.79212 0.61037 -0.00000
vn 0.35937 0.93319 -0.00000
vn 0.79212 0.59187 0.14914
vn 0.35938 0.90491 0.22802
vn 0.79212 0.53749 0.28923
vn 0.35938 0.82177 0.44221
vn 0.79212 0.45052 0.41180
vn 0.35938 0.68881 0.62960
vn 0.79212 0.33625 0.50940
vn 0.35938 0.51409 0.77882
vn 0.79212 0.20159 0.57612
vn 0.35938 0.30821 0.88082
vn 0.36076 0.11974 0.92494
vn 0.69879 0.23626 0.67519
vn 0.69879 0.39407 0.59699
vn 0.69879 0.52800 0.48261
vn 0.69879 0.62992 0.33897
vn 0.69879 0.69365 0.17478
vn 0.69879 0.71533 -0.00000
vn 0.69879 0.69365 -0.17478
vn 0.69879 0.62992 -0.33897
vn 0.69879 0.52800 -0.48261
vn 0.69879 0.39407 -0.59699
vn 0.69879 0.23626 -0.67519
vn 0.77126 -0.01425 -0.63636
vn 0.36347 -0.02086 -0.93137
vn 0.53905 -0.01890 -0.84206
vn 0.70548 -0.01591 -0.70855
vn 0.84215 -0.01210 -0.53911
vn 0.93024 -0.00828 -0.36685
vn 0.92818 -0.04552 -0.36934
vn 0.70116 -0.09183 -0.70706
vn 0.36076 -0.11974 -0.92494
vn 0.78390 -0.07967 -0.61576
vn 0.35938 -0.30821 -0.88082
vn 0.79212 -0.20159 -0.57611
vn 0.35938 -0.51409 -0.77882
vn 0.79212 -0.33625 -0.50940
vn 0.35938 -0.68881 -0.62960
vn 0.79212 -0.45052 -0.41180
vn 0.35938 -0.82176 -0.44221
vn 0.79212 -0.53749 -0.28923
vn 0.35938 -0.90491 -0.22802
vn 0.79212 -0.59186 -0.14914
vn 0.35938 -0.93319 -0.00000
vn 0.79212 -0.61037 -0.00000
vn 0.35938 -0.90491 0.22802
vn 0.79212 -0.59187 0.14914
vn 0.35938 -0.82176 0.44221
vn 0.79212 -0.53749 0.28924
vn 0.35938 -0.68881 0.62960
vn 0.79212 -0.45052 0.41180
vn 0.35938 -0.51409 0.77882
vn 0.79212 -0.33625 0.50940
vn 0.35938 -0.30821 0.88083
vn 0.79212 -0.20159 0.57612
vn 0.36076 -0.11974 0.92494
vn 0.78389 -0.07967 0.61576
vn 0.70116 -0.09183 0.70706
vn 0.93019 -0.04420 0.36441
vn 0.92573 -0.12392 0.35729
vn 0.92642 -0.20862 0.31341
vn 0.92638 -0.27774 0.25432
vn 0.92702 -0.36382 0.09100
vn 0.92554 -0.33323 0.17982
vn 0.92510 -0.37973 -0.00073
vn 0.92683 -0.36388 -0.09256
vn 0.92684 -0.33114 -0.17694
vn 0.92537 -0.28001 -0.25550
vn 0.92732 -0.20641 -0.31220
vn 0.92568 -0.12607 -0.35669
vn 0.69879 -0.23626 -0.67519
vn 0.69879 -0.39407 -0.59699
vn 0.69879 -0.52800 -0.48261
vn 0.69879 -0.62992 -0.33897
vn 0.69879 -0.69365 -0.17478
vn 0.69879 -0.71533 0.00000
vn 0.69879 -0.69365 0.17478
vn 0.69879 -0.62992 0.33897
vn 0.69879 -0.52800 0.48261
vn 0.69879 -0.39407 0.59699
vn 0.69879 -0.23626 0.67519
vn -0.70711 0.00000 0.70711
vn -0.63987 -0.66396 0.38695
vn -0.26565 -0.22094 0.93841
vn 0.00000 -0.70711 0.70711
vn 0.26565 -0.22094 0.93841
vn 0.63987 -0.66396 0.38695
vn -0.43213 -0.66396 0.61027
vn -0.15250 -0.66396 0.73206
vn 0.15250 -0.66396 0.73206
vn 0.43213 -0.66396 0.61027
vn 0.70711 0.00000 0.70711
vn -0.63909 0.66372 0.38864
vn -0.42924 0.66372 0.61256
vn -0.14712 0.66372 0.73337
vn 0.64343 0.66456 0.37996
vn 0.26670 0.22257 0.93773
vn 0.00000 0.70711 0.70711
vn 0.43974 0.66372 0.60507
vn -0.26547 0.22066 0.93853
vn 0.15975 0.66372 0.73073
vn 0.65572 -0.37858 -0.65323
vn 0.37858 -0.65572 -0.65323
vn 0.00000 0.00000 -1.00000
vn -0.00000 -0.75716 -0.65323
vn -0.37858 -0.65572 -0.65323
vn 0.37858 0.65572 -0.65323
vn 0.65572 0.37858 -0.65323
vn 0.75716 -0.00000 -0.65323
vn -0.65572 0.37858 -0.65323
vn -0.37858 0.65572 -0.65323
vn -0.00000 0.75716 -0.65323
vn -0.65572 -0.37858 -0.65323
vn -0.75716 -0.00000 -0.65323
vn 0.69113 -0.26120 -0.67388
vn 0.68276 -0.34671 -0.64314
vn 0.69868 -0.38676 -0.60189
vn 0.67808 -0.54293 -0.49541
vn 0.68437 -0.59450 -0.42215
vn 0.68393 -0.63060 -0.36685
vn 0.68214 -0.71808 -0.13801
vn 0.68227 -0.70250 -0.20248
vn 0.67544 -0.67820 -0.28954
vn 0.69356 -0.63863 -0.33335
vn 0.68357 -0.64618 0.33939
vn 0.67768 -0.60420 0.41915
vn 0.68636 -0.49554 0.53231
vn 0.68572 -0.54249 0.48528
vn 0.69558 -0.55649 0.45440
vn 0.69661 -0.49049 -0.52360
vn 0.68711 -0.47191 -0.55243
vn 0.68781 -0.41958 -0.59234
vn 0.68076 -0.72470 0.10668
vn 0.69134 -0.71867 0.07459
vn 0.68195 -0.73024 0.04123
vn 0.68251 -0.67533 0.27949
vn 0.69275 -0.67785 0.24620
vn 0.67506 -0.71124 0.19602
vn 0.67506 0.71124 -0.19602
vn 0.68076 0.72470 -0.10668
vn 0.69134 0.71867 -0.07459
vn 0.68195 0.73024 -0.04123
vn 0.69275 0.67785 -0.24620
vn 0.68250 0.67533 -0.27950
vn 0.68636 0.49554 -0.53231
vn 0.68572 0.54249 -0.48528
vn 0.69225 -0.72162 0.00774
vn 0.67492 -0.73625 -0.04915
vn 0.69240 -0.71398 -0.10400
vn 0.69558 0.55649 -0.45440
vn 0.67768 0.60420 -0.41915
vn 0.68357 0.64617 -0.33940
vn 0.68020 -0.42980 0.59380
vn 0.69860 -0.37377 0.61012
vn 0.69060 -0.29016 0.66248
vn 0.68959 -0.34948 0.63430
vn 0.69454 -0.11902 0.70954
vn 0.70401 -0.14830 0.69453
vn 0.68531 -0.20870 0.69771
vn 0.70134 -0.25453 0.66583
vn 0.69455 0.11901 -0.70954
vn 0.70401 0.14829 -0.69454
vn 0.68531 0.20871 -0.69771
vn 0.69113 0.26121 0.67388
vn 0.68276 0.34670 0.64314
vn 0.69868 0.38675 0.60189
vn 0.68781 0.41958 0.59234
vn 0.69356 0.63863 0.33335
vn 0.67544 0.67820 0.28954
vn 0.68227 0.70250 0.20248
vn 0.68214 0.71808 0.13801
vn 0.68020 0.42980 -0.59381
vn 0.69860 0.37377 -0.61012
vn 0.70134 0.25453 -0.66583
vn 0.69060 0.29016 -0.66248
vn 0.68958 0.34948 -0.63430
vn 0.69206 -0.19898 -0.69387
vn 0.70316 -0.16496 -0.69163
vn 0.68752 -0.11381 -0.71719
vn 0.69709 -0.02831 -0.71643
vn 0.70656 -0.00069 -0.70766
vn 0.69206 0.19899 0.69387
vn 0.70316 0.16496 0.69163
vn 0.68752 0.11381 0.71719
vn 0.69709 0.02831 0.71643
vn 0.70656 0.00069 0.70766
vn 0.68711 0.47191 0.55243
vn 0.69661 0.49049 0.52360
vn 0.68393 0.63060 0.36685
vn 0.68437 0.59450 0.42215
vn 0.67808 0.54292 0.49542
vn 0.69225 0.72162 -0.00774
vn 0.67492 0.73625 0.04915
vn 0.69240 0.71398 0.10400
vn 0.70711 0.00000 -0.70711
vn 0.70711 0.00000 -0.70711
vn 0.70076 0.01950 -0.71314
vn 0.69838 0.06248 -0.71299
vn 0.70711 -0.00000 0.70711
vn 0.70711 0.00000 0.70711
vn 0.70076 -0.01950 0.71313
vn 0.69838 -0.06248 0.71299
vn -0.70110 -0.19511 0.68585
vn -0.71049 -0.16246 0.68469
vn -0.70151 -0.01844 -0.71242
vn -0.70558 -0.40884 0.57879
vn -0.71493 -0.37755 0.58850
vn -0.70307 -0.34175 -0.62362
vn -0.71423 -0.36401 -0.59781
vn -0.71962 -0.61570 0.32102
vn -0.70913 -0.57463 0.40858
vn -0.71787 -0.54828 0.42902
vn -0.70558 0.40884 -0.57879
vn -0.71493 0.37755 -0.58850
vn -0.70711 0.00000 0.70711
vn -0.69198 -0.10991 0.71350
vn -0.70795 -0.05571 0.70406
vn -0.70711 0.00000 -0.70711
vn -0.69903 -0.02714 0.71457
vn -0.70711 0.00000 -0.70711
vn -0.70711 0.00000 -0.70711
vn -0.70945 -0.14574 -0.68953
vn -0.69845 -0.11664 -0.70609
vn -0.70062 -0.06089 -0.71093
vn -0.70711 0.00000 0.70711
vn -0.71730 0.49713 0.48821
vn -0.70802 0.52561 0.47164
vn -0.70201 0.58443 0.40697
vn -0.71730 -0.49714 -0.48820
vn -0.70802 -0.52561 -0.47164
vn -0.70995 -0.62290 -0.32858
vn -0.71042 -0.64992 -0.27002
vn -0.70399 -0.68437 -0.18983
vn -0.72104 -0.67990 -0.13357
vn -0.71156 -0.69496 -0.10351
vn -0.71166 -0.70137 -0.04017
vn -0.72172 -0.69214 -0.00778
vn -0.70497 -0.70767 0.04716
vn -0.72160 -0.68513 0.09941
vn -0.71146 -0.69008 0.13271
vn -0.71069 -0.67597 0.19489
vn -0.70975 -0.60879 0.35445
vn -0.69694 -0.33827 0.63234
vn -0.70217 -0.25647 0.66422
vn -0.70945 0.14574 0.68952
vn -0.69406 0.20290 0.69073
vn -0.70206 0.28435 0.65288
vn -0.70307 0.34175 0.62362
vn -0.71423 0.36401 0.59781
vn -0.69856 0.41824 0.58059
vn -0.70110 0.19512 -0.68585
vn -0.71049 0.16246 -0.68469
vn -0.69199 0.10992 -0.71349
vn -0.70795 0.05573 -0.70406
vn -0.69903 0.02713 -0.71457
vn -0.70711 0.00000 -0.70711
vn -0.70711 0.00000 -0.70711
vn -0.69406 -0.20290 -0.69073
vn -0.70206 -0.28435 -0.65288
vn -0.69856 -0.41824 -0.58059
vn -0.70647 -0.48128 -0.51891
vn -0.70201 -0.58443 -0.40697
vn -0.71927 -0.59899 -0.35194
vn -0.70288 -0.65405 0.27959
vn -0.70003 -0.52687 0.48204
vn -0.70629 -0.45929 0.53871
vn -0.70711 0.00000 0.70711
vn -0.70151 0.01844 0.71242
vn -0.70062 0.06089 0.71093
vn -0.71927 0.59899 0.35193
vn -0.70995 0.62290 0.32858
vn -0.71042 0.64992 0.27003
vn -0.72172 0.69214 0.00778
vn -0.71166 0.70137 0.04017
vn -0.71156 0.69496 0.10351
vn -0.70497 0.70767 -0.04716
vn -0.72160 0.68513 -0.09941
vn -0.71146 0.69008 -0.13271
vn -0.71069 0.67597 -0.19489
vn -0.70288 0.65405 -0.27959
vn -0.71962 0.61570 -0.32102
vn -0.70974 0.60879 -0.35445
vn -0.70913 0.57463 -0.40858
vn -0.71787 0.54828 -0.42902
vn -0.69694 0.33827 -0.63234
vn -0.70217 0.25647 -0.66422
vn -0.70647 0.48128 0.51891
vn -0.69845 0.11665 0.70609
vn -0.70399 0.68437 0.18983
vn -0.72104 0.67990 0.13356
vn -0.70003 0.52687 -0.48204
vn -0.70629 0.45929 -0.53871
vn -0.00000 -0.99992 -0.01227
vn -0.31886 -0.55229 -0.77026
vn -0.55229 -0.31886 -0.77026
vn -0.63773 -0.00000 -0.77026
vn -0.55229 0.31886 -0.77026
vn -0.31886 0.55229 -0.77026
vn -0.00000 0.99992 -0.01227
vn 0.31886 0.55229 -0.77026
vn 0.55229 0.31886 -0.77026
vn 0.63773 -0.00000 -0.77026
vn 0.55229 -0.31886 -0.77026
vn 0.31886 -0.55229 -0.77026
vn 0.65572 -0.37858 -0.65323
vn 0.37858 -0.65572 -0.65323
vn 0.00000 0.00000 -1.00000
vn -0.00000 -0.75716 -0.65323
vn -0.37858 -0.65572 -0.65323
vn 0.37858 0.65572 -0.65323
vn 0.65572 0.37858 -0.65323
vn 0.75716 -0.00000 -0.65323
vn -0.65572 0.37858 -0.65323
vn -0.37858 0.65572 -0.65323
vn -0.00000 0.75716 -0.65323
vn -0.65572 -0.37858 -0.65323
vn -0.75716 0.00000 -0.65323
vn 0.65572 -0.37858 -0.65323
vn 0.37858 -0.65572 -0.65323
vn 0.00000 0.00000 -1.00000
vn -0.00000 -0.75716 -0.65323
vn -0.37858 -0.65572 -0.65323
vn 0.37858 0.65572 -0.65323
vn 0.65572 0.37858 -0.65323
vn 0.75716 -0.00000 -0.65323
vn -0.65572 0.37858 -0.65323
vn -0.37858 0.65572 -0.65323
vn 0.00000 0.75716 -0.65323
vn -0.65572 -0.37858 -0.65323
vn -0.75716 0.00000 -0.65323
vn 0.65572 -0.37858 -0.65323
vn 0.37858 -0.65572 -0.65323
vn 0.00000 0.00000 -1.00000
vn -0.00000 -0.75716 -0.65323
vn -0.37858 -0.65572 -0.65323
vn 0.37858 0.65572 -0.65323
vn 0.65572 0.37858 -0.65323
vn 0.75716 -0.00000 -0.65323
vn -0.65572 0.37858 -0.65323
vn -0.37858 0.65572 -0.65323
vn 0.00000 0.75716 -0.65323
vn -0.65572 -0.37858 -0.65323
vn -0.75716 0.00000 -0.65323
vn 0.65572 -0.37858 -0.65323
vn 0.37858 -0.65572 -0.65323
vn 0.00000 0.00000 -1.00000
vn -0.00000 -0.75716 -0.65323
vn -0.37858 -0.65572 -0.65323
vn 0.37858 0.65572 -0.65323
vn 0.65572 0.37858 -0.65323
vn 0.75716 -0.00000 -0.65323
vn -0.65572 0.37858 -0.65323
vn -0.37858 0.65572 -0.65323
vn -0.00000 0.75716 -0.65323
vn -0.65572 -0.37858 -0.65323
vn -0.75716 0.00000 -0.65323
vn 0.65323 -0.37858 0.65572
vn 0.65323 -0.65572 0.37858
vn 1.00000 0.00000 0.00000
vn 0.65323 -0.75716 0.00000
vn 0.65323 -0.65572 -0.37858
vn 0.65323 0.65572 0.37858
vn 0.65323 0.37858 0.65572
vn 0.65323 0.00000 0.75716
vn 0.65323 0.37858 -0.65572
vn 0.65323 0.65572 -0.37858
vn 0.65323 0.75716 0.00000
vn 0.65323 -0.37858 -0.65572
vn 0.65323 0.00000 -0.75716
vn 0.65323 -0.37858 0.65572
vn 0.65323 -0.65572 0.37858
vn 1.00000 0.00000 0.00000
vn 0.65323 -0.75716 0.00000
vn 0.65323 -0.65572 -0.37858
vn 0.65323 0.65572 0.37858
vn 0.65323 0.37858 0.65572
vn 0.65323 0.00000 0.75716
vn 0.65323 0.37858 -0.65572
vn 0.65323 0.65572 -0.37858
vn 0.65323 0.75716 0.00000
vn 0.65323 -0.37858 -0.65572
vn 0.65323 0.00000 -0.75716
vn -0.00000 -0.63773 -0.77026
vn -0.31886 -0.55229 -0.77026
vn -0.55229 -0.31887 -0.77026
vn -0.63773 0.00000 -0.77026
vn -0.55229 0.31887 -0.77026
vn -0.31886 0.55229 -0.77026
vn -0.00000 0.63773 -0.77026
vn 0.31886 0.55229 -0.77026
vn 0.55229 0.31887 -0.77026
vn 0.63773 -0.00000 -0.77026
vn 0.55229 -0.31887 -0.77026
vn 0.31886 -0.55229 -0.77026
vn -0.00000 -0.63773 -0.77026
vn -0.31886 -0.55229 -0.77026
vn -0.55229 -0.31886 -0.77026
vn -0.63773 0.00000 -0.77026
vn -0.55229 0.31886 -0.77026
vn -0.31886 0.55229 -0.77026
vn 0.00000 0.63773 -0.77026
vn 0.31886 0.55229 -0.77026
vn 0.55229 0.31886 -0.77026
vn 0.63773 -0.00000 -0.77026
vn 0.55229 -0.31886 -0.77026
vn 0.31886 -0.55229 -0.77026
vn -0.00000 -0.63773 -0.77026
vn -0.31886 -0.55229 -0.77026
vn -0.55229 -0.31886 -0.77026
vn -0.63773 0.00000 -0.77026
vn -0.55229 0.31886 -0.77026
vn -0.31886 0.55229 -0.77026
vn 0.00000 0.63773 -0.77026
vn 0.31886 0.55229 -0.77026
vn 0.55229 0.31886 -0.77026
vn 0.63773 -0.00000 -0.77026
vn 0.55229 -0.31886 -0.77026
vn 0.31886 -0.55229 -0.77026
vn -0.00000 -0.63773 -0.77026
vn -0.31886 -0.55229 -0.77026
vn -0.55229 -0.31887 -0.77026
vn -0.63773 0.00000 -0.77026
vn -0.55229 0.31887 -0.77026
vn -0.31886 0.55229 -0.77026
vn -0.00000 0.63773 -0.77026
vn 0.31886 0.55229 -0.77026
vn 0.55229 0.31887 -0.77026
vn 0.63773 -0.00000 -0.77026
vn 0.55229 -0.31887 -0.77026
vn 0.31886 -0.55229 -0.77026
vn 0.12191 0.73057 -0.67187
vn 0.22960 0.66879 -0.70711
vn 0.35252 0.65140 -0.67187
vn 0.31690 0.58558 -0.74610
vn 0.54493 0.50164 -0.67187
vn 0.48987 0.45096 -0.74610
vn 0.67829 0.29752 -0.67187
vn 0.60975 0.26746 -0.74610
vn 0.73814 0.06116 -0.67187
vn 0.66356 0.05498 -0.74610
vn 0.71801 -0.18182 -0.67187
vn 0.64546 -0.16345 -0.74610
vn 0.62006 -0.40511 -0.67187
vn 0.55741 -0.36418 -0.74610
vn 0.45493 -0.58449 -0.67187
vn 0.40896 -0.52544 -0.74610
vn 0.33654 -0.62188 -0.70711
vn 0.24050 -0.70054 -0.67187
vn 0.21619 -0.62976 -0.74610
vn -0.00000 -0.74067 -0.67187
vn -0.00000 -0.66584 -0.74610
vn -0.24050 -0.70054 -0.67187
vn -0.21620 -0.62976 -0.74610
vn -0.45493 -0.58449 -0.67187
vn -0.40896 -0.52544 -0.74610
vn -0.62007 -0.40511 -0.67187
vn -0.55741 -0.36418 -0.74610
vn -0.71801 -0.18182 -0.67187
vn -0.64546 -0.16345 -0.74610
vn -0.73814 0.06116 -0.67187
vn -0.66356 0.05498 -0.74610
vn -0.67829 0.29752 -0.67187
vn -0.60975 0.26746 -0.74610
vn -0.54493 0.50164 -0.67187
vn -0.48987 0.45096 -0.74610
vn -0.35252 0.65140 -0.67187
vn -0.31690 0.58558 -0.74610
vn -0.12191 0.73057 -0.67187
vn -0.10959 0.65675 -0.74610
vn 0.10959 0.65675 -0.74610
vn 0.50741 -0.40464 -0.76079
vn 0.28159 -0.58473 -0.76079
vn -0.00000 -0.64900 -0.76079
vn -0.28159 -0.58473 -0.76079
vn 0.50741 0.40464 -0.76079
vn 0.63273 0.14442 -0.76079
vn 0.63273 -0.14442 -0.76079
vn -0.28159 0.58473 -0.76079
vn -0.00000 0.64900 -0.76079
vn 0.28159 0.58473 -0.76079
vn -0.63273 0.14442 -0.76079
vn -0.50741 0.40464 -0.76079
vn -0.50741 -0.40464 -0.76079
vn -0.63273 -0.14442 -0.76079
vn 0.77026 -0.63773 0.00000
vn 0.77026 -0.55229 -0.31886
vn 0.77026 -0.31886 -0.55229
vn 0.77026 0.00000 -0.63773
vn 0.77026 0.31886 -0.55229
vn 0.77026 0.55229 -0.31886
vn 0.77026 0.63773 0.00000
vn 0.77026 0.55229 0.31886
vn 0.77026 0.31887 0.55229
vn 0.77026 -0.00000 0.63773
vn 0.77026 -0.31887 0.55229
vn 0.77026 -0.55229 0.31886
vn 0.77026 -0.63773 0.00000
vn 0.77026 -0.55229 -0.31886
vn 0.77026 -0.31886 -0.55229
vn 0.77026 0.00000 -0.63773
vn 0.77026 0.31886 -0.55229
vn 0.77026 0.55229 -0.31886
vn 0.77026 0.63773 0.00000
vn 0.77026 0.55229 0.31886
vn 0.77026 0.31887 0.55229
vn 0.77026 -0.00000 0.63773
vn 0.77026 -0.31887 0.55229
vn 0.77026 -0.55229 0.31886
vn 0.57735 -0.57735 -0.57735
vn 0.57735 -0.57735 0.57735
vn 0.00000 -0.70711 -0.70711
vn -0.57735 -0.57735 0.57735
vn -0.57735 -0.57735 -0.57735
vn 0.00000 0.70711 -0.70711
vn 0.70711 0.00000 -0.70711
vn 0.57735 0.57735 -0.57735
vn 0.00000 0.00000 -1.00000
vn -0.70711 0.00000 -0.70711
vn -0.57735 0.57735 -0.57735
vn 0.57735 0.57735 0.57735
vn -0.57735 0.57735 0.57735
vn 0.70711 0.00000 0.70711
vn 0.63273 0.14442 0.76079
vn 0.50741 0.40464 0.76079
vn 0.28159 0.58473 0.76079
vn -0.28159 0.58473 0.76079
vn -0.50741 0.40464 0.76079
vn -0.63273 0.14442 0.76079
vn -0.70711 0.00000 0.70711
vn -0.63273 -0.14442 0.76079
vn -0.50741 -0.40464 0.76079
vn -0.28159 -0.58473 0.76079
vn 0.28159 -0.58473 0.76079
vn 0.50741 -0.40464 0.76079
vn 0.63273 -0.14442 0.76079
vn -0.58806 -0.47556 0.65424
vn 0.02310 -0.56686 0.82349
vn 0.60822 -0.43893 0.66137
vn 0.71727 -0.46057 0.52288
vn 0.72766 -0.42730 0.53658
vn 0.71705 0.48260 0.50293
vn 0.72897 0.49871 0.46893
vn 0.72060 -0.64547 0.25320
vn 0.73568 -0.61213 0.28996
vn 0.71957 -0.60514 0.34064
vn 0.73043 -0.57811 0.36369
vn 0.73023 -0.53932 0.41941
vn 0.71867 -0.52737 0.45321
vn 0.73365 -0.48333 0.47766
vn 0.72010 0.61891 0.31370
vn 0.73356 0.62349 0.27045
vn 0.72091 0.65050 0.23904
vn 0.60690 0.44668 0.65738
vn 0.71472 0.35200 0.60438
vn 0.72631 0.37547 0.57576
vn 0.71545 0.40985 0.56582
vn 0.73195 0.43760 0.52227
vn 0.71029 0.12004 0.69360
vn 0.72464 0.15748 0.67089
vn 0.71213 0.20117 0.67261
vn 0.72875 0.24089 0.64102
vn 0.72532 0.31722 0.61097
vn 0.73002 0.54179 0.41657
vn 0.71903 0.57096 0.39624
vn 0.73513 0.58280 0.34632
vn 0.72233 0.07822 0.68711
vn 0.70786 0.03712 0.70538
vn 0.71238 -0.26339 0.65049
vn 0.72329 -0.22761 0.65196
vn 0.70823 -0.03304 0.70521
vn 0.71269 -0.01642 0.70128
vn 0.71600 -0.40722 0.56702
vn 0.72620 -0.37353 0.57716
vn 0.71428 -0.34960 0.60629
vn 0.72917 -0.30134 0.61441
vn 0.72242 -0.16178 0.67226
vn 0.71024 -0.13051 0.69175
vn 0.72523 -0.08020 0.68382
vn 0.70711 0.00000 0.70711
vn 0.70711 0.00000 0.70711
vn 0.70711 0.00000 0.70711
vn 0.71347 0.01892 0.70043
vn 0.70718 -0.00009 0.70704
vn 0.70711 0.00000 0.70711
vn 0.70711 0.00000 0.70711
vn 0.70711 0.00000 0.70711
vn 0.70711 0.00000 0.70711
vn 0.70711 0.00000 0.70711
vn 0.02394 0.56560 0.82433
vn -0.59062 0.46269 0.66112
vn -0.70554 -0.65520 0.27003
vn -0.70048 -0.31368 0.64104
vn -0.71564 -0.34815 0.60551
vn -0.70600 0.59885 0.37808
vn -0.70701 0.55801 0.43447
vn -0.69571 0.54459 0.46841
vn -0.70028 0.35594 0.61880
vn -0.71722 0.30567 0.62623
vn -0.70215 0.26653 0.66027
vn -0.71452 0.23005 0.66071
vn -0.70923 -0.47603 0.51998
vn -0.69694 -0.50980 0.50436
vn -0.71273 0.49785 0.49412
vn -0.69726 0.47362 0.53806
vn -0.70935 0.43797 0.55227
vn -0.69869 0.41716 0.58122
vn -0.71050 0.38109 0.59158
vn -0.69861 -0.39977 0.59341
vn -0.70970 -0.42151 0.56449
vn -0.71240 -0.53216 0.45749
vn -0.69560 -0.57560 0.42992
vn -0.70624 -0.58764 0.39484
vn -0.69452 -0.61660 0.37073
vn -0.70558 -0.62428 0.33532
vn -0.69361 -0.65123 0.30788
vn -0.69313 0.67107 0.26313
vn -0.70973 0.63612 0.30272
vn -0.69394 0.62748 0.35316
vn -0.72150 0.07882 0.68791
vn -0.70426 0.13102 0.69775
vn -0.71512 0.16257 0.67984
vn -0.70710 -0.00011 0.70711
vn -0.71022 -0.00996 0.70391
vn -0.71679 -0.05039 0.69546
vn -0.70592 -0.08221 0.70351
vn -0.72071 -0.12750 0.68141
vn -0.70386 -0.17850 0.68755
vn -0.71439 -0.20927 0.66772
vn -0.70236 -0.24665 0.66773
vn -0.71285 -0.27490 0.64519
vn -0.70639 0.03269 0.70707
vn -0.71197 0.01572 0.70203
vn -0.70711 0.00000 0.70711
vn -0.70711 0.00000 0.70711
vn -0.70711 0.00000 0.70711
vn -0.70711 0.00000 0.70711
vn -0.70712 -0.00005 0.70709
vn -0.70711 0.00000 0.70711
vn -0.70711 0.00000 0.70711
vn -0.70711 0.00000 0.70711
vn -0.70711 0.00000 0.70711
vn -0.70711 0.00000 0.70711
vn -0.70711 0.00000 0.70711
vn -0.70711 0.00000 0.70711
vn -0.70711 0.00000 0.70711
vn -0.70711 0.00000 0.70711
vn -0.79017 -0.20429 0.57784
vn 0.79501 -0.20244 0.57182
vn 0.63325 -0.68749 0.35546
vn -0.62770 -0.68846 0.36334
vn 0.55092 -0.68096 0.48248
vn 0.41945 -0.68096 0.60030
vn -0.41255 -0.68096 0.60506
vn 0.09243 -0.68096 0.72647
vn -0.25577 -0.68096 0.68621
vn -0.08411 -0.68096 0.72748
vn 0.26359 -0.68096 0.68324
vn -0.54537 -0.68096 0.48875
vn 0.62756 -0.22687 0.74479
vn 0.51238 -0.42635 0.74544
vn 0.66756 0.00000 0.74456
vn -0.59508 -0.03537 0.80289
vn 0.62756 0.22687 0.74479
vn 0.33592 -0.57443 0.74645
vn 0.11946 -0.65321 0.74769
vn -0.11090 -0.65322 0.74901
vn -0.32737 -0.57443 0.75024
vn -0.50382 -0.42635 0.75125
vn -0.61901 -0.22686 0.75191
vn -0.65900 -0.00000 0.75214
vn 0.60353 -0.02592 0.79692
vn 0.15191 -0.66678 0.72960
vn 0.24271 -0.63901 0.72991
vn -0.32737 0.57443 0.75024
vn 0.31320 -0.59388 0.74109
vn 0.35204 -0.48255 0.80201
vn 0.55066 -0.53600 0.63991
vn 0.44389 -0.46085 0.76849
vn 0.45448 -0.41983 0.78562
vn 0.33592 0.57443 0.74645
vn -0.05956 -0.70591 0.70580
vn 0.11946 0.65321 0.74769
vn -0.00591 -0.70903 0.70515
vn -0.11090 0.65322 0.74901
vn 0.02781 -0.71121 0.70243
vn 0.14521 -0.70693 0.69222
vn 0.50008 -0.39065 0.77287
vn 0.56921 -0.27879 0.77348
vn 0.56014 -0.22652 0.79682
vn -0.61901 0.22686 0.75191
vn -0.50382 0.42635 0.75125
vn 0.61156 -0.07200 0.78791
vn 0.59172 -0.17098 0.78781
vn -0.28011 -0.54769 0.78840
vn -0.26375 -0.62861 0.73164
vn 0.51238 0.42635 0.74544
vn -0.16041 -0.66027 0.73370
vn -0.11450 -0.65749 0.74471
vn -0.42823 -0.46210 0.77658
vn -0.47402 -0.41369 0.77728
vn -0.48824 -0.35177 0.79867
vn -0.49664 -0.52168 0.69369
vn -0.33035 -0.53927 0.77463
vn -0.59185 -0.12303 0.79661
vn -0.56106 -0.16687 0.81078
vn -0.56785 -0.23035 0.79025
vn -0.53028 -0.32026 0.78501
vn 0.65900 0.00000 -0.75214
vn 0.61900 0.22687 -0.75191
vn 0.50383 0.42636 -0.75125
vn 0.32736 0.57443 -0.75025
vn 0.11090 0.65321 -0.74901
vn -0.11945 0.65322 -0.74769
vn -0.33592 0.57443 -0.74645
vn -0.51238 0.42635 -0.74544
vn -0.62756 0.22686 -0.74478
vn -0.66756 -0.00000 -0.74456
vn -0.62757 -0.22686 -0.74478
vn -0.51238 -0.42635 -0.74544
vn -0.33592 -0.57443 -0.74645
vn -0.11946 -0.65322 -0.74769
vn 0.11090 -0.65321 -0.74901
vn 0.32736 -0.57443 -0.75025
vn 0.50383 -0.42635 -0.75125
vn 0.61900 -0.22687 -0.75191
vn -0.06750 -0.99755 0.01815
vn -0.06919 -0.99756 0.00929
vn 0.01978 -0.71121 -0.70270
vn -0.06570 -0.99783 0.00409
vn -0.07330 -0.99731 -0.00097
vn -0.06995 -0.99753 -0.00586
vn 0.06229 -0.99780 -0.02279
vn 0.06795 -0.99753 -0.01775
vn -0.05715 -0.99813 0.02171
vn 0.06995 -0.99753 -0.00624
vn 0.07002 -0.99753 0.00544
vn -0.06538 -0.99752 0.02592
vn 0.06434 -0.99763 0.02432
vn 0.06814 -0.99753 0.01697
vn -0.06814 -0.99753 -0.01697
vn -0.06542 -0.99756 -0.02422
vn -0.01386 -0.70897 -0.70511
vn -0.79596 -0.57213 0.19776
vn -0.60290 -0.12128 -0.78855
vn -0.57033 -0.16686 -0.80429
vn -0.93429 -0.27922 -0.22165
vn -0.60571 -0.03757 -0.79480
vn -0.99775 -0.06682 0.00570
vn -0.99477 -0.06666 -0.07740
vn -0.95694 -0.28060 -0.07436
vn -0.98493 -0.06653 -0.15963
vn -0.97013 -0.06653 -0.23329
vn -0.99382 -0.06666 0.08876
vn -0.95603 -0.28060 0.08529
vn -0.98295 -0.06455 0.17219
vn -0.93176 -0.28037 0.23068
vn -0.96834 -0.06305 0.24153
vn -0.51647 -0.83468 0.19123
vn -0.26288 -0.96050 0.09128
vn -0.28981 -0.95674 0.02569
vn -0.28096 -0.95689 0.07369
vn -0.28929 -0.95698 -0.02248
vn -0.28156 -0.95698 -0.07012
vn -0.25758 -0.96169 -0.09387
vn -0.27513 -0.57405 -0.77121
vn -0.28833 -0.63000 -0.72109
vn -0.16878 -0.66028 -0.73181
vn -0.11167 -0.67151 -0.73253
vn -0.07713 -0.70819 -0.70179
vn -0.56275 -0.81528 -0.13650
vn -0.43711 -0.46209 -0.77163
vn -0.50306 -0.84259 -0.19225
vn -0.50451 -0.52164 -0.68802
vn -0.33923 -0.53922 -0.77082
vn -0.57694 -0.23058 -0.78356
vn -0.53943 -0.32016 -0.77879
vn -0.79820 -0.57205 -0.18876
vn -0.49743 -0.35170 -0.79301
vn -0.48290 -0.41362 -0.77183
vn -0.81865 -0.57076 -0.06361
vn -0.81787 -0.57076 0.07296
vn -0.57929 -0.81388 -0.04501
vn -0.57875 -0.81387 0.05163
vn -0.56114 -0.81529 0.14293
vn 0.73191 0.68138 -0.00418
vn 0.70953 0.68158 -0.17892
vn 0.00000 1.00000 0.00000
vn 0.71175 0.68119 0.17140
vn 0.41945 0.68096 0.60030
vn 0.55092 0.68096 0.48248
vn 0.65038 0.68096 0.33662
vn -0.08411 0.68096 0.72748
vn 0.09243 0.68096 0.72647
vn 0.26359 0.68096 0.68324
vn -0.54537 0.68096 0.48875
vn -0.41255 0.68096 0.60506
vn -0.25577 0.68096 0.68621
vn -0.73191 0.68138 0.00418
vn -0.70953 0.68158 0.17892
vn -0.64589 0.68137 0.34432
vn -0.55092 0.68096 -0.48248
vn -0.65038 0.68095 -0.33662
vn -0.71175 0.68119 -0.17140
vn -0.09243 0.68096 -0.72647
vn -0.26360 0.68096 -0.68324
vn -0.41945 0.68096 -0.60030
vn 0.41256 0.68096 -0.60506
vn 0.25577 0.68096 -0.68621
vn 0.08411 0.68096 -0.72748
vn 0.64589 0.68137 -0.34432
vn 0.54537 0.68096 -0.48875
vn 0.10392 -0.69194 -0.71444
vn 0.16590 -0.63441 -0.75498
vn 0.26567 -0.95964 -0.09223
vn 0.30539 -0.59177 -0.74602
vn 0.34283 -0.48258 -0.80597
vn 0.51898 -0.83050 -0.20230
vn 0.97012 -0.06652 0.23331
vn 0.93265 -0.28206 0.22494
vn 0.98493 -0.06653 0.15964
vn 0.95694 -0.28059 0.07436
vn 0.99477 -0.06666 0.07738
vn 0.99775 -0.06679 -0.00570
vn 0.95603 -0.28060 -0.08530
vn 0.99382 -0.06666 -0.08874
vn 0.54854 -0.28435 -0.78629
vn 0.54708 -0.21470 -0.80908
vn 0.93246 -0.28006 -0.22823
vn 0.58268 -0.17098 -0.79451
vn 0.59458 -0.07830 -0.80022
vn 0.98294 -0.06458 -0.17219
vn 0.96883 -0.06194 -0.23987
vn 0.58942 -0.01904 -0.80760
vn 0.43505 -0.46087 -0.77352
vn 0.44545 -0.41985 -0.79076
vn 0.79594 -0.57294 -0.19550
vn 0.49118 -0.39067 -0.77854
vn 0.23364 -0.63897 -0.73289
vn 0.28074 -0.95698 -0.07334
vn 0.28901 -0.95698 -0.02578
vn 0.28929 -0.95698 0.02248
vn 0.28156 -0.95698 0.07012
vn 0.25899 -0.96129 0.09404
vn 0.56253 -0.81557 0.13569
vn 0.52073 -0.83080 0.19651
vn 0.79933 -0.56987 0.19055
vn 0.81865 -0.57076 0.06361
vn 0.81787 -0.57075 -0.07297
vn 0.57929 -0.81388 0.04501
vn 0.57875 -0.81387 -0.05163
vn 0.56093 -0.81557 -0.14212
vn 0.54335 -0.53604 -0.64609
vn -0.55092 -0.68096 -0.48248
vn 0.62770 -0.68846 -0.36334
vn -0.63326 -0.68748 -0.35546
vn 0.79017 -0.20428 -0.57784
vn -0.79501 -0.20244 -0.57182
vn 0.41256 -0.68096 -0.60506
vn -0.26360 -0.68096 -0.68324
vn 0.25577 -0.68096 -0.68621
vn -0.09243 -0.68096 -0.72647
vn 0.08411 -0.68096 -0.72748
vn -0.41945 -0.68096 -0.60030
vn 0.54537 -0.68096 -0.48875
vn 0.79673 0.20428 0.56877
vn -0.78842 0.20244 0.58088
vn -0.62915 0.68749 0.36268
vn 0.63182 0.68846 0.35614
vn -0.54537 0.68096 0.48875
vn -0.41255 0.68096 0.60506
vn 0.41945 0.68096 0.60030
vn -0.08411 0.68096 0.72748
vn 0.26359 0.68096 0.68324
vn 0.09243 0.68096 0.72647
vn -0.25577 0.68096 0.68621
vn 0.55092 0.68096 0.48248
vn -0.61901 0.22686 0.75191
vn -0.50382 0.42635 0.75125
vn -0.65900 -0.00000 0.75214
vn 0.60423 0.03536 0.79603
vn -0.61901 -0.22686 0.75191
vn -0.32737 0.57443 0.75024
vn -0.11090 0.65322 0.74901
vn 0.11946 0.65321 0.74769
vn 0.33592 0.57443 0.74645
vn 0.51238 0.42635 0.74544
vn 0.62756 0.22687 0.74479
vn 0.66756 -0.00000 0.74456
vn -0.59438 0.02588 0.80377
vn -0.14358 0.66678 0.73129
vn -0.23437 0.63900 0.73263
vn 0.33592 -0.57443 0.74645
vn -0.30471 0.59392 0.74459
vn -0.34284 0.48259 0.80596
vn -0.54334 0.53603 0.64610
vn -0.43505 0.46087 0.77352
vn -0.44556 0.41965 0.79080
vn -0.32737 -0.57443 0.75024
vn 0.06764 0.70591 0.70506
vn -0.11090 -0.65322 0.74901
vn 0.01402 0.70900 0.70507
vn 0.11946 -0.65321 0.74769
vn -0.01977 0.71122 0.70269
vn -0.13724 0.70691 0.69386
vn -0.49139 0.39052 0.77848
vn -0.56032 0.27880 0.77994
vn -0.55098 0.22652 0.80318
vn 0.62756 -0.22687 0.74479
vn 0.51238 -0.42635 0.74544
vn -0.60256 0.07198 0.79482
vn -0.58265 0.17101 0.79453
vn 0.28915 0.54762 0.78518
vn 0.27210 0.62859 0.72858
vn -0.50382 -0.42635 0.75125
vn 0.16880 0.66026 0.73182
vn 0.12297 0.65751 0.74334
vn 0.43708 0.46209 0.77164
vn 0.48284 0.41374 0.77180
vn 0.49725 0.35183 0.79307
vn 0.50452 0.52166 0.68799
vn 0.33927 0.53920 0.77082
vn 0.60087 0.12307 0.78981
vn 0.57027 0.16692 0.80432
vn 0.57685 0.23035 0.78370
vn 0.53923 0.32025 0.77889
vn -0.66756 -0.00000 -0.74456
vn -0.62756 -0.22686 -0.74478
vn -0.51238 -0.42635 -0.74544
vn -0.33592 -0.57443 -0.74645
vn -0.11946 -0.65322 -0.74769
vn 0.11090 -0.65321 -0.74901
vn 0.32736 -0.57443 -0.75025
vn 0.50383 -0.42635 -0.75125
vn 0.61900 -0.22687 -0.75191
vn 0.65900 -0.00000 -0.75214
vn 0.61900 0.22687 -0.75191
vn 0.50383 0.42635 -0.75125
vn 0.32736 0.57443 -0.75025
vn 0.11090 0.65321 -0.74901
vn -0.11945 0.65322 -0.74769
vn -0.33592 0.57443 -0.74645
vn -0.51238 0.42635 -0.74544
vn -0.62757 0.22686 -0.74478
vn 0.06769 0.99755 0.01738
vn 0.06930 0.99756 0.00849
vn -0.02781 0.71121 -0.70243
vn 0.06573 0.99783 0.00334
vn 0.07328 0.99731 -0.00181
vn 0.06988 0.99753 -0.00666
vn -0.06255 0.99780 -0.02207
vn -0.06814 0.99753 -0.01697
vn 0.05740 0.99813 0.02106
vn -0.07002 0.99753 -0.00544
vn -0.06995 0.99753 0.00624
vn 0.06567 0.99752 0.02517
vn -0.06406 0.99763 0.02506
vn -0.06795 0.99753 0.01775
vn 0.06795 0.99753 -0.01775
vn 0.06514 0.99756 -0.02496
vn 0.00581 0.70896 -0.70523
vn 0.79817 0.57213 0.18864
vn 0.59383 0.12130 -0.79539
vn 0.56107 0.16691 -0.81077
vn 0.93170 0.27922 -0.23232
vn 0.59657 0.03758 -0.80168
vn 0.99775 0.06678 -0.00570
vn 0.99382 0.06666 -0.08874
vn 0.95603 0.28060 -0.08529
vn 0.98304 0.06655 -0.17088
vn 0.96740 0.06654 -0.24437
vn 0.99477 0.06665 0.07738
vn 0.95694 0.28059 0.07436
vn 0.98485 0.06456 0.16095
vn 0.93434 0.28038 0.22001
vn 0.97104 0.06306 0.23045
vn 0.51863 0.83467 0.18534
vn 0.26391 0.96050 0.08827
vn 0.29009 0.95674 0.02238
vn 0.28179 0.95689 0.07047
vn 0.28902 0.95698 -0.02578
vn 0.28074 0.95698 -0.07334
vn 0.25649 0.96169 -0.09681
vn 0.26625 0.57415 -0.77425
vn 0.28008 0.63000 -0.72433
vn 0.16041 0.66026 -0.73371
vn 0.10326 0.67153 -0.73375
vn 0.06911 0.70819 -0.70263
vn 0.56115 0.81528 -0.14293
vn 0.42824 0.46209 -0.77658
vn 0.50084 0.84260 -0.19794
vn 0.49667 0.52167 -0.69367
vn 0.33038 0.53924 -0.77464
vn 0.56795 0.23061 -0.79010
vn 0.53052 0.32013 -0.78490
vn 0.79600 0.57204 -0.19787
vn 0.48807 0.35188 -0.79873
vn 0.47394 0.41382 -0.77726
vn 0.81787 0.57075 -0.07297
vn 0.81865 0.57076 0.06361
vn 0.57875 0.81387 -0.05163
vn 0.57929 0.81388 0.04502
vn 0.56275 0.81528 0.13650
vn -0.73191 -0.68138 0.00418
vn -0.71153 -0.68158 -0.17080
vn 0.00000 -1.00000 0.00000
vn -0.70975 -0.68119 0.17953
vn -0.41255 -0.68096 0.60506
vn -0.54537 -0.68096 0.48875
vn -0.64648 -0.68096 0.34403
vn 0.09243 -0.68096 0.72647
vn -0.08411 -0.68096 0.72748
vn -0.25577 -0.68096 0.68621
vn 0.55092 -0.68096 0.48248
vn 0.41945 -0.68096 0.60030
vn 0.26359 -0.68096 0.68324
vn 0.73191 -0.68138 -0.00418
vn 0.71153 -0.68158 0.17080
vn 0.64979 -0.68137 0.33692
vn 0.54537 -0.68096 -0.48875
vn 0.64648 -0.68096 -0.34403
vn 0.70975 -0.68119 -0.17953
vn 0.08411 -0.68096 -0.72748
vn 0.25577 -0.68096 -0.68621
vn 0.41256 -0.68096 -0.60506
vn -0.41945 -0.68096 -0.60030
vn -0.26360 -0.68096 -0.68324
vn -0.09243 -0.68096 -0.72647
vn -0.64979 -0.68137 -0.33692
vn -0.55092 -0.68096 -0.48248
vn -0.11201 0.69197 -0.71318
vn -0.17448 0.63444 -0.75303
vn -0.26670 0.95965 -0.08918
vn -0.31390 0.59183 -0.74243
vn -0.35201 0.48246 -0.80207
vn -0.52128 0.83049 -0.19637
vn -0.96740 0.06651 0.24437
vn -0.93002 0.28205 0.23559
vn -0.98304 0.06652 0.17088
vn -0.95603 0.28060 0.08530
vn -0.99382 0.06666 0.08876
vn -0.99775 0.06681 0.00570
vn -0.95694 0.28060 -0.07436
vn -0.99477 0.06666 -0.07740
vn -0.55749 0.28436 -0.77997
vn -0.55629 0.21470 -0.80277
vn -0.93501 0.28006 -0.21755
vn -0.59169 0.17102 -0.78781
vn -0.60371 0.07829 -0.79335
vn -0.98485 0.06456 -0.16094
vn -0.97151 0.06192 -0.22877
vn -0.59862 0.01897 -0.80081
vn -0.44388 0.46086 -0.76849
vn -0.45458 0.41964 -0.78566
vn -0.79811 0.57296 -0.18639
vn -0.50028 0.39051 -0.77280
vn -0.24203 0.63897 -0.73016
vn -0.28156 0.95698 -0.07012
vn -0.28929 0.95698 -0.02248
vn -0.28902 0.95698 0.02579
vn -0.28074 0.95698 0.07334
vn -0.25791 0.96129 0.09699
vn -0.56094 0.81557 0.14212
vn -0.51845 0.83080 0.20242
vn -0.79710 0.56987 0.19968
vn -0.81787 0.57075 0.07297
vn -0.81865 0.57076 -0.06361
vn -0.57875 0.81387 0.05163
vn -0.57929 0.81388 -0.04502
vn -0.56253 0.81557 -0.13569
vn -0.55069 0.53599 -0.63989
vn 0.54537 0.68096 -0.48875
vn -0.63182 0.68845 -0.35614
vn 0.62915 0.68749 -0.36268
vn -0.79673 0.20429 -0.56877
vn 0.78842 0.20244 -0.58088
vn -0.41945 0.68096 -0.60030
vn 0.25577 0.68096 -0.68621
vn -0.26360 0.68096 -0.68324
vn 0.08411 0.68096 -0.72748
vn -0.09243 0.68096 -0.72647
vn 0.41256 0.68096 -0.60506
vn -0.55092 0.68096 -0.48248
vn 0.65268 0.00000 -0.75763
vn 0.65317 0.35035 -0.67128
vn 0.99998 0.00000 -0.00572
vn 0.65647 -0.74840 -0.09463
vn 0.65454 -0.62044 -0.43201
vn 0.65317 -0.35035 -0.67128
vn 0.66117 -0.18042 0.72822
vn 0.66021 -0.49992 0.56053
vn 0.65852 -0.70490 0.26357
vn 0.65852 0.70490 0.26357
vn 0.66021 0.49992 0.56053
vn 0.66117 0.18042 0.72822
vn 0.65454 0.62044 -0.43201
vn 0.65647 0.74840 -0.09463
vn 0.65105 -0.65572 -0.38231
vn 0.64947 -0.37858 -0.65945
vn 0.99998 0.00000 -0.00572
vn 0.64889 -0.00000 -0.76088
vn 0.64947 0.37858 -0.65945
vn 0.65697 -0.37858 0.65198
vn 0.65538 -0.65572 0.37484
vn 0.65322 -0.75716 -0.00373
vn 0.65538 0.65572 0.37484
vn 0.65697 0.37858 0.65198
vn 0.65755 0.00000 0.75341
vn 0.65105 0.65572 -0.38231
vn 0.65322 0.75716 -0.00373
vn 0.70912 -0.61237 0.34950
vn 0.70912 -0.61237 0.34951
vn 0.65434 -0.73136 0.19223
vn 0.77119 -0.61600 0.16065
vn 0.65209 -0.73136 -0.19970
vn 0.76931 -0.61600 -0.16946
vn 0.65016 -0.53540 -0.53912
vn 0.76766 -0.45094 -0.45537
vn 0.64906 -0.19597 -0.73507
vn 0.76673 -0.16505 -0.62039
vn 0.64906 0.19597 -0.73507
vn 0.76673 0.16505 -0.62039
vn 0.65015 0.53540 -0.53912
vn 0.76766 0.45094 -0.45536
vn 0.65881 -0.70891 -0.25183
vn 0.70926 -0.60200 -0.36680
vn 0.66075 -0.74630 0.08031
vn 0.65971 0.54312 0.51943
vn 0.65434 0.73136 0.19223
vn 0.76930 -0.61600 -0.16946
vn 0.65210 0.73136 -0.19970
vn 0.77119 -0.61600 0.16065
vn 0.66394 -0.39953 0.63210
vn 0.66258 -0.63589 0.39578
vn 0.66453 -0.08409 0.74252
vn 0.66432 0.24804 0.70509
vn 0.76807 0.46340 0.44196
vn 0.76423 0.21435 0.60828
vn 0.76447 -0.07266 0.64056
vn 0.76389 -0.34527 0.54521
vn 0.76275 -0.54952 0.34093
vn 0.76119 -0.64492 0.06830
vn 0.75955 -0.61257 -0.21873
vn 0.70081 -0.60921 -0.37111
vn 0.65971 -0.54312 0.51943
vn 0.65434 -0.73136 0.19223
vn 0.76930 0.61600 -0.16946
vn 0.77119 0.61600 0.16065
vn 0.65210 -0.73136 -0.19970
vn 0.70912 0.61237 0.34950
vn 0.65015 -0.53540 -0.53912
vn 0.65434 0.73136 0.19223
vn 0.70926 0.60200 -0.36680
vn 0.65884 0.70889 -0.25181
vn 0.66076 0.74629 0.08030
vn 0.64906 -0.19597 -0.73507
vn 0.64905 0.19597 -0.73508
vn 0.66449 0.08408 0.74256
vn 0.66431 -0.24804 0.70510
vn 0.66391 0.39956 0.63212
vn 0.66256 0.63591 0.39577
vn 0.65209 0.73136 -0.19970
vn 0.65013 0.53541 -0.53913
vn 0.70081 0.60921 -0.37111
vn 0.75955 0.61257 -0.21872
vn 0.76119 0.64493 0.06830
vn 0.76276 0.54953 0.34092
vn 0.76389 0.34527 0.54521
vn 0.76447 0.07266 0.64056
vn 0.76424 -0.21435 0.60826
vn 0.76807 -0.46340 0.44196
vn 0.76766 -0.45094 -0.45536
vn 0.76673 -0.16505 -0.62039
vn 0.76673 0.16505 -0.62039
vn 0.76766 0.45094 -0.45537
vn 0.76931 0.61600 -0.16946
vn 0.77119 0.61600 0.16065
vn 0.70912 0.61237 0.34951
vn 0.65268 -0.00000 -0.75763
vn 0.65317 0.35035 -0.67128
vn 0.99998 -0.00000 -0.00572
vn 0.65647 -0.74840 -0.09463
vn 0.65454 -0.62044 -0.43201
vn 0.65317 -0.35035 -0.67128
vn 0.66117 -0.18042 0.72822
vn 0.66021 -0.49992 0.56053
vn 0.65852 -0.70490 0.26357
vn 0.65852 0.70490 0.26357
vn 0.66021 0.49992 0.56053
vn 0.66117 0.18042 0.72822
vn 0.65454 0.62044 -0.43201
vn 0.65647 0.74840 -0.09463
vn 0.65268 0.00000 -0.75763
vn 0.65317 0.35035 -0.67128
vn 0.99998 -0.00000 -0.00572
vn 0.65647 -0.74839 -0.09463
vn 0.65454 -0.62044 -0.43201
vn 0.65317 -0.35035 -0.67128
vn 0.66117 -0.18042 0.72822
vn 0.66021 -0.49992 0.56053
vn 0.65852 -0.70490 0.26357
vn 0.65852 0.70490 0.26357
vn 0.66021 0.49992 0.56053
vn 0.66117 0.18042 0.72822
vn 0.65454 0.62044 -0.43201
vn 0.65647 0.74840 -0.09463
vn 0.65105 -0.65572 -0.38231
vn 0.64947 -0.37858 -0.65944
vn 0.99998 0.00000 -0.00572
vn 0.64889 0.00000 -0.76089
vn 0.64947 0.37858 -0.65944
vn 0.65696 -0.37858 0.65198
vn 0.65538 -0.65572 0.37484
vn 0.65322 -0.75716 -0.00374
vn 0.65538 0.65572 0.37484
vn 0.65696 0.37858 0.65198
vn 0.65754 0.00000 0.75342
vn 0.65105 0.65572 -0.38231
vn 0.65322 0.75716 -0.00374
vn -0.65105 -0.65572 0.38231
vn -0.64947 -0.37858 0.65945
vn -0.99998 0.00000 0.00572
vn -0.64889 0.00000 0.76088
vn -0.64947 0.37858 0.65945
vn -0.65696 -0.37858 -0.65198
vn -0.65538 -0.65572 -0.37484
vn -0.65322 -0.75716 0.00373
vn -0.65538 0.65572 -0.37484
vn -0.65696 0.37858 -0.65198
vn -0.65755 0.00000 -0.75342
vn -0.65105 0.65572 0.38231
vn -0.65322 0.75716 0.00373
vn 0.76469 0.63916 -0.08198
vn 0.70758 0.70195 0.08119
vn 0.76644 0.60202 0.22394
vn 0.76789 0.42696 0.47755
vn 0.76871 0.15408 0.62076
vn 0.76871 -0.15408 0.62076
vn 0.76789 -0.42696 0.47755
vn 0.76644 -0.60202 0.22394
vn 0.70758 -0.70195 0.08119
vn 0.76469 -0.63916 -0.08198
vn 0.70566 -0.66116 -0.25478
vn 0.76304 -0.52988 -0.37012
vn 0.76187 -0.29921 -0.57447
vn 0.76145 0.00000 -0.64822
vn 0.76187 0.29921 -0.57447
vn 0.76304 0.52988 -0.37012
vn 0.70566 0.66116 -0.25478
vn 0.76660 -0.00000 -0.64212
vn 0.76709 0.31886 -0.55668
vn 0.76842 0.55229 -0.32326
vn 0.77025 0.63773 -0.00440
vn 0.77207 0.55229 0.31445
vn 0.77341 0.31887 0.54787
vn 0.77389 0.00000 0.63331
vn 0.77341 -0.31887 0.54787
vn 0.77207 -0.55229 0.31445
vn 0.77025 -0.63773 -0.00440
vn 0.76843 -0.55229 -0.32326
vn 0.76709 -0.31886 -0.55668
vn 0.65210 -0.73136 -0.19970
vn 0.65434 -0.73136 0.19223
vn 0.76930 0.61600 -0.16945
vn 0.77119 0.61600 0.16065
vn 0.77119 -0.61600 0.16065
vn 0.76931 -0.61600 -0.16946
vn 0.65434 0.73136 0.19223
vn 0.65210 0.73136 -0.19970
vn 0.76469 0.63916 -0.08198
vn 0.70758 0.70195 0.08119
vn 0.76644 0.60202 0.22394
vn 0.76789 0.42696 0.47755
vn 0.76871 0.15408 0.62076
vn 0.76871 -0.15408 0.62076
vn 0.76789 -0.42696 0.47755
vn 0.76644 -0.60202 0.22394
vn 0.70758 -0.70195 0.08119
vn 0.76469 -0.63916 -0.08198
vn 0.70566 -0.66116 -0.25478
vn 0.76304 -0.52988 -0.37012
vn 0.76187 -0.29921 -0.57447
vn 0.76145 -0.00000 -0.64822
vn 0.76187 0.29921 -0.57447
vn 0.76304 0.52988 -0.37012
vn 0.70566 0.66116 -0.25478
vn 0.76469 0.63916 -0.08198
vn 0.70758 0.70195 0.08119
vn 0.76644 0.60202 0.22394
vn 0.76789 0.42696 0.47755
vn 0.76871 0.15408 0.62076
vn 0.76871 -0.15408 0.62076
vn 0.76789 -0.42696 0.47755
vn 0.76644 -0.60202 0.22394
vn 0.70758 -0.70195 0.08119
vn 0.76469 -0.63916 -0.08198
vn 0.70566 -0.66116 -0.25478
vn 0.76304 -0.52988 -0.37012
vn 0.76187 -0.29921 -0.57447
vn 0.76145 0.00000 -0.64822
vn 0.76187 0.29921 -0.57447
vn 0.76304 0.52988 -0.37012
vn 0.70566 0.66116 -0.25478
vn 0.76660 0.00000 -0.64212
vn 0.76710 0.31886 -0.55668
vn 0.76843 0.55229 -0.32326
vn 0.77026 0.63772 -0.00441
vn 0.77207 0.55229 0.31446
vn 0.77341 0.31886 0.54787
vn 0.77390 0.00000 0.63331
vn 0.77341 -0.31886 0.54787
vn 0.77207 -0.55229 0.31446
vn 0.77025 -0.63773 -0.00440
vn 0.76843 -0.55229 -0.32326
vn 0.76710 -0.31887 -0.55667
vn -0.76660 0.00000 0.64212
vn -0.76709 -0.31886 0.55668
vn -0.76843 -0.55229 0.32326
vn -0.77025 -0.63773 0.00440
vn -0.77207 -0.55229 -0.31445
vn -0.77341 -0.31886 -0.54788
vn -0.77389 0.00000 -0.63331
vn -0.77341 0.31886 -0.54788
vn -0.77207 0.55229 -0.31445
vn -0.77025 0.63773 0.00440
vn -0.76843 0.55229 0.32326
vn -0.76709 0.31886 0.55668
vn 0.57404 -0.57735 -0.58064
vn -0.58064 -0.57735 -0.57404
vn 0.57404 0.57735 -0.58064
vn -0.58064 0.57735 -0.57404
vn 0.57404 0.57735 -0.58064
vn 0.57404 -0.57735 -0.58064
vn -0.58064 0.57735 -0.57404
vn -0.58064 -0.57735 -0.57404
vn 0.99327 0.00000 -0.11583
vn 0.99998 0.00000 -0.00572
vn 0.99327 -0.00000 -0.11583
vn 0.99998 -0.00000 -0.00572
vn 0.99998 0.00000 -0.00572
vn 0.99998 -0.00000 -0.00572
vn 0.99998 0.00000 -0.00572
vn 0.99998 -0.00000 -0.00572
vn 0.99194 -0.05698 -0.11321
vn 0.99538 -0.03091 -0.09088
vn 0.99998 -0.00000 -0.00572
vn 0.99081 -0.03144 -0.13156
vn 0.99509 -0.01509 -0.09784
vn 0.99509 -0.01507 -0.09782
vn 0.99303 -0.11079 -0.04013
vn 0.99550 -0.08295 -0.04585
vn 0.99118 -0.11138 -0.07175
vn 0.99565 -0.07164 -0.05958
vn 0.98976 -0.09472 -0.10678
vn 0.99373 -0.06440 -0.09136
vn 0.99529 -0.09632 -0.01096
vn 0.99400 -0.10641 -0.02543
vn 0.99422 -0.10243 -0.03206
vn 0.99194 -0.12663 -0.00437
vn 0.99998 -0.00000 -0.00572
vn 0.99597 -0.08941 0.00625
vn 0.99540 -0.09255 0.02479
vn 0.99212 -0.12252 0.02632
vn 0.99597 -0.08942 0.00626
vn 0.99353 -0.05707 0.09823
vn 0.99240 -0.06195 0.10628
vn 0.99628 -0.05665 0.06500
vn 0.99202 -0.09082 0.08742
vn 0.99619 -0.06930 0.05289
vn 0.99244 -0.10791 0.05850
vn 0.99436 -0.09759 0.04142
vn 0.99998 -0.00000 -0.00572
vn 0.99555 -0.02807 0.09001
vn 0.99491 -0.03992 0.09251
vn 0.99639 -0.00727 0.08454
vn 0.99043 -0.03798 0.13271
vn 0.99355 -0.02921 0.10958
vn 0.99317 0.05698 0.10186
vn 0.99636 0.03091 0.07949
vn 0.99225 0.03143 0.12021
vn 0.99614 0.01507 0.08643
vn 0.99490 0.00692 0.10067
vn 0.99343 0.11079 0.02877
vn 0.99596 0.08295 0.03447
vn 0.99194 0.11138 0.06042
vn 0.99627 0.07164 0.04819
vn 0.99092 0.09472 0.09546
vn 0.99533 0.06873 0.06776
vn 0.99482 0.06221 0.08036
vn 0.99529 0.05218 0.08165
vn 0.99584 0.08944 -0.01765
vn 0.99193 0.12663 -0.00697
vn 0.99535 0.09632 -0.00041
vn 0.99584 0.08941 -0.01764
vn 0.99453 0.10243 0.02069
vn 0.99422 0.10641 0.01407
vn 0.99407 0.00516 -0.10862
vn 0.99536 0.00726 -0.09593
vn 0.99138 0.02843 -0.12792
vn 0.99379 0.03995 -0.10388
vn 0.99213 0.06093 -0.10943
vn 0.99547 0.05664 -0.07638
vn 0.99505 0.09255 -0.03617
vn 0.99552 0.06931 -0.06427
vn 0.99383 0.09759 -0.05279
vn 0.99170 0.10792 -0.06985
vn 0.99096 0.09082 -0.09876
vn 0.99175 0.12254 -0.03768
vn 0.99368 -0.00692 -0.11202
vn 0.99423 -0.00260 -0.10727
vn 0.99998 0.00000 -0.00572
vn 0.99441 0.00000 -0.10557
vn 0.99441 -0.00000 -0.10557
vn 0.99998 0.00000 -0.00572
vn 0.99998 0.00000 -0.00572
vn 0.99998 0.00000 -0.00572
vn 0.99998 0.00000 -0.00572
vn 0.99998 0.00000 -0.00572
vn 0.99327 0.00000 -0.11583
vn 0.99998 -0.00000 -0.00572
vn 0.99998 0.00000 -0.00572
vn 0.99998 0.00000 -0.00572
vn 0.99539 0.00260 0.09588
vn 0.99555 0.00000 0.09419
vn 0.99453 -0.00000 0.10447
vn 0.99453 0.00000 0.10447
vn 0.99453 0.00000 0.10447
vn 0.99453 0.00000 0.10447
vn 0.99525 -0.00516 0.09724
vn -0.99423 -0.00260 0.10726
vn -0.99407 0.00516 0.10862
vn -0.99539 0.00260 -0.09590
vn -0.99525 -0.00516 -0.09725
vn -0.99303 -0.11079 0.04013
vn -0.99317 0.05698 -0.10186
vn -0.99636 0.03091 -0.07949
vn -0.99175 0.12251 0.03766
vn -0.99194 0.11138 -0.06042
vn -0.99627 0.07164 -0.04819
vn -0.99536 0.00726 0.09593
vn -0.99505 0.09255 0.03617
vn -0.99550 -0.08295 0.04585
vn -0.99118 -0.11138 0.07175
vn -0.99565 -0.07164 0.05958
vn -0.99194 -0.05698 0.11321
vn -0.99538 -0.03091 0.09088
vn -0.99081 -0.03143 0.13155
vn -0.99509 -0.01507 0.09781
vn -0.99368 -0.00692 0.11201
vn -0.99639 -0.00727 -0.08455
vn -0.99278 -0.02843 -0.11657
vn -0.99491 -0.03994 -0.09250
vn -0.99225 0.03143 -0.12021
vn -0.99614 0.01507 -0.08643
vn -0.99490 0.00693 -0.10065
vn -0.99529 -0.09633 0.01097
vn -0.99628 -0.05665 -0.06500
vn -0.99194 -0.12664 0.00437
vn -0.99597 -0.08942 -0.00625
vn -0.99331 -0.06093 -0.09807
vn -0.99400 -0.10642 0.02544
vn -0.98976 -0.09472 0.10678
vn -0.99373 -0.06440 0.09136
vn -0.99540 -0.09255 -0.02479
vn -0.99619 -0.06930 -0.05288
vn -0.99436 -0.09759 -0.04142
vn -0.99244 -0.10791 -0.05850
vn -0.99202 -0.09082 -0.08741
vn -0.99212 -0.12252 -0.02632
vn -0.99192 0.12664 0.00697
vn -0.99535 0.09632 0.00042
vn -0.99596 0.08295 -0.03446
vn -0.99422 0.10641 -0.01407
vn -0.99343 0.11080 -0.02877
vn -0.99092 0.09472 -0.09546
vn -0.99471 0.06440 -0.08000
vn -0.99213 0.06092 0.10941
vn -0.99547 0.05664 0.07638
vn -0.99379 0.03995 0.10387
vn -0.99138 0.02842 0.12791
vn -0.99096 0.09082 0.09875
vn -0.99552 0.06930 0.06427
vn -0.99584 0.08942 0.01764
vn -0.99171 0.10790 0.06984
vn -0.99383 0.09759 0.05278
vn 0.65198 -0.37858 -0.65696
vn 0.37484 -0.65572 -0.65538
vn -0.00572 0.00000 -0.99998
vn -0.00373 -0.75716 -0.65322
vn -0.38231 -0.65572 -0.65105
vn 0.37484 0.65572 -0.65538
vn 0.65198 0.37858 -0.65696
vn 0.75341 0.00000 -0.65755
vn -0.65945 0.37859 -0.64946
vn -0.38231 0.65572 -0.65105
vn -0.00373 0.75716 -0.65322
vn -0.65945 -0.37859 -0.64946
vn -0.76088 0.00000 -0.64889
vn 0.65198 -0.37858 -0.65696
vn 0.37484 -0.65572 -0.65538
vn -0.00572 0.00000 -0.99998
vn -0.00373 -0.75716 -0.65322
vn -0.38231 -0.65572 -0.65105
vn 0.37484 0.65572 -0.65538
vn 0.65198 0.37858 -0.65696
vn 0.75341 -0.00000 -0.65755
vn -0.65945 0.37859 -0.64946
vn -0.38231 0.65572 -0.65105
vn -0.00373 0.75716 -0.65322
vn -0.65945 -0.37859 -0.64946
vn -0.76088 -0.00000 -0.64889
vn 0.29634 0.30151 -0.90624
vn 0.29634 -0.30151 -0.90624
vn -0.30668 -0.30151 -0.90280
vn -0.30668 0.30151 -0.90280
vn -0.30668 0.30151 -0.90280
vn 0.29634 0.30151 -0.90624
vn 0.29634 -0.30151 -0.90624
vn -0.30668 -0.30151 -0.90280
vn 0.81054 0.01501 0.58550
vn 0.91531 0.01005 0.40262
vn 0.91291 0.06064 0.40364
vn 0.90947 0.25241 0.33037
vn 0.80334 0.01607 -0.59531
vn 0.65528 0.02043 -0.75511
vn 0.65082 0.11147 -0.75101
vn 0.50752 0.02336 -0.86132
vn 0.91016 0.05649 -0.41039
vn 0.91075 0.00973 -0.41285
vn 0.80453 0.01328 -0.59376
vn 0.90476 0.15426 -0.39701
vn 0.90680 0.25033 -0.33919
vn 0.90723 0.32802 -0.26332
vn 0.90636 0.38744 -0.16853
vn 0.90845 0.41360 -0.06049
vn 0.90762 0.41684 0.04977
vn 0.90919 0.38503 0.15853
vn 0.91054 0.32814 0.25149
vn 0.91088 0.15195 0.38369
vn 0.66391 0.02043 0.74754
vn 0.81013 0.01607 0.58604
vn 0.65936 0.11146 0.74352
vn 0.51734 0.02336 0.85546
vn 0.37810 0.12803 0.91687
vn 0.62027 0.18854 0.76139
vn 0.65679 0.27717 0.70129
vn 0.65624 0.45265 0.60371
vn 0.62052 0.38260 0.68452
vn 0.38605 0.34504 0.85552
vn 0.65544 0.59633 0.46345
vn 0.62033 0.54963 0.55954
vn 0.38389 0.55733 0.73621
vn 0.65445 0.69812 0.29039
vn 0.61978 0.67799 0.39522
vn 0.38180 0.73110 0.56543
vn 0.65333 0.75087 0.09666
vn 0.61891 0.75876 0.20306
vn 0.37987 0.85419 0.35505
vn 0.65219 0.75087 -0.10412
vn 0.61780 0.78633 -0.00353
vn 0.37815 0.91797 0.11975
vn 0.65108 0.69812 -0.29785
vn 0.61654 0.75877 -0.21012
vn 0.37675 0.91797 -0.12407
vn 0.65010 0.59633 -0.47092
vn 0.61522 0.67799 -0.40228
vn 0.37579 0.85419 -0.35937
vn 0.64929 0.45265 -0.61117
vn 0.61390 0.54963 -0.56660
vn 0.37531 0.73110 -0.56976
vn 0.64873 0.27717 -0.70875
vn 0.61266 0.38260 -0.69157
vn 0.37545 0.55733 -0.74055
vn 0.36759 0.12803 -0.92113
vn 0.61153 0.18854 -0.76843
vn 0.37625 0.34504 -0.85988
vn 0.50752 -0.02336 -0.86132
vn 0.65528 -0.02043 -0.75511
vn 0.80334 -0.01607 -0.59531
vn 0.80364 -0.01552 -0.59491
vn 0.91082 -0.01058 -0.41267
vn 0.90823 -0.06064 -0.41405
vn 0.81013 -0.01607 0.58604
vn 0.66391 -0.02043 0.74754
vn 0.65936 -0.11146 0.74352
vn 0.51734 -0.02336 0.85546
vn 0.81121 -0.01328 0.58460
vn 0.91481 -0.05665 0.39988
vn 0.91537 -0.00973 0.40250
vn 0.90925 -0.15419 0.38664
vn 0.91063 -0.25025 0.32882
vn 0.91018 -0.32802 0.25293
vn 0.90823 -0.38744 0.15815
vn 0.90908 -0.41360 0.05010
vn 0.90699 -0.41683 -0.06014
vn 0.90731 -0.38503 -0.16892
vn 0.90760 -0.32814 -0.26189
vn 0.90643 -0.15195 -0.39408
vn 0.90575 -0.25237 -0.34047
vn 0.65082 -0.11146 -0.75101
vn 0.36759 -0.12803 -0.92113
vn 0.61153 -0.18854 -0.76843
vn 0.64873 -0.27717 -0.70875
vn 0.64929 -0.45265 -0.61117
vn 0.61266 -0.38260 -0.69157
vn 0.37624 -0.34504 -0.85988
vn 0.65009 -0.59633 -0.47092
vn 0.61390 -0.54963 -0.56660
vn 0.37545 -0.55733 -0.74055
vn 0.65108 -0.69812 -0.29785
vn 0.61522 -0.67799 -0.40228
vn 0.37532 -0.73110 -0.56976
vn 0.65219 -0.75087 -0.10412
vn 0.61654 -0.75877 -0.21012
vn 0.37578 -0.85419 -0.35937
vn 0.65334 -0.75087 0.09666
vn 0.61780 -0.78633 -0.00353
vn 0.37675 -0.91797 -0.12407
vn 0.65445 -0.69812 0.29039
vn 0.61890 -0.75877 0.20306
vn 0.37814 -0.91797 0.11975
vn 0.65544 -0.59633 0.46346
vn 0.61978 -0.67800 0.39522
vn 0.37986 -0.85419 0.35505
vn 0.65624 -0.45265 0.60370
vn 0.62034 -0.54963 0.55954
vn 0.38181 -0.73110 0.56543
vn 0.65679 -0.27717 0.70129
vn 0.62052 -0.38260 0.68452
vn 0.38389 -0.55733 0.73621
vn 0.37810 -0.12803 0.91687
vn 0.62027 -0.18854 0.76139
vn 0.38604 -0.34504 0.85552
vn -0.46914 -0.02393 0.88280
vn -0.46914 0.02393 0.88280
vn -0.65537 -0.02042 0.75503
vn -0.65537 0.02042 0.75503
vn -0.80342 -0.01607 0.59520
vn -0.80341 0.01607 0.59520
vn -0.80338 -0.01607 0.59525
vn -0.80338 0.01607 0.59525
vn -0.91092 -0.01115 0.41242
vn -0.91143 0.01268 0.41126
vn -0.81020 0.01607 -0.58594
vn -0.91563 0.01114 -0.40188
vn -0.91291 0.06064 -0.40364
vn -0.65082 0.11146 0.75101
vn -0.91016 0.05649 0.41038
vn -0.90476 0.15426 0.39701
vn -0.90680 0.25033 0.33919
vn -0.90723 0.32802 0.26332
vn -0.90636 0.38744 0.16853
vn -0.90845 0.41360 0.06049
vn -0.90762 0.41684 -0.04977
vn -0.90919 0.38503 -0.15853
vn -0.91054 0.32814 -0.25149
vn -0.90959 0.25237 -0.33009
vn -0.91088 0.15195 -0.38369
vn -0.66400 0.02042 -0.74745
vn -0.81020 0.01607 -0.58594
vn -0.65936 0.11146 -0.74352
vn -0.47920 0.02393 -0.87738
vn -0.24041 0.13402 -0.96137
vn -0.63195 0.18631 -0.75228
vn -0.65679 0.27717 -0.70129
vn -0.65624 0.45265 -0.60371
vn -0.63242 0.37799 -0.67615
vn -0.24775 0.36263 -0.89840
vn -0.65544 0.59633 -0.46346
vn -0.63239 0.54290 -0.55258
vn -0.24478 0.58515 -0.77310
vn -0.65444 0.69812 -0.29039
vn -0.63195 0.66961 -0.39021
vn -0.24203 0.76727 -0.59390
vn -0.65333 0.75088 -0.09666
vn -0.63116 0.74931 -0.20041
vn -0.23965 0.89625 -0.37324
vn -0.65219 0.75087 0.10412
vn -0.63010 0.77650 0.00360
vn -0.23768 0.96307 -0.12648
vn -0.65108 0.69812 0.29785
vn -0.62883 0.74931 0.20761
vn -0.23622 0.96307 0.12919
vn -0.65009 0.59633 0.47092
vn -0.62745 0.66960 0.39741
vn -0.23537 0.89625 0.37595
vn -0.64929 0.45265 0.61117
vn -0.62604 0.54290 0.55977
vn -0.23523 0.76727 0.59662
vn -0.64873 0.27717 0.70875
vn -0.62464 0.37799 0.68334
vn -0.23592 0.58515 0.77585
vn -0.22942 0.13402 0.96406
vn -0.62331 0.18631 0.75946
vn -0.23746 0.36263 0.90117
vn -0.47920 -0.02393 -0.87738
vn -0.66400 -0.02042 -0.74746
vn -0.81020 -0.01607 -0.58594
vn -0.81020 -0.01607 -0.58594
vn -0.91612 -0.01267 -0.40072
vn -0.90823 -0.06064 0.41405
vn -0.65936 -0.11146 -0.74352
vn -0.91479 -0.05649 -0.39995
vn -0.90924 -0.15426 -0.38664
vn -0.91062 -0.25033 -0.32880
vn -0.91018 -0.32802 -0.25293
vn -0.90823 -0.38744 -0.15815
vn -0.90908 -0.41360 -0.05010
vn -0.90699 -0.41683 0.06014
vn -0.90731 -0.38503 0.16892
vn -0.90760 -0.32814 0.26189
vn -0.90575 -0.25237 0.34047
vn -0.90643 -0.15195 0.39407
vn -0.65082 -0.11146 0.75101
vn -0.22941 -0.13402 0.96406
vn -0.62331 -0.18631 0.75946
vn -0.64873 -0.27717 0.70875
vn -0.64929 -0.45265 0.61117
vn -0.62464 -0.37799 0.68334
vn -0.23746 -0.36263 0.90117
vn -0.65009 -0.59633 0.47092
vn -0.62604 -0.54290 0.55976
vn -0.23592 -0.58515 0.77585
vn -0.65108 -0.69812 0.29785
vn -0.62745 -0.66960 0.39741
vn -0.23525 -0.76727 0.59662
vn -0.65219 -0.75087 0.10412
vn -0.62883 -0.74931 0.20761
vn -0.23537 -0.89625 0.37595
vn -0.65334 -0.75087 -0.09666
vn -0.63010 -0.77650 0.00360
vn -0.23622 -0.96307 0.12919
vn -0.65444 -0.69812 -0.29039
vn -0.63117 -0.74931 -0.20041
vn -0.23768 -0.96307 -0.12648
vn -0.65543 -0.59633 -0.46346
vn -0.63195 -0.66960 -0.39022
vn -0.23965 -0.89625 -0.37323
vn -0.65624 -0.45265 -0.60371
vn -0.63239 -0.54290 -0.55257
vn -0.24205 -0.76727 -0.59389
vn -0.65679 -0.27717 -0.70129
vn -0.63242 -0.37799 -0.67615
vn -0.24478 -0.58515 -0.77310
vn -0.24041 -0.13402 -0.96137
vn -0.63195 -0.18631 -0.75228
vn -0.24775 -0.36263 -0.89840
vn -0.00440 -0.63773 -0.77025
vn -0.32326 -0.55229 -0.76843
vn -0.55669 -0.31886 -0.76709
vn -0.64212 0.00000 -0.76660
vn -0.55669 0.31886 -0.76709
vn -0.32326 0.55229 -0.76843
vn -0.00440 0.63773 -0.77025
vn 0.31445 0.55229 -0.77207
vn 0.54788 0.31886 -0.77340
vn 0.63331 0.00000 -0.77390
vn 0.54788 -0.31886 -0.77340
vn 0.31445 -0.55229 -0.77207
vn -0.58064 0.57735 -0.57404
vn -0.30668 0.30151 -0.90280
vn 0.57404 0.57735 -0.58064
vn 0.29634 0.30151 -0.90624
vn 0.29633 0.30151 -0.90624
vn 0.70810 0.70608 -0.00730
vn -0.30668 0.30151 -0.90280
vn 0.71240 0.70115 -0.02965
vn -0.58064 0.57735 -0.57404
vn 0.69665 0.68533 -0.21215
vn 0.60995 0.65944 -0.43943
vn 0.34753 0.65765 -0.66837
vn 0.71461 0.69306 -0.09488
vn 0.08612 0.68040 -0.72776
vn 0.70810 -0.70608 -0.00730
vn 0.29633 -0.30151 -0.90624
vn -0.30668 -0.30151 -0.90280
vn 0.34753 -0.65765 -0.66837
vn 0.60995 -0.65944 -0.43943
vn 0.08612 -0.68040 -0.72776
vn 0.69665 -0.68533 -0.21215
vn -0.58064 -0.57735 -0.57404
vn 0.71461 -0.69306 -0.09488
vn 0.71240 -0.70115 -0.02965
vn -0.00440 -0.63773 -0.77025
vn -0.32326 -0.55229 -0.76843
vn -0.55669 -0.31886 -0.76709
vn -0.64212 -0.00000 -0.76660
vn -0.55669 0.31886 -0.76709
vn -0.32326 0.55229 -0.76843
vn -0.00440 0.63773 -0.77025
vn 0.31445 0.55229 -0.77207
vn 0.54788 0.31886 -0.77340
vn 0.63331 -0.00000 -0.77390
vn 0.54788 -0.31886 -0.77340
vn 0.31445 -0.55229 -0.77207
vn 0.57404 -0.57735 -0.58064
vn 0.29634 -0.30151 -0.90624
vn -0.58064 -0.57735 -0.57404
vn -0.30668 -0.30151 -0.90280
vn -0.30668 -0.30151 -0.90279
vn -0.70814 -0.70608 0.00080
vn 0.29634 -0.30151 -0.90624
vn -0.71269 -0.70115 -0.02150
vn 0.57404 -0.57735 -0.58064
vn -0.69903 -0.68533 -0.20417
vn -0.61493 -0.65944 -0.43244
vn -0.35518 -0.65767 -0.66431
vn -0.71565 -0.69306 -0.08670
vn -0.09449 -0.68039 -0.72674
vn -0.70814 0.70608 0.00080
vn -0.30668 0.30151 -0.90279
vn 0.29634 0.30151 -0.90624
vn -0.35518 0.65767 -0.66431
vn -0.61493 0.65944 -0.43244
vn -0.09449 0.68039 -0.72674
vn -0.69903 0.68533 -0.20417
vn 0.57404 0.57735 -0.58064
vn -0.71565 0.69306 -0.08670
vn -0.71269 0.70115 -0.02150
vn 0.78285 0.32371 -0.53138
vn 0.79647 0.16526 -0.58166
vn 0.75787 0.57346 -0.31110
vn 0.76923 0.46360 -0.43973
vn 0.75627 0.65424 -0.00515
vn 0.75029 0.64268 -0.15499
vn 0.75964 0.63029 0.16024
vn 0.76746 0.56090 0.31048
vn 0.77869 0.45298 0.43411
vn 0.79183 0.31634 0.52243
vn 0.80462 0.16091 0.57157
vn 0.74095 0.02923 0.67092
vn 0.53363 0.02291 -0.84541
vn 0.73268 0.03053 -0.67989
vn 0.88504 0.02895 -0.46461
vn 0.91660 0.17139 -0.36120
vn 0.89151 0.16207 -0.42302
vn 0.90785 0.08994 -0.40954
vn 0.90289 0.02566 -0.42911
vn 0.88154 0.27081 -0.38671
vn 0.92464 0.23912 -0.29641
vn 0.87268 0.36902 -0.31977
vn 0.93180 0.28823 -0.22063
vn 0.86593 0.44651 -0.22537
vn 0.93801 0.31747 -0.13913
vn 0.86227 0.49421 -0.11065
vn 0.94334 0.32697 -0.05663
vn 0.85558 0.51764 -0.00489
vn 0.92514 0.37731 0.04178
vn 0.86450 0.44708 0.22971
vn 0.92481 0.35613 0.13377
vn 0.85825 0.49943 0.11819
vn 0.92351 0.31462 0.21941
vn 0.88416 0.26775 0.38285
vn 0.92108 0.25445 0.29473
vn 0.87351 0.36684 0.32001
vn 0.91729 0.17828 0.35609
vn 0.90773 0.02566 0.41877
vn 0.91223 0.09043 0.39957
vn 0.89537 0.15960 0.41573
vn 0.90289 -0.02566 -0.42911
vn 0.88472 -0.02792 -0.46528
vn 0.73323 -0.02923 -0.67936
vn 0.53363 -0.02291 -0.84541
vn 0.78888 -0.32370 0.52239
vn 0.80301 -0.16489 0.57270
vn 0.76137 -0.57347 0.30242
vn 0.77422 -0.46359 0.43090
vn 0.75203 -0.64267 0.14640
vn 0.75627 -0.65424 -0.00350
vn 0.75777 -0.63028 -0.16892
vn 0.76386 -0.56090 -0.31924
vn 0.77368 -0.45298 -0.44298
vn 0.78581 -0.31635 -0.53145
vn 0.79804 -0.16091 -0.58073
vn 0.90801 -0.02661 0.41810
vn 0.74041 -0.03053 0.67146
vn 0.91298 -0.08884 0.39822
vn 0.89629 -0.16207 0.41280
vn 0.92067 -0.17138 0.35070
vn 0.88591 -0.27080 0.37661
vn 0.92797 -0.23911 0.28581
vn 0.87628 -0.36902 0.30977
vn 0.93426 -0.28823 0.20995
vn 0.86845 -0.44651 0.21545
vn 0.93954 -0.31746 0.12839
vn 0.86349 -0.49419 0.10078
vn 0.94392 -0.32697 0.04584
vn 0.85685 -0.49942 -0.12800
vn 0.92461 -0.37731 -0.05236
vn 0.85558 -0.51765 -0.00489
vn 0.92322 -0.35613 -0.14434
vn 0.86979 -0.36685 -0.32998
vn 0.92094 -0.31461 -0.22996
vn 0.86182 -0.44707 -0.23957
vn 0.91765 -0.25445 -0.30525
vn 0.87972 -0.26775 -0.39294
vn 0.91316 -0.17828 -0.36656
vn 0.89056 -0.15960 -0.42594
vn 0.90760 -0.09043 -0.40997
vn -0.59996 -0.03730 0.79916
vn -0.59996 0.03730 0.79916
vn -0.84433 -0.03358 0.53478
vn -0.84396 0.03467 0.53528
vn -0.92020 -0.02340 0.39076
vn -0.92042 0.02419 0.39019
vn -0.72591 0.48200 0.49065
vn -0.72715 0.59163 0.34818
vn -0.72835 0.66052 0.18225
vn -0.76955 0.61723 0.16376
vn -0.76575 0.64312 0.00438
vn -0.72945 0.68402 0.00417
vn -0.78515 0.54358 -0.29677
vn -0.80407 0.43277 -0.40765
vn -0.73147 0.48200 -0.48231
vn -0.94791 0.25363 0.19272
vn -0.86134 0.44779 0.23995
vn -0.78171 0.54330 0.30621
vn -0.94268 0.33177 -0.03589
vn -0.85284 0.50811 -0.12036
vn -0.77137 0.61724 -0.15495
vn -0.93546 0.15835 -0.31597
vn -0.91086 0.14807 -0.38524
vn -0.84365 0.15302 -0.51463
vn -0.92991 0.08009 -0.35896
vn -0.93910 0.22516 -0.25960
vn -0.89560 0.25509 -0.36445
vn -0.82462 0.29854 -0.48049
vn -0.94241 0.31345 -0.11669
vn -0.86403 0.44779 -0.23008
vn -0.94129 0.27748 -0.19230
vn -0.87925 0.35904 -0.31306
vn -0.94101 0.31345 0.12746
vn -0.85141 0.50810 0.13011
vn -0.94221 0.33177 0.04667
vn -0.84828 0.52952 0.00485
vn -0.87829 0.36125 0.31321
vn -0.89294 0.25797 0.36892
vn -0.94210 0.21112 0.26054
vn -0.79518 0.44375 0.41325
vn -0.90715 0.15026 0.39305
vn -0.93495 0.15205 0.32055
vn -0.81651 0.30588 0.48963
vn -0.92648 0.07866 0.36803
vn -0.83642 0.15676 0.52519
vn -0.73112 0.17250 -0.66008
vn -0.73149 0.33907 -0.59157
vn -0.73109 0.59162 -0.33984
vn -0.73039 0.66052 -0.17391
vn -0.72468 0.33907 0.59989
vn -0.72352 0.17250 0.66840
vn -0.60906 0.03730 -0.79225
vn -0.74144 0.04427 -0.66956
vn -0.85038 0.03358 -0.52510
vn -0.92460 0.02340 -0.38021
vn -0.60906 -0.03730 -0.79225
vn -0.74144 -0.04427 -0.66956
vn -0.85002 -0.03467 -0.52561
vn -0.92482 -0.02419 -0.37964
vn -0.73147 -0.48200 -0.48231
vn -0.73109 -0.59162 -0.33984
vn -0.73039 -0.66052 -0.17391
vn -0.77137 -0.61723 -0.15495
vn -0.76576 -0.64311 0.00438
vn -0.72944 -0.68403 0.00417
vn -0.78169 -0.54359 0.30573
vn -0.79936 -0.43277 0.41682
vn -0.72591 -0.48200 0.49064
vn -0.95005 -0.25363 -0.18187
vn -0.86402 -0.44780 -0.23009
vn -0.78514 -0.54331 -0.29726
vn -0.94221 -0.33177 0.04667
vn -0.85143 -0.50808 0.13010
vn -0.76956 -0.61723 0.16375
vn -0.93607 -0.22516 0.27033
vn -0.89137 -0.25510 0.37467
vn -0.81908 -0.29854 0.48988
vn -0.93179 -0.15835 0.32665
vn -0.90640 -0.14807 0.39562
vn -0.83771 -0.15302 0.52425
vn -0.92575 -0.08009 0.36957
vn -0.94101 -0.31345 0.12746
vn -0.86133 -0.44780 0.23995
vn -0.93903 -0.27748 0.20305
vn -0.87562 -0.35904 0.32309
vn -0.94241 -0.31345 -0.11669
vn -0.85285 -0.50809 -0.12036
vn -0.94268 -0.33177 -0.03589
vn -0.84829 -0.52951 0.00485
vn -0.88182 -0.36125 -0.30315
vn -0.89711 -0.25797 -0.35869
vn -0.94502 -0.21112 -0.24975
vn -0.79986 -0.44375 -0.40413
vn -0.91159 -0.15026 -0.38265
vn -0.93855 -0.15205 -0.30984
vn -0.82206 -0.30589 -0.48027
vn -0.84238 -0.15676 -0.51558
vn -0.93063 -0.07866 -0.35741
vn -0.72352 -0.17250 0.66840
vn -0.72468 -0.33906 0.59989
vn -0.72715 -0.59163 0.34818
vn -0.72835 -0.66052 0.18225
vn -0.73149 -0.33907 -0.59157
vn -0.73112 -0.17250 -0.66008
vn 0.57404 0.57735 -0.58064
vn 0.90280 0.30151 -0.30668
vn -0.90624 0.30151 -0.29633
vn -0.58064 0.57735 -0.57404
vn -0.58064 -0.57735 -0.57404
vn -0.90624 -0.30151 -0.29633
vn 0.90280 -0.30151 -0.30668
vn 0.57404 -0.57735 -0.58064
vn 0.82553 0.37189 -0.42450
vn 0.82611 0.46154 -0.32331
vn 0.83077 0.26062 0.49184
vn 0.82481 0.13421 -0.54925
vn 0.82752 0.03386 -0.56041
vn 0.57230 0.04923 -0.81857
vn 0.82906 0.52437 0.19413
vn 0.57602 0.76540 0.28699
vn 0.57702 0.67369 0.46172
vn 0.57083 0.29223 0.76730
vn 0.25638 0.21956 0.94131
vn 0.57890 0.19590 0.79151
vn 0.56188 0.08791 0.82253
vn 0.43858 0.05447 0.89704
vn 0.58162 0.04923 0.81197
vn 0.25149 0.44130 0.86140
vn 0.24720 0.63725 0.72994
vn 0.57205 0.46746 0.67397
vn 0.57850 0.38042 0.72154
vn 0.24352 0.79560 0.55472
vn 0.57263 0.61526 0.54181
vn 0.57786 0.54283 0.60944
vn 0.23837 0.96412 0.11686
vn 0.57217 0.79706 0.19319
vn 0.24055 0.90679 0.34621
vn 0.57266 0.72723 0.37841
vn 0.56992 0.79706 -0.19972
vn 0.23701 0.96412 -0.11958
vn 0.57379 0.81263 -0.10195
vn 0.57124 0.82078 -0.00327
vn 0.57492 0.81263 0.09539
vn 0.56829 0.72723 -0.38494
vn 0.23658 0.90680 -0.34893
vn 0.57270 0.76540 -0.29356
vn 0.56640 0.61525 -0.54831
vn 0.23717 0.79560 -0.55747
vn 0.57170 0.67369 -0.46829
vn 0.57021 0.38042 -0.72811
vn 0.56430 0.46746 -0.68047
vn 0.57086 0.54283 -0.61600
vn 0.23883 0.63725 -0.73271
vn 0.55958 0.09951 -0.82278
vn 0.24560 0.21956 -0.94418
vn 0.56981 0.19590 -0.79808
vn 0.56202 0.29223 -0.77378
vn 0.24163 0.44130 -0.86422
vn 0.83033 0.37189 0.41503
vn 0.82975 0.46154 0.31384
vn 0.82679 0.52437 -0.20360
vn 0.82754 0.55672 -0.07233
vn 0.82831 0.55673 0.06286
vn 0.82509 0.26062 -0.50130
vn 0.43833 0.03861 -0.89798
vn 0.83388 0.03386 0.55091
vn 0.83104 0.13421 0.53978
vn 0.42829 -0.05447 -0.90200
vn 0.57230 -0.04923 -0.81857
vn 0.82752 -0.03386 -0.56041
vn 0.83033 -0.37189 0.41504
vn 0.82975 -0.46154 0.31384
vn 0.82509 -0.26063 -0.50130
vn 0.83104 -0.13421 0.53978
vn 0.83388 -0.03386 0.55091
vn 0.58162 -0.04923 0.81197
vn 0.82679 -0.52437 -0.20360
vn 0.57270 -0.76540 -0.29356
vn 0.57170 -0.67369 -0.46829
vn 0.56202 -0.29223 -0.77378
vn 0.24560 -0.21956 -0.94418
vn 0.56981 -0.19590 -0.79808
vn 0.55245 -0.08791 -0.82890
vn 0.24163 -0.44130 -0.86422
vn 0.23884 -0.63725 -0.73271
vn 0.56430 -0.46746 -0.68047
vn 0.57021 -0.38042 -0.72811
vn 0.23719 -0.79560 -0.55747
vn 0.56641 -0.61525 -0.54831
vn 0.57086 -0.54283 -0.61600
vn 0.23701 -0.96412 -0.11958
vn 0.56993 -0.79705 -0.19972
vn 0.23659 -0.90679 -0.34893
vn 0.56830 -0.72723 -0.38493
vn 0.57217 -0.79706 0.19319
vn 0.23837 -0.96412 0.11686
vn 0.57492 -0.81263 0.09539
vn 0.57124 -0.82078 -0.00327
vn 0.57379 -0.81263 -0.10195
vn 0.57266 -0.72723 0.37841
vn 0.24056 -0.90679 0.34620
vn 0.57602 -0.76540 0.28699
vn 0.57264 -0.61525 0.54180
vn 0.24354 -0.79560 0.55472
vn 0.57702 -0.67369 0.46172
vn 0.57850 -0.38042 0.72154
vn 0.57205 -0.46746 0.67397
vn 0.57786 -0.54283 0.60944
vn 0.24720 -0.63725 0.72993
vn 0.56188 -0.08791 0.82253
vn 0.25638 -0.21956 0.94131
vn 0.57890 -0.19590 0.79151
vn 0.57083 -0.29223 0.76730
vn 0.25150 -0.44130 0.86140
vn 0.82553 -0.37189 -0.42450
vn 0.82611 -0.46154 -0.32331
vn 0.82907 -0.52437 0.19413
vn 0.82831 -0.55673 0.06286
vn 0.82754 -0.55672 -0.07233
vn 0.83077 -0.26062 0.49183
vn 0.43858 -0.05447 0.89704
vn 0.82481 -0.13421 -0.54924
vn -0.42830 -0.05447 0.90199
vn -0.42830 0.05447 0.90199
vn -0.57230 -0.04923 0.81857
vn -0.57230 0.04923 0.81857
vn -0.82752 -0.03386 0.56041
vn -0.82752 0.03386 0.56041
vn -0.82553 0.37189 0.42450
vn -0.82611 0.46154 0.32330
vn -0.82679 0.52437 0.20360
vn -0.82482 0.13421 0.54924
vn -0.82975 0.46154 -0.31384
vn -0.57702 0.67369 -0.46172
vn -0.57786 0.54283 -0.60944
vn -0.56992 0.79706 0.19972
vn -0.23702 0.96412 0.11958
vn -0.57379 0.81263 0.10195
vn -0.57124 0.82077 0.00327
vn -0.23837 0.96412 -0.11686
vn -0.57492 0.81263 -0.09539
vn -0.57083 0.29223 -0.76730
vn -0.25638 0.21956 -0.94131
vn -0.57890 0.19590 -0.79151
vn -0.56189 0.08791 -0.82253
vn -0.43858 0.05447 -0.89704
vn -0.58162 0.04923 -0.81197
vn -0.25150 0.44130 -0.86140
vn -0.24720 0.63725 -0.72994
vn -0.57205 0.46746 -0.67397
vn -0.57850 0.38042 -0.72154
vn -0.24055 0.90679 -0.34620
vn -0.57266 0.72723 -0.37841
vn -0.24353 0.79560 -0.55472
vn -0.57264 0.61525 -0.54180
vn -0.57218 0.79705 -0.19319
vn -0.57602 0.76540 -0.28699
vn -0.56829 0.72723 0.38494
vn -0.23658 0.90679 0.34893
vn -0.57270 0.76540 0.29356
vn -0.56641 0.61525 0.54831
vn -0.23716 0.79560 0.55747
vn -0.57170 0.67369 0.46829
vn -0.57022 0.38042 0.72810
vn -0.56430 0.46746 0.68047
vn -0.57085 0.54283 0.61600
vn -0.23884 0.63725 0.73271
vn -0.55244 0.08791 0.82890
vn -0.24560 0.21956 0.94418
vn -0.56982 0.19590 0.79808
vn -0.56202 0.29223 0.77378
vn -0.24163 0.44130 0.86422
vn -0.83077 0.26062 -0.49183
vn -0.83033 0.37189 -0.41503
vn -0.82907 0.52437 -0.19413
vn -0.82832 0.55672 -0.06286
vn -0.82754 0.55673 0.07233
vn -0.82509 0.26062 0.50130
vn -0.83388 0.03386 -0.55091
vn -0.83104 0.13421 -0.53978
vn -0.44857 -0.03861 -0.89291
vn -0.58162 -0.04923 -0.81197
vn -0.83388 -0.03386 -0.55091
vn -0.83033 -0.37189 -0.41504
vn -0.82975 -0.46154 -0.31384
vn -0.82907 -0.52437 -0.19413
vn -0.83104 -0.13421 -0.53978
vn -0.82611 -0.46154 0.32331
vn -0.57170 -0.67369 0.46829
vn -0.57085 -0.54283 0.61600
vn -0.57217 -0.79705 -0.19319
vn -0.23837 -0.96412 -0.11686
vn -0.57492 -0.81263 -0.09539
vn -0.57125 -0.82077 0.00327
vn -0.23702 -0.96412 0.11958
vn -0.57379 -0.81263 0.10195
vn -0.56202 -0.29223 0.77378
vn -0.24559 -0.21956 0.94418
vn -0.56982 -0.19590 0.79808
vn -0.55244 -0.08792 0.82890
vn -0.24163 -0.44130 0.86422
vn -0.23884 -0.63725 0.73271
vn -0.56430 -0.46746 0.68047
vn -0.57021 -0.38042 0.72810
vn -0.23659 -0.90679 0.34893
vn -0.56830 -0.72723 0.38493
vn -0.23718 -0.79560 0.55747
vn -0.56642 -0.61525 0.54831
vn -0.56993 -0.79705 0.19972
vn -0.57270 -0.76540 0.29356
vn -0.57267 -0.72723 -0.37841
vn -0.24057 -0.90679 -0.34620
vn -0.57602 -0.76540 -0.28699
vn -0.57265 -0.61525 -0.54180
vn -0.24354 -0.79560 -0.55472
vn -0.57702 -0.67369 -0.46173
vn -0.57850 -0.38042 -0.72154
vn -0.57205 -0.46746 -0.67397
vn -0.57786 -0.54283 -0.60944
vn -0.24720 -0.63725 -0.72993
vn -0.56896 -0.09951 -0.81633
vn -0.25638 -0.21956 -0.94131
vn -0.57890 -0.19590 -0.79151
vn -0.57083 -0.29223 -0.76730
vn -0.25150 -0.44130 -0.86140
vn -0.82509 -0.26062 0.50130
vn -0.82553 -0.37189 0.42450
vn -0.82679 -0.52437 0.20360
vn -0.82754 -0.55672 0.07233
vn -0.82832 -0.55672 -0.06286
vn -0.83077 -0.26062 -0.49183
vn -0.82482 -0.13421 0.54924
vn 0.79415 0.01374 0.60756
vn 0.64802 0.03187 0.76095
vn 0.74241 0.07256 0.66600
vn 0.63104 0.01734 -0.77555
vn 0.72885 0.08465 -0.67942
vn 0.72587 0.23269 -0.64728
vn 0.72773 0.38074 -0.57048
vn 0.72946 0.50573 -0.46057
vn 0.73101 0.60051 -0.32406
vn 0.73237 0.65962 -0.16891
vn 0.73348 0.67970 -0.00419
vn 0.73425 0.65963 0.16053
vn 0.73467 0.60051 0.31568
vn 0.73467 0.50573 0.45220
vn 0.73420 0.38074 0.56213
vn 0.73322 0.23269 0.63894
vn 0.90298 0.04756 0.42704
vn 0.91027 0.01142 0.41385
vn 0.79392 0.01375 0.60787
vn 0.99540 0.00421 0.09568
vn 0.99187 0.00892 0.12696
vn 0.99769 0.01487 0.06629
vn 0.91731 0.13381 0.37501
vn 0.99791 0.04532 0.04606
vn 0.99153 0.07209 0.10801
vn 0.90663 0.23335 0.35152
vn 0.99781 0.03186 0.05790
vn 0.99565 0.03063 0.08803
vn 0.99578 0.06760 0.06211
vn 0.91599 0.29925 0.26724
vn 0.99756 0.05981 0.03601
vn 0.90641 0.37402 0.19631
vn 0.99145 0.11706 0.05761
vn 0.99744 0.06817 0.02147
vn 0.91567 0.39094 0.09335
vn 0.99524 0.09572 0.01846
vn 0.99735 0.07265 0.00268
vn 0.90529 0.42477 -0.00537
vn 0.99110 0.13300 -0.00566
vn 0.90519 0.37067 -0.20791
vn 0.99106 0.11305 -0.07085
vn 0.99676 0.07229 -0.03518
vn 0.91267 0.39651 -0.09909
vn 0.99524 0.09160 -0.03322
vn 0.99387 0.10830 -0.02201
vn 0.99798 0.06167 -0.01528
vn 0.99724 0.05779 -0.04657
vn 0.90667 0.31144 -0.28452
vn 0.99156 0.09669 -0.08636
vn 0.90780 0.22529 -0.35375
vn 0.99189 0.06209 -0.11094
vn 0.99602 0.05305 -0.07158
vn 0.99630 0.05430 -0.06657
vn 0.99710 0.03132 -0.06930
vn 0.90488 0.14138 -0.40150
vn 0.99099 0.04586 -0.12584
vn 0.90775 0.04670 -0.41690
vn 0.99298 0.00592 -0.11810
vn 0.99568 0.01586 -0.09149
vn 0.99669 0.01651 -0.07964
vn 0.99416 0.00295 -0.10791
vn 0.90598 0.01003 -0.42320
vn 0.78707 0.01374 -0.61671
vn 0.78707 0.01374 -0.61671
vn 0.99411 -0.00251 -0.10834
vn 0.90618 -0.00933 -0.42279
vn 0.78707 -0.01374 -0.61671
vn 0.63917 -0.03187 -0.76841
vn 0.78707 -0.01374 -0.61671
vn 0.89877 -0.05000 -0.43557
vn 0.91297 -0.13381 -0.38547
vn 0.99687 -0.01487 -0.07770
vn 0.99012 -0.01146 -0.13976
vn 0.99732 -0.04533 -0.05747
vn 0.99023 -0.07209 -0.11933
vn 0.90256 -0.23335 -0.36186
vn 0.99709 -0.03186 -0.06930
vn 0.99457 -0.03063 -0.09941
vn 0.99500 -0.06761 -0.07350
vn 0.91286 -0.29926 -0.27771
vn 0.99708 -0.05981 -0.04742
vn 0.90410 -0.37403 -0.20666
vn 0.99073 -0.11708 -0.06895
vn 0.99713 -0.06817 -0.03287
vn 0.91455 -0.39094 -0.10381
vn 0.99496 -0.09572 -0.02983
vn 0.99726 -0.07265 -0.01408
vn 0.90529 -0.42477 -0.00498
vn 0.99110 -0.13301 -0.00567
vn 0.90752 -0.37066 0.19755
vn 0.99181 -0.11304 0.05951
vn 0.99710 -0.07228 0.02377
vn 0.91374 -0.39651 0.08865
vn 0.99556 -0.09160 0.02184
vn 0.99406 -0.10831 0.01064
vn 0.99809 -0.06167 0.00386
vn 0.99771 -0.05778 0.03516
vn 0.90987 -0.31143 0.27413
vn 0.99249 -0.09667 0.07501
vn 0.91179 -0.22529 0.34335
vn 0.99309 -0.06208 0.09959
vn 0.99678 -0.05304 0.06018
vn 0.99700 -0.05430 0.05517
vn 0.99783 -0.03132 0.05789
vn 0.90941 -0.14138 0.39113
vn 0.99236 -0.04586 0.11450
vn 0.91246 -0.04670 0.40648
vn 0.99427 -0.00593 0.10673
vn 0.99666 -0.01586 0.08009
vn 0.99753 -0.01651 0.06825
vn 0.99532 -0.00295 0.09655
vn 0.91065 -0.01004 0.41305
vn 0.79392 -0.01375 0.60787
vn 0.79415 -0.01374 0.60756
vn 0.64802 -0.03187 0.76095
vn 0.74241 -0.07256 0.66600
vn 0.73322 -0.23269 0.63894
vn 0.73420 -0.38074 0.56212
vn 0.73467 -0.50573 0.45220
vn 0.73467 -0.60050 0.31567
vn 0.73425 -0.65962 0.16053
vn 0.73347 -0.67971 -0.00419
vn 0.73238 -0.65962 -0.16891
vn 0.73102 -0.60050 -0.32405
vn 0.72946 -0.50573 -0.46057
vn 0.72773 -0.38074 -0.57048
vn 0.72587 -0.23269 -0.64728
vn 0.73475 -0.07256 -0.67444
vn -0.99411 -0.00227 0.10837
vn -0.99411 0.00227 0.10837
vn -0.90617 -0.00933 0.42282
vn -0.90617 0.00933 0.42282
vn -0.78705 -0.01374 0.61674
vn -0.78705 0.01374 0.61674
vn -0.78690 0.01375 0.61693
vn -0.63896 0.03187 0.76858
vn -0.63896 -0.03187 0.76858
vn -0.78690 -0.01375 0.61693
vn -0.99528 0.00227 -0.09700
vn -0.91089 0.00933 -0.41254
vn -0.91409 0.05263 -0.40208
vn -0.99566 0.01251 -0.09222
vn -0.91616 0.13401 -0.37774
vn -0.99588 0.03172 -0.08497
vn -0.91591 0.22352 -0.33339
vn -0.99582 0.05291 -0.07447
vn -0.91554 0.29949 -0.26851
vn -0.99573 0.07089 -0.05911
vn -0.91507 0.35730 -0.18704
vn -0.99562 0.08458 -0.03982
vn -0.91454 0.39345 -0.09391
vn -0.99549 0.09314 -0.01778
vn -0.91397 0.40575 0.00523
vn -0.99536 0.09605 0.00569
vn -0.91340 0.39345 0.10437
vn -0.99523 0.09315 0.02916
vn -0.91287 0.35730 0.19749
vn -0.99510 0.08458 0.05120
vn -0.91240 0.29949 0.27897
vn -0.99499 0.07090 0.07050
vn -0.91203 0.22353 0.34385
vn -0.99490 0.05292 0.08585
vn -0.91178 0.13401 0.38820
vn -0.99484 0.03173 0.09635
vn -0.90944 0.05263 0.41250
vn -0.99454 0.01251 0.10359
vn -0.73475 0.07256 0.67445
vn -0.72586 0.23269 0.64729
vn -0.72773 0.38074 0.57048
vn -0.72946 0.50573 0.46057
vn -0.73101 0.60051 0.32406
vn -0.73237 0.65963 0.16891
vn -0.73347 0.67971 0.00419
vn -0.73424 0.65963 -0.16053
vn -0.73467 0.60051 -0.31568
vn -0.73468 0.50573 -0.45220
vn -0.73420 0.38074 -0.56212
vn -0.73322 0.23269 -0.63894
vn -0.74242 0.07256 -0.66600
vn -0.64780 0.03187 -0.76114
vn -0.79398 0.01375 -0.60779
vn -0.79398 0.01375 -0.60779
vn -0.99528 -0.00227 -0.09700
vn -0.91089 -0.00933 -0.41254
vn -0.79398 -0.01375 -0.60779
vn -0.79398 -0.01375 -0.60779
vn -0.63976 -0.01734 -0.76838
vn -0.73475 -0.07256 0.67445
vn -0.73658 -0.08465 -0.67103
vn -0.73322 -0.23269 -0.63894
vn -0.73421 -0.38074 -0.56212
vn -0.73468 -0.50573 -0.45220
vn -0.73467 -0.60050 -0.31567
vn -0.73425 -0.65963 -0.16053
vn -0.73346 -0.67972 0.00419
vn -0.73237 -0.65962 0.16891
vn -0.73102 -0.60050 0.32405
vn -0.72946 -0.50573 0.46057
vn -0.72773 -0.38074 0.57048
vn -0.72586 -0.23269 0.64729
vn -0.90944 -0.05263 0.41250
vn -0.99454 -0.01251 0.10359
vn -0.91178 -0.13401 0.38820
vn -0.99484 -0.03173 0.09635
vn -0.91203 -0.22353 0.34385
vn -0.99490 -0.05292 0.08586
vn -0.91240 -0.29949 0.27897
vn -0.99499 -0.07090 0.07049
vn -0.91287 -0.35730 0.19749
vn -0.99510 -0.08458 0.05121
vn -0.91340 -0.39346 0.10437
vn -0.99523 -0.09315 0.02916
vn -0.91397 -0.40575 0.00523
vn -0.99536 -0.09605 0.00569
vn -0.91453 -0.39346 -0.09392
vn -0.99549 -0.09314 -0.01778
vn -0.91507 -0.35730 -0.18704
vn -0.99562 -0.08458 -0.03983
vn -0.91554 -0.29949 -0.26851
vn -0.99573 -0.07089 -0.05911
vn -0.91591 -0.22353 -0.33340
vn -0.99582 -0.05291 -0.07447
vn -0.91616 -0.13401 -0.37774
vn -0.99588 -0.03172 -0.08497
vn -0.91409 -0.05263 -0.40208
vn -0.99566 -0.01251 -0.09222
vn 0.66426 -0.73194 -0.15174
vn -0.66595 -0.73194 -0.14414
vn -0.67372 -0.62537 -0.39373
vn 0.66917 -0.62537 -0.40141
vn -0.67476 -0.45999 -0.57715
vn 0.66812 -0.45999 -0.58483
vn -0.67544 -0.24352 -0.69604
vn 0.66744 -0.24352 -0.70372
vn -0.69288 -0.06062 -0.71850
vn 0.68462 -0.06062 -0.72637
vn 0.68462 0.06062 -0.72637
vn -0.69288 0.06062 -0.71850
vn -0.67544 0.24352 -0.69604
vn 0.66744 0.24352 -0.70372
vn -0.67476 0.45999 -0.57715
vn 0.66812 0.45999 -0.58483
vn -0.67372 0.62537 -0.39373
vn 0.66917 0.62537 -0.40141
vn -0.66595 0.73194 -0.14414
vn 0.66426 0.73194 -0.15174
vn -0.66426 0.73194 0.15174
vn 0.66595 0.73194 0.14414
vn 0.66595 -0.73194 0.14414
vn -0.66426 -0.73194 0.15174
vn -0.66917 0.62537 0.40141
vn 0.67371 0.62537 0.39373
vn -0.66812 0.45999 0.58483
vn 0.67476 0.45999 0.57715
vn -0.66744 0.24352 0.70372
vn 0.67544 0.24352 0.69604
vn -0.68462 0.06062 0.72637
vn 0.69288 0.06062 0.71850
vn 0.67371 -0.62537 0.39373
vn 0.67476 -0.45999 0.57715
vn 0.67544 -0.24352 0.69604
vn 0.69288 -0.06062 0.71850
vn -0.68462 -0.06062 0.72637
vn -0.66744 -0.24352 0.70372
vn -0.66812 -0.45999 0.58483
vn -0.66917 -0.62537 0.40141
g camera__Camera_Astra__00
usemtl Camera_Astra
f 1//1 2//2 3//3
f 3//3 2//2 4//4
f 3//3 4//4 5//5
f 6//6 7//7 3//3
f 3//3 7//7 8//8
f 3//3 8//8 1//1
f 9//9 10//10 3//3
f 3//3 10//10 11//11
f 3//3 11//11 6//6
f 5//5 12//12 3//3
f 3//3 12//12 13//13
f 3//3 13//13 9//9
f 14//14 15//15 16//16
f 16//16 15//15 17//17
f 16//16 17//17 18//18
f 19//19 20//20 16//16
f 16//16 20//20 21//21
f 16//16 21//21 14//14
f 22//22 23//23 16//16
f 16//16 23//23 24//24
f 16//16 24//24 19//19
f 18//18 25//25 16//16
f 16//16 25//25 26//26
f 16//16 26//26 22//22
f 4//4 27//27 5//5
f 5//5 27//27 28//28
f 5//5 28//28 12//12
f 12//12 28//28 29//29
f 12//12 29//29 13//13
f 13//13 29//29 30//30
f 13//13 30//30 9//9
f 9//9 30//30 31//31
f 9//9 31//31 10//10
f 10//10 31//31 32//32
f 10//10 32//32 11//11
f 11//11 32//32 33//33
f 11//11 33//33 6//6
f 6//6 33//33 34//34
f 6//6 34//34 7//7
f 7//7 34//34 35//35
f 7//7 35//35 8//8
f 8//8 35//35 36//36
f 8//8 36//36 1//1
f 1//1 36//36 37//37
f 1//1 37//37 2//2
f 2//2 37//37 38//38
f 2//2 38//38 4//4
f 4//4 38//38 27//27
f 39//39 17//17 40//40
f 40//40 17//17 15//15
f 40//40 15//15 41//41
f 41//41 15//15 14//14
f 41//41 14//14 42//42
f 42//42 14//14 21//21
f 42//42 21//21 43//43
f 43//43 21//21 20//20
f 43//43 20//20 44//44
f 44//44 20//20 19//19
f 44//44 19//19 45//45
f 45//45 19//19 24//24
f 45//45 24//24 46//46
f 46//46 24//24 23//23
f 46//46 23//23 47//47
f 47//47 23//23 22//22
f 47//47 22//22 48//48
f 48//48 22//22 26//26
f 48//48 26//26 49//49
f 49//49 26//26 25//25
f 49//49 25//25 50//50
f 50//50 25//25 18//18
f 50//50 18//18 39//39
f 39//39 18//18 17//17
f 51//51 52//52 53//53
f 54//54 55//55 52//52
f 52//52 56//56 57//57
f 58//58 59//59 52//52
f 60//60 61//61 62//62
f 63//63 64//64 65//65
f 66//66 67//67 68//68
f 69//69 70//70 56//56
f 56//56 70//70 71//71
f 56//56 71//71 72//72
f 72//72 71//71 73//73
f 59//59 74//74 52//52
f 52//52 74//74 75//75
f 52//52 75//75 53//53
f 76//76 77//77 53//53
f 53//53 77//77 78//78
f 53//53 78//78 51//51
f 64//64 79//79 65//65
f 65//65 79//79 80//80
f 65//65 80//80 81//81
f 81//81 80//80 82//82
f 66//66 68//68 71//71
f 71//71 68//68 83//83
f 71//71 83//83 73//73
f 57//57 84//84 52//52
f 52//52 84//84 85//85
f 52//52 85//85 86//86
f 87//87 88//88 62//62
f 89//89 90//90 91//91
f 91//91 90//90 92//92
f 60//60 62//62 53//53
f 53//53 62//62 93//93
f 53//53 93//93 76//76
f 54//54 52//52 65//65
f 65//65 52//52 94//94
f 65//65 94//94 63//63
f 80//80 95//95 82//82
f 82//82 95//95 96//96
f 82//82 96//96 97//97
f 97//97 96//96 98//98
f 55//55 99//99 52//52
f 52//52 99//99 100//100
f 52//52 100//100 56//56
f 56//56 100//100 101//101
f 56//56 101//101 69//69
f 86//86 102//102 52//52
f 52//52 102//102 103//103
f 52//52 103//103 58//58
f 104//104 105//105 106//106
f 106//106 105//105 107//107
f 90//90 108//108 92//92
f 92//92 108//108 62//62
f 92//92 62//62 109//109
f 109//109 62//62 88//88
f 87//87 62//62 110//110
f 110//110 62//62 61//61
f 110//110 61//61 104//104
f 104//104 61//61 111//111
f 104//104 111//111 105//105
f 37//37 36//36 112//112
f 112//112 113//113 114//114
f 37//37 112//112 38//38
f 38//38 112//112 114//114
f 38//38 114//114 27//27
f 36//36 35//35 112//112
f 112//112 35//35 115//115
f 112//112 115//115 116//116
f 116//116 115//115 117//117
f 27//27 114//114 28//28
f 28//28 114//114 118//118
f 28//28 118//118 29//29
f 35//35 34//34 115//115
f 115//115 34//34 33//33
f 115//115 33//33 119//119
f 119//119 33//33 32//32
f 119//119 32//32 120//120
f 120//120 32//32 31//31
f 120//120 31//31 121//121
f 121//121 31//31 30//30
f 121//121 30//30 122//122
f 122//122 30//30 29//29
f 122//122 29//29 123//123
f 123//123 29//29 118//118
f 112//112 116//116 124//124
f 124//124 116//116 125//125
f 47//47 48//48 125//125
f 125//125 126//126 127//127
f 48//48 49//49 125//125
f 125//125 49//49 128//128
f 125//125 128//128 124//124
f 124//124 128//128 129//129
f 47//47 125//125 46//46
f 46//46 125//125 127//127
f 46//46 127//127 45//45
f 45//45 127//127 44//44
f 44//44 127//127 130//130
f 44//44 130//130 43//43
f 49//49 50//50 128//128
f 128//128 50//50 39//39
f 128//128 39//39 131//131
f 131//131 39//39 40//40
f 131//131 40//40 132//132
f 132//132 40//40 41//41
f 132//132 41//41 133//133
f 133//133 41//41 42//42
f 133//133 42//42 134//134
f 134//134 42//42 43//43
f 134//134 43//43 135//135
f 135//135 43//43 130//130
f 136//136 137//137 138//138
f 138//138 137//137 139//139
f 138//138 139//139 140//140
f 140//140 139//139 141//141
f 140//140 141//141 142//142
f 142//142 141//141 143//143
f 142//142 143//143 144//144
f 144//144 143//143 145//145
f 144//144 145//145 146//146
f 146//146 145//145 147//147
f 146//146 147//147 100//100
f 100//100 147//147 101//101
f 144//144 146//146 148//148
f 149//149 150//150 151//151
f 152//152 153//153 154//154
f 155//155 156//156 157//157
f 87//87 156//156 88//88
f 88//88 156//156 155//155
f 88//88 155//155 109//109
f 109//109 155//155 158//158
f 109//109 158//158 92//92
f 159//159 89//89 158//158
f 158//158 89//89 91//91
f 158//158 91//91 92//92
f 93//93 62//62 160//160
f 160//160 62//62 108//108
f 160//160 108//108 159//159
f 159//159 108//108 90//90
f 159//159 90//90 89//89
f 93//93 160//160 76//76
f 76//76 160//160 161//161
f 76//76 161//161 77//77
f 77//77 161//161 162//162
f 77//77 162//162 78//78
f 78//78 162//162 51//51
f 51//51 162//162 163//163
f 51//51 163//163 52//52
f 164//164 63//63 163//163
f 163//163 63//63 94//94
f 163//163 94//94 52//52
f 165//165 79//79 164//164
f 164//164 79//79 64//64
f 164//164 64//64 63//63
f 98//98 96//96 166//166
f 166//166 96//96 95//95
f 166//166 95//95 165//165
f 165//165 95//95 80//80
f 165//165 80//80 79//79
f 98//98 166//166 97//97
f 97//97 166//166 167//167
f 97//97 167//167 82//82
f 82//82 167//167 81//81
f 81//81 167//167 168//168
f 81//81 168//168 65//65
f 65//65 168//168 54//54
f 54//54 168//168 148//148
f 54//54 148//148 55//55
f 146//146 100//100 148//148
f 148//148 100//100 99//99
f 148//148 99//99 55//55
f 140//140 142//142 169//169
f 169//169 142//142 144//144
f 170//170 136//136 138//138
f 151//151 171//171 149//149
f 149//149 171//171 172//172
f 149//149 172//172 173//173
f 173//173 172//172 174//174
f 173//173 174//174 175//175
f 175//175 174//174 176//176
f 175//175 176//176 177//177
f 177//177 176//176 178//178
f 177//177 178//178 179//179
f 179//179 178//178 180//180
f 179//179 180//180 181//181
f 181//181 180//180 182//182
f 181//181 182//182 183//183
f 183//183 182//182 184//184
f 183//183 184//184 185//185
f 185//185 184//184 186//186
f 185//185 186//186 187//187
f 187//187 186//186 188//188
f 187//187 188//188 189//189
f 189//189 188//188 190//190
f 189//189 190//190 191//191
f 191//191 190//190 192//192
f 191//191 192//192 193//193
f 193//193 192//192 170//170
f 193//193 170//170 194//194
f 194//194 170//170 138//138
f 194//194 138//138 140//140
f 140//140 169//169 194//194
f 194//194 169//169 195//195
f 194//194 195//195 193//193
f 193//193 195//195 196//196
f 193//193 196//196 191//191
f 191//191 196//196 197//197
f 191//191 197//197 189//189
f 189//189 197//197 198//198
f 189//189 198//198 187//187
f 187//187 198//198 199//199
f 187//187 199//199 185//185
f 185//185 199//199 200//200
f 185//185 200//200 183//183
f 183//183 200//200 201//201
f 183//183 201//201 181//181
f 181//181 201//201 202//202
f 181//181 202//202 179//179
f 179//179 202//202 203//203
f 179//179 203//203 177//177
f 177//177 203//203 204//204
f 177//177 204//204 175//175
f 175//175 204//204 205//205
f 175//175 205//205 173//173
f 173//173 205//205 152//152
f 173//173 152//152 149//149
f 149//149 152//152 154//154
f 149//149 154//154 150//150
f 144//144 148//148 169//169
f 169//169 148//148 168//168
f 169//169 168//168 195//195
f 195//195 168//168 167//167
f 195//195 167//167 196//196
f 196//196 167//167 166//166
f 196//196 166//166 197//197
f 197//197 166//166 165//165
f 197//197 165//165 198//198
f 198//198 165//165 164//164
f 198//198 164//164 199//199
f 199//199 164//164 163//163
f 199//199 163//163 200//200
f 200//200 163//163 162//162
f 200//200 162//162 201//201
f 201//201 162//162 161//161
f 201//201 161//161 202//202
f 202//202 161//161 160//160
f 202//202 160//160 203//203
f 203//203 160//160 159//159
f 203//203 159//159 204//204
f 204//204 159//159 158//158
f 204//204 158//158 205//205
f 205//205 158//158 155//155
f 205//205 155//155 152//152
f 152//152 155//155 157//157
f 152//152 157//157 153//153
f 206//206 151//151 207//207
f 207//207 151//151 150//150
f 207//207 150//150 208//208
f 208//208 150//150 154//154
f 208//208 154//154 209//209
f 209//209 154//154 153//153
f 209//209 153//153 210//210
f 210//210 153//153 157//157
f 210//210 157//157 211//211
f 211//211 157//157 156//156
f 211//211 156//156 110//110
f 110//110 156//156 87//87
f 210//210 211//211 212//212
f 212//212 211//211 110//110
f 208//208 209//209 213//213
f 213//213 209//209 210//210
f 214//214 207//207 208//208
f 215//215 206//206 207//207
f 207//207 214//214 215//215
f 215//215 214//214 216//216
f 215//215 216//216 217//217
f 217//217 216//216 218//218
f 217//217 218//218 219//219
f 219//219 218//218 220//220
f 219//219 220//220 221//221
f 221//221 220//220 222//222
f 221//221 222//222 223//223
f 223//223 222//222 224//224
f 223//223 224//224 225//225
f 225//225 224//224 226//226
f 225//225 226//226 227//227
f 227//227 226//226 228//228
f 227//227 228//228 229//229
f 229//229 228//228 230//230
f 229//229 230//230 231//231
f 231//231 230//230 232//232
f 231//231 232//232 233//233
f 233//233 232//232 234//234
f 233//233 234//234 235//235
f 235//235 234//234 236//236
f 235//235 236//236 237//237
f 237//237 236//236 238//238
f 237//237 238//238 239//239
f 239//239 238//238 139//139
f 239//239 139//139 137//137
f 240//240 143//143 141//141
f 241//241 147//147 145//145
f 101//101 147//147 69//69
f 69//69 147//147 241//241
f 69//69 241//241 70//70
f 70//70 241//241 242//242
f 70//70 242//242 71//71
f 243//243 68//68 67//67
f 243//243 67//67 242//242
f 242//242 67//67 66//66
f 242//242 66//66 71//71
f 68//68 243//243 83//83
f 83//83 243//243 244//244
f 83//83 244//244 73//73
f 245//245 57//57 246//246
f 246//246 57//57 56//56
f 246//246 56//56 244//244
f 244//244 56//56 72//72
f 244//244 72//72 73//73
f 247//247 85//85 245//245
f 245//245 85//85 84//84
f 245//245 84//84 57//57
f 248//248 102//102 247//247
f 247//247 102//102 86//86
f 247//247 86//86 85//85
f 74//74 59//59 249//249
f 249//249 59//59 58//58
f 249//249 58//58 248//248
f 248//248 58//58 103//103
f 248//248 103//103 102//102
f 74//74 249//249 75//75
f 75//75 249//249 250//250
f 75//75 250//250 53//53
f 53//53 250//250 60//60
f 60//60 250//250 251//251
f 60//60 251//251 61//61
f 61//61 251//251 111//111
f 111//111 251//251 252//252
f 111//111 252//252 105//105
f 110//110 104//104 212//212
f 212//212 104//104 106//106
f 212//212 106//106 252//252
f 252//252 106//106 107//107
f 252//252 107//107 105//105
f 208//208 213//213 214//214
f 214//214 213//213 253//253
f 214//214 253//253 216//216
f 216//216 253//253 254//254
f 216//216 254//254 218//218
f 218//218 254//254 255//255
f 218//218 255//255 220//220
f 220//220 255//255 256//256
f 220//220 256//256 222//222
f 222//222 256//256 257//257
f 222//222 257//257 224//224
f 224//224 257//257 258//258
f 224//224 258//258 226//226
f 226//226 258//258 259//259
f 226//226 259//259 228//228
f 228//228 259//259 260//260
f 228//228 260//260 230//230
f 230//230 260//260 261//261
f 230//230 261//261 232//232
f 232//232 261//261 262//262
f 232//232 262//262 234//234
f 234//234 262//262 263//263
f 234//234 263//263 236//236
f 236//236 263//263 240//240
f 236//236 240//240 238//238
f 238//238 240//240 141//141
f 238//238 141//141 139//139
f 210//210 212//212 213//213
f 213//213 212//212 252//252
f 213//213 252//252 253//253
f 253//253 252//252 251//251
f 253//253 251//251 254//254
f 254//254 251//251 250//250
f 254//254 250//250 255//255
f 255//255 250//250 249//249
f 255//255 249//249 256//256
f 256//256 249//249 248//248
f 256//256 248//248 257//257
f 257//257 248//248 247//247
f 257//257 247//247 258//258
f 258//258 247//247 245//245
f 258//258 245//245 259//259
f 259//259 245//245 246//246
f 259//259 246//246 260//260
f 260//260 246//246 244//244
f 260//260 244//244 261//261
f 261//261 244//244 243//243
f 261//261 243//243 262//262
f 262//262 243//243 242//242
f 262//262 242//242 263//263
f 263//263 242//242 241//241
f 263//263 241//241 240//240
f 240//240 241//241 145//145
f 240//240 145//145 143//143
f 126//126 125//125 264//264
f 264//264 125//125 116//116
f 264//264 116//116 117//117
f 265//265 266//266 267//267
f 267//267 268//268 269//269
f 270//270 265//265 271//271
f 271//271 265//265 267//267
f 271//271 267//267 272//272
f 272//272 267//267 269//269
f 272//272 269//269 273//273
f 268//268 115//115 119//119
f 268//268 119//119 269//269
f 269//269 119//119 120//120
f 269//269 120//120 273//273
f 273//273 120//120 121//121
f 273//273 121//121 272//272
f 272//272 121//121 122//122
f 272//272 122//122 271//271
f 271//271 122//122 123//123
f 271//271 123//123 270//270
f 270//270 123//123 118//118
f 270//270 118//118 265//265
f 265//265 118//118 114//114
f 265//265 114//114 266//266
f 113//113 112//112 274//274
f 274//274 112//112 124//124
f 274//274 124//124 129//129
f 275//275 276//276 277//277
f 278//278 279//279 280//280
f 278//278 280//280 281//281
f 280//280 282//282 275//275
f 275//275 277//277 280//280
f 280//280 277//277 283//283
f 280//280 283//283 281//281
f 130//130 127//127 279//279
f 279//279 278//278 130//130
f 130//130 278//278 281//281
f 130//130 281//281 135//135
f 135//135 281//281 283//283
f 135//135 283//283 134//134
f 134//134 283//283 277//277
f 134//134 277//277 133//133
f 133//133 277//277 276//276
f 133//133 276//276 132//132
f 132//132 276//276 275//275
f 132//132 275//275 131//131
f 131//131 275//275 282//282
f 131//131 282//282 128//128
f 284//284 285//285 286//286
f 286//286 285//285 287//287
f 286//286 287//287 288//288
f 289//289 290//290 286//286
f 286//286 290//290 291//291
f 286//286 291//291 284//284
f 292//292 293//293 286//286
f 286//286 293//293 294//294
f 286//286 294//294 289//289
f 288//288 295//295 286//286
f 286//286 295//295 296//296
f 286//286 296//296 292//292
f 297//297 192//192 298//298
f 298//298 192//192 190//190
f 298//298 190//190 299//299
f 300//300 188//188 301//301
f 301//301 188//188 186//186
f 301//301 186//186 302//302
f 303//303 304//304 184//184
f 184//184 304//304 305//305
f 184//184 305//305 186//186
f 186//186 305//305 306//306
f 186//186 306//306 302//302
f 307//307 178//178 308//308
f 308//308 178//178 176//176
f 309//309 310//310 176//176
f 176//176 310//310 311//311
f 176//176 311//311 308//308
f 300//300 312//312 188//188
f 188//188 312//312 313//313
f 188//188 313//313 190//190
f 190//190 313//313 314//314
f 190//190 314//314 299//299
f 180//180 315//315 182//182
f 182//182 315//315 316//316
f 182//182 316//316 317//317
f 307//307 318//318 178//178
f 178//178 318//318 319//319
f 178//178 319//319 180//180
f 180//180 319//319 320//320
f 180//180 320//320 315//315
f 229//229 321//321 322//322
f 229//229 322//322 227//227
f 227//227 322//322 323//323
f 227//227 323//323 324//324
f 321//321 229//229 325//325
f 325//325 229//229 231//231
f 325//325 231//231 326//326
f 327//327 328//328 233//233
f 317//317 329//329 182//182
f 182//182 329//329 330//330
f 182//182 330//330 184//184
f 184//184 330//330 331//331
f 184//184 331//331 303//303
f 328//328 332//332 233//233
f 233//233 332//332 333//333
f 233//233 333//333 231//231
f 231//231 333//333 334//334
f 231//231 334//334 326//326
f 309//309 176//176 335//335
f 335//335 176//176 174//174
f 335//335 174//174 336//336
f 172//172 337//337 174//174
f 174//174 337//337 338//338
f 174//174 338//338 336//336
f 339//339 340//340 171//171
f 171//171 340//340 341//341
f 171//171 341//341 172//172
f 172//172 341//341 342//342
f 172//172 342//342 337//337
f 343//343 344//344 239//239
f 239//239 344//344 345//345
f 239//239 345//345 237//237
f 346//346 217//217 347//347
f 347//347 217//217 219//219
f 347//347 219//219 348//348
f 348//348 219//219 349//349
f 350//350 223//223 351//351
f 351//351 223//223 225//225
f 351//351 225//225 352//352
f 352//352 225//225 353//353
f 327//327 233//233 354//354
f 354//354 233//233 235//235
f 354//354 235//235 355//355
f 345//345 356//356 237//237
f 237//237 356//356 357//357
f 237//237 357//357 235//235
f 235//235 357//357 358//358
f 235//235 358//358 355//355
f 297//297 359//359 192//192
f 192//192 359//359 360//360
f 192//192 360//360 170//170
f 170//170 360//360 361//361
f 170//170 361//361 136//136
f 136//136 361//361 362//362
f 136//136 362//362 363//363
f 346//346 364//364 217//217
f 217//217 364//364 365//365
f 217//217 365//365 215//215
f 215//215 365//365 366//366
f 215//215 366//366 206//206
f 206//206 366//366 367//367
f 206//206 367//367 368//368
f 349//349 219//219 369//369
f 369//369 219//219 221//221
f 369//369 221//221 370//370
f 350//350 371//371 223//223
f 223//223 371//371 372//372
f 223//223 372//372 221//221
f 221//221 372//372 373//373
f 221//221 373//373 370//370
f 324//324 374//374 227//227
f 227//227 374//374 375//375
f 227//227 375//375 225//225
f 225//225 375//375 376//376
f 225//225 376//376 353//353
f 363//363 377//377 136//136
f 136//136 377//377 378//378
f 136//136 378//378 137//137
f 137//137 378//378 379//379
f 137//137 379//379 239//239
f 239//239 379//379 380//380
f 239//239 380//380 343//343
f 368//368 381//381 206//206
f 206//206 381//381 382//382
f 206//206 382//382 151//151
f 151//151 382//382 383//383
f 151//151 383//383 171//171
f 171//171 383//383 384//384
f 171//171 384//384 339//339
f 385//385 386//386 387//387
f 388//388 389//389 387//387
f 390//390 391//391 392//392
f 393//393 394//394 387//387
f 395//395 396//396 397//397
f 386//386 398//398 387//387
f 387//387 398//398 399//399
f 387//387 399//399 400//400
f 400//400 399//399 401//401
f 400//400 401//401 402//402
f 402//402 401//401 403//403
f 404//404 392//392 405//405
f 405//405 392//392 406//406
f 407//407 408//408 397//397
f 397//397 408//408 409//409
f 397//397 409//409 410//410
f 392//392 411//411 412//412
f 413//413 414//414 392//392
f 392//392 414//414 415//415
f 415//415 416//416 392//392
f 392//392 416//416 417//417
f 392//392 417//417 418//418
f 419//419 420//420 421//421
f 421//421 422//422 423//423
f 406//406 392//392 387//387
f 387//387 392//392 424//424
f 387//387 424//424 393//393
f 389//389 425//425 387//387
f 387//387 425//425 426//426
f 387//387 426//426 385//385
f 427//427 428//428 429//429
f 429//429 430//430 427//427
f 427//427 430//430 431//431
f 427//427 431//431 432//432
f 433//433 434//434 397//397
f 397//397 434//434 435//435
f 397//397 435//435 436//436
f 436//436 437//437 397//397
f 397//397 437//437 438//438
f 397//397 438//438 401//401
f 401//401 438//438 439//439
f 401//401 439//439 403//403
f 404//404 440//440 392//392
f 392//392 440//440 441//441
f 392//392 441//441 390//390
f 391//391 442//442 392//392
f 392//392 442//442 443//443
f 392//392 443//443 411//411
f 412//412 444//444 392//392
f 392//392 444//444 445//445
f 392//392 445//445 413//413
f 418//418 419//419 392//392
f 392//392 419//419 421//421
f 392//392 421//421 446//446
f 446//446 421//421 423//423
f 394//394 447//447 387//387
f 387//387 447//447 448//448
f 387//387 448//448 388//388
f 407//407 449//449 408//408
f 408//408 449//449 450//450
f 408//408 450//450 451//451
f 410//410 452//452 397//397
f 397//397 452//452 453//453
f 397//397 453//453 454//454
f 455//455 397//397 456//456
f 456//456 397//397 457//457
f 455//455 458//458 397//397
f 397//397 458//458 459//459
f 397//397 459//459 460//460
f 460//460 461//461 397//397
f 397//397 461//461 462//462
f 397//397 462//462 463//463
f 463//463 464//464 397//397
f 397//397 464//464 465//465
f 397//397 465//465 466//466
f 396//396 467//467 397//397
f 397//397 467//467 468//468
f 397//397 468//468 433//433
f 432//432 469//469 427//427
f 427//427 469//469 408//408
f 427//427 408//408 470//470
f 470//470 408//408 451//451
f 454//454 471//471 397//397
f 397//397 471//471 472//472
f 397//397 472//472 457//457
f 466//466 473//473 397//397
f 397//397 473//473 474//474
f 397//397 474//474 395//395
f 287//287 475//475 288//288
f 288//288 475//475 476//476
f 288//288 476//476 295//295
f 295//295 476//476 477//477
f 295//295 477//477 296//296
f 296//296 477//477 478//478
f 296//296 478//478 292//292
f 292//292 478//478 479//479
f 292//292 479//479 293//293
f 293//293 479//479 480//480
f 293//293 480//480 294//294
f 294//294 480//480 481//481
f 294//294 481//481 289//289
f 289//289 481//481 482//482
f 289//289 482//482 290//290
f 290//290 482//482 483//483
f 290//290 483//483 291//291
f 291//291 483//483 484//484
f 291//291 484//484 284//284
f 284//284 484//484 485//485
f 284//284 485//485 285//285
f 285//285 485//485 486//486
f 285//285 486//486 287//287
f 287//287 486//486 475//475
f 453//453 452//452 350//350
f 413//413 445//445 306//306
f 279//279 127//127 126//126
f 381//381 282//282 280//280
f 280//280 279//279 381//381
f 381//381 279//279 126//126
f 381//381 126//126 382//382
f 382//382 126//126 264//264
f 382//382 264//264 383//383
f 383//383 264//264 117//117
f 267//267 383//383 268//268
f 268//268 383//383 117//117
f 268//268 117//117 115//115
f 266//266 114//114 113//113
f 129//129 407//407 274//274
f 274//274 407//407 397//397
f 274//274 397//397 113//113
f 113//113 397//397 401//401
f 113//113 401//401 266//266
f 298//298 299//299 391//391
f 441//441 360//360 390//390
f 390//390 360//360 359//359
f 390//390 359//359 391//391
f 391//391 359//359 297//297
f 391//391 297//297 298//298
f 441//441 440//440 360//360
f 360//360 440//440 404//404
f 360//360 404//404 361//361
f 361//361 404//404 362//362
f 406//406 387//387 363//363
f 362//362 404//404 363//363
f 363//363 404//404 405//405
f 363//363 405//405 406//406
f 306//306 445//445 302//302
f 444//444 312//312 300//300
f 444//444 300//300 445//445
f 445//445 300//300 301//301
f 445//445 301//301 302//302
f 331//331 416//416 303//303
f 303//303 416//416 304//304
f 304//304 416//416 305//305
f 305//305 416//416 415//415
f 305//305 415//415 306//306
f 306//306 415//415 414//414
f 306//306 414//414 413//413
f 340//340 399//399 341//341
f 341//341 399//399 398//398
f 341//341 398//398 342//342
f 342//342 398//398 386//386
f 342//342 386//386 385//385
f 385//385 426//426 342//342
f 342//342 426//426 425//425
f 342//342 425//425 337//337
f 337//337 425//425 389//389
f 388//388 336//336 389//389
f 389//389 336//336 338//338
f 389//389 338//338 337//337
f 310//310 394//394 311//311
f 311//311 394//394 393//393
f 311//311 393//393 308//308
f 308//308 393//393 424//424
f 308//308 424//424 307//307
f 388//388 448//448 336//336
f 336//336 448//448 447//447
f 336//336 447//447 335//335
f 335//335 447//447 394//394
f 335//335 394//394 309//309
f 309//309 394//394 310//310
f 446//446 320//320 392//392
f 392//392 320//320 319//319
f 392//392 319//319 424//424
f 424//424 319//319 318//318
f 424//424 318//318 307//307
f 423//423 316//316 446//446
f 446//446 316//316 315//315
f 446//446 315//315 320//320
f 423//423 422//422 316//316
f 316//316 422//422 421//421
f 316//316 421//421 317//317
f 317//317 421//421 420//420
f 317//317 420//420 329//329
f 329//329 420//420 419//419
f 329//329 419//419 330//330
f 330//330 419//419 418//418
f 330//330 418//418 331//331
f 331//331 418//418 417//417
f 331//331 417//417 416//416
f 444//444 412//412 312//312
f 312//312 412//412 411//411
f 312//312 411//411 313//313
f 313//313 411//411 314//314
f 314//314 411//411 443//443
f 314//314 443//443 299//299
f 299//299 443//443 442//442
f 299//299 442//442 391//391
f 475//475 486//486 437//437
f 437//437 486//486 485//485
f 437//437 485//485 438//438
f 438//438 485//485 484//484
f 438//438 484//484 439//439
f 439//439 484//484 483//483
f 439//439 483//483 482//482
f 481//481 480//480 378//378
f 387//387 400//400 363//363
f 363//363 400//400 402//402
f 363//363 402//402 377//377
f 377//377 402//402 403//403
f 377//377 403//403 378//378
f 378//378 403//403 439//439
f 378//378 439//439 481//481
f 481//481 439//439 482//482
f 480//480 479//479 378//378
f 378//378 479//479 478//478
f 378//378 478//478 379//379
f 379//379 478//478 477//477
f 379//379 477//477 476//476
f 347//347 348//348 431//431
f 429//429 365//365 430//430
f 430//430 365//365 364//364
f 430//430 364//364 431//431
f 431//431 364//364 346//346
f 431//431 346//346 347//347
f 429//429 428//428 365//365
f 365//365 428//428 427//427
f 365//365 427//427 366//366
f 366//366 427//427 367//367
f 451//451 450//450 368//368
f 368//368 450//450 449//449
f 368//368 449//449 381//381
f 381//381 449//449 407//407
f 381//381 407//407 282//282
f 282//282 407//407 129//129
f 282//282 129//129 128//128
f 367//367 427//427 368//368
f 368//368 427//427 470//470
f 368//368 470//470 451//451
f 350//350 452//452 371//371
f 410//410 370//370 373//373
f 410//410 373//373 452//452
f 452//452 373//373 372//372
f 452//452 372//372 371//371
f 376//376 472//472 353//353
f 353//353 472//472 352//352
f 352//352 472//472 351//351
f 351//351 472//472 471//471
f 351//351 471//471 350//350
f 350//350 471//471 454//454
f 350//350 454//454 453//453
f 344//344 436//436 345//345
f 345//345 436//436 435//435
f 345//345 435//435 356//356
f 356//356 435//435 434//434
f 356//356 434//434 433//433
f 433//433 468//468 356//356
f 356//356 468//468 467//467
f 356//356 467//467 357//357
f 357//357 467//467 396//396
f 395//395 355//355 396//396
f 396//396 355//355 358//358
f 396//396 358//358 357//357
f 328//328 466//466 332//332
f 332//332 466//466 465//465
f 332//332 465//465 333//333
f 333//333 465//465 464//464
f 333//333 464//464 334//334
f 395//395 474//474 355//355
f 355//355 474//474 473//473
f 355//355 473//473 354//354
f 354//354 473//473 466//466
f 354//354 466//466 327//327
f 327//327 466//466 328//328
f 462//462 321//321 463//463
f 463//463 321//321 325//325
f 463//463 325//325 464//464
f 464//464 325//325 326//326
f 464//464 326//326 334//334
f 461//461 323//323 462//462
f 462//462 323//323 322//322
f 462//462 322//322 321//321
f 461//461 460//460 323//323
f 323//323 460//460 459//459
f 323//323 459//459 324//324
f 324//324 459//459 458//458
f 324//324 458//458 374//374
f 374//374 458//458 455//455
f 374//374 455//455 375//375
f 375//375 455//455 456//456
f 375//375 456//456 376//376
f 376//376 456//456 457//457
f 376//376 457//457 472//472
f 410//410 409//409 370//370
f 370//370 409//409 408//408
f 370//370 408//408 369//369
f 369//369 408//408 349//349
f 349//349 408//408 469//469
f 349//349 469//469 348//348
f 348//348 469//469 432//432
f 348//348 432//432 431//431
f 267//267 266//266 383//383
f 383//383 266//266 401//401
f 383//383 401//401 384//384
f 384//384 401//401 399//399
f 384//384 399//399 339//339
f 339//339 399//399 340//340
f 476//476 475//475 379//379
f 379//379 475//475 437//437
f 379//379 437//437 380//380
f 380//380 437//437 436//436
f 380//380 436//436 343//343
f 343//343 436//436 344//344
f 487//487 488//488 489//489
f 489//489 488//488 490//490
f 489//489 490//490 491//491
f 492//492 493//493 489//489
f 489//489 493//493 494//494
f 489//489 494//494 487//487
f 495//495 496//496 489//489
f 489//489 496//496 497//497
f 489//489 497//497 492//492
f 491//491 498//498 489//489
f 489//489 498//498 499//499
f 489//489 499//499 495//495
f 500//500 501//501 502//502
f 502//502 501//501 503//503
f 502//502 503//503 504//504
f 505//505 506//506 502//502
f 502//502 506//506 507//507
f 502//502 507//507 500//500
f 508//508 509//509 502//502
f 502//502 509//509 510//510
f 502//502 510//510 505//505
f 504//504 511//511 502//502
f 502//502 511//511 512//512
f 502//502 512//512 508//508
f 513//513 514//514 515//515
f 515//515 514//514 516//516
f 515//515 516//516 517//517
f 518//518 519//519 515//515
f 515//515 519//519 520//520
f 515//515 520//520 513//513
f 521//521 522//522 515//515
f 515//515 522//522 523//523
f 515//515 523//523 518//518
f 517//517 524//524 515//515
f 515//515 524//524 525//525
f 515//515 525//525 521//521
f 526//526 527//527 528//528
f 528//528 527//527 529//529
f 528//528 529//529 530//530
f 531//531 532//532 528//528
f 528//528 532//532 533//533
f 528//528 533//533 526//526
f 534//534 535//535 528//528
f 528//528 535//535 536//536
f 528//528 536//536 531//531
f 530//530 537//537 528//528
f 528//528 537//537 538//538
f 528//528 538//538 534//534
f 539//539 540//540 541//541
f 541//541 540//540 542//542
f 541//541 542//542 543//543
f 544//544 545//545 541//541
f 541//541 545//545 546//546
f 541//541 546//546 539//539
f 547//547 548//548 541//541
f 541//541 548//548 549//549
f 541//541 549//549 544//544
f 543//543 550//550 541//541
f 541//541 550//550 551//551
f 541//541 551//551 547//547
f 552//552 553//553 554//554
f 554//554 553//553 555//555
f 554//554 555//555 556//556
f 557//557 558//558 554//554
f 554//554 558//558 559//559
f 554//554 559//559 552//552
f 560//560 561//561 554//554
f 554//554 561//561 562//562
f 554//554 562//562 557//557
f 556//556 563//563 554//554
f 554//554 563//563 564//564
f 554//554 564//564 560//560
f 490//490 565//565 491//491
f 491//491 565//565 566//566
f 491//491 566//566 498//498
f 498//498 566//566 567//567
f 498//498 567//567 499//499
f 499//499 567//567 568//568
f 499//499 568//568 495//495
f 495//495 568//568 569//569
f 495//495 569//569 496//496
f 496//496 569//569 570//570
f 496//496 570//570 497//497
f 497//497 570//570 571//571
f 497//497 571//571 492//492
f 492//492 571//571 572//572
f 492//492 572//572 493//493
f 493//493 572//572 573//573
f 493//493 573//573 494//494
f 494//494 573//573 574//574
f 494//494 574//574 487//487
f 487//487 574//574 575//575
f 487//487 575//575 488//488
f 488//488 575//575 576//576
f 488//488 576//576 490//490
f 490//490 576//576 565//565
f 503//503 577//577 504//504
f 504//504 577//577 578//578
f 504//504 578//578 511//511
f 511//511 578//578 579//579
f 511//511 579//579 512//512
f 512//512 579//579 580//580
f 512//512 580//580 508//508
f 508//508 580//580 581//581
f 508//508 581//581 509//509
f 509//509 581//581 582//582
f 509//509 582//582 510//510
f 510//510 582//582 583//583
f 510//510 583//583 505//505
f 505//505 583//583 584//584
f 505//505 584//584 506//506
f 506//506 584//584 585//585
f 506//506 585//585 507//507
f 507//507 585//585 586//586
f 507//507 586//586 500//500
f 500//500 586//586 587//587
f 500//500 587//587 501//501
f 501//501 587//587 588//588
f 501//501 588//588 503//503
f 503//503 588//588 577//577
f 516//516 589//589 517//517
f 517//517 589//589 590//590
f 517//517 590//590 524//524
f 524//524 590//590 591//591
f 524//524 591//591 525//525
f 525//525 591//591 592//592
f 525//525 592//592 521//521
f 521//521 592//592 593//593
f 521//521 593//593 522//522
f 522//522 593//593 594//594
f 522//522 594//594 523//523
f 523//523 594//594 595//595
f 523//523 595//595 518//518
f 518//518 595//595 596//596
f 518//518 596//596 519//519
f 519//519 596//596 597//597
f 519//519 597//597 520//520
f 520//520 597//597 598//598
f 520//520 598//598 513//513
f 513//513 598//598 599//599
f 513//513 599//599 514//514
f 514//514 599//599 600//600
f 514//514 600//600 516//516
f 516//516 600//600 589//589
f 529//529 601//601 530//530
f 530//530 601//601 602//602
f 530//530 602//602 537//537
f 537//537 602//602 603//603
f 537//537 603//603 538//538
f 538//538 603//603 604//604
f 538//538 604//604 534//534
f 534//534 604//604 605//605
f 534//534 605//605 535//535
f 535//535 605//605 606//606
f 535//535 606//606 536//536
f 536//536 606//606 607//607
f 536//536 607//607 531//531
f 531//531 607//607 608//608
f 531//531 608//608 532//532
f 532//532 608//608 609//609
f 532//532 609//609 533//533
f 533//533 609//609 610//610
f 533//533 610//610 526//526
f 526//526 610//610 611//611
f 526//526 611//611 527//527
f 527//527 611//611 612//612
f 527//527 612//612 529//529
f 529//529 612//612 601//601
f 613//613 614//614 615//615
f 615//615 614//614 616//616
f 615//615 616//616 617//617
f 617//617 616//616 618//618
f 617//617 618//618 619//619
f 619//619 618//618 620//620
f 619//619 620//620 621//621
f 621//621 620//620 622//622
f 621//621 622//622 623//623
f 623//623 622//622 624//624
f 623//623 624//624 625//625
f 625//625 624//624 626//626
f 625//625 626//626 627//627
f 626//626 628//628 627//627
f 627//627 628//628 629//629
f 627//627 629//629 630//630
f 630//630 629//629 631//631
f 630//630 631//631 632//632
f 632//632 631//631 633//633
f 632//632 633//633 634//634
f 634//634 633//633 635//635
f 634//634 635//635 636//636
f 636//636 635//635 637//637
f 636//636 637//637 638//638
f 638//638 637//637 639//639
f 638//638 639//639 640//640
f 640//640 639//639 641//641
f 640//640 641//641 642//642
f 642//642 641//641 643//643
f 642//642 643//643 644//644
f 644//644 643//643 645//645
f 644//644 645//645 646//646
f 646//646 645//645 647//647
f 646//646 647//647 648//648
f 648//648 647//647 649//649
f 648//648 649//649 650//650
f 650//650 649//649 651//651
f 650//650 651//651 613//613
f 613//613 651//651 652//652
f 613//613 652//652 614//614
f 653//653 627//627 654//654
f 654//654 627//627 630//630
f 654//654 630//630 655//655
f 655//655 630//630 632//632
f 655//655 632//632 656//656
f 657//657 619//619 658//658
f 658//658 619//619 621//621
f 658//658 621//621 659//659
f 659//659 621//621 623//623
f 659//659 623//623 653//653
f 653//653 623//623 625//625
f 653//653 625//625 627//627
f 660//660 650//650 661//661
f 661//661 650//650 613//613
f 661//661 613//613 662//662
f 662//662 613//613 615//615
f 662//662 615//615 657//657
f 657//657 615//615 617//617
f 657//657 617//617 619//619
f 663//663 644//644 664//664
f 664//664 644//644 646//646
f 664//664 646//646 660//660
f 660//660 646//646 648//648
f 660//660 648//648 650//650
f 632//632 634//634 656//656
f 656//656 634//634 636//636
f 656//656 636//636 665//665
f 665//665 636//636 638//638
f 665//665 638//638 666//666
f 666//666 638//638 640//640
f 666//666 640//640 663//663
f 663//663 640//640 642//642
f 663//663 642//642 644//644
f 542//542 667//667 543//543
f 543//543 667//667 668//668
f 543//543 668//668 550//550
f 550//550 668//668 669//669
f 550//550 669//669 551//551
f 551//551 669//669 670//670
f 551//551 670//670 547//547
f 547//547 670//670 671//671
f 547//547 671//671 548//548
f 548//548 671//671 672//672
f 548//548 672//672 549//549
f 549//549 672//672 673//673
f 549//549 673//673 544//544
f 544//544 673//673 674//674
f 544//544 674//674 545//545
f 545//545 674//674 675//675
f 545//545 675//675 546//546
f 546//546 675//675 676//676
f 546//546 676//676 539//539
f 539//539 676//676 677//677
f 539//539 677//677 540//540
f 540//540 677//677 678//678
f 540//540 678//678 542//542
f 542//542 678//678 667//667
f 555//555 679//679 556//556
f 556//556 679//679 680//680
f 556//556 680//680 563//563
f 563//563 680//680 681//681
f 563//563 681//681 564//564
f 564//564 681//681 682//682
f 564//564 682//682 560//560
f 560//560 682//682 683//683
f 560//560 683//683 561//561
f 561//561 683//683 684//684
f 561//561 684//684 562//562
f 562//562 684//684 685//685
f 562//562 685//685 557//557
f 557//557 685//685 686//686
f 557//557 686//686 558//558
f 558//558 686//686 687//687
f 558//558 687//687 559//559
f 559//559 687//687 688//688
f 559//559 688//688 552//552
f 552//552 688//688 689//689
f 552//552 689//689 553//553
f 553//553 689//689 690//690
f 553//553 690//690 555//555
f 555//555 690//690 679//679
f 691//691 692//692 693//693
f 693//693 692//692 694//694
f 693//693 694//694 695//695
f 696//696 575//575 574//574
f 696//696 574//574 629//629
f 574//574 573//573 629//629
f 629//629 573//573 572//572
f 629//629 572//572 631//631
f 647//647 645//645 697//697
f 697//697 645//645 643//643
f 697//697 569//569 698//698
f 698//698 569//569 568//568
f 698//698 568//568 567//567
f 567//567 566//566 698//698
f 698//698 566//566 565//565
f 698//698 565//565 696//696
f 696//696 565//565 576//576
f 696//696 576//576 575//575
f 643//643 641//641 697//697
f 697//697 641//641 570//570
f 697//697 570//570 569//569
f 641//641 639//639 570//570
f 570//570 639//639 637//637
f 570//570 637//637 571//571
f 571//571 637//637 635//635
f 571//571 635//635 572//572
f 572//572 635//635 633//633
f 572//572 633//633 631//631
f 699//699 651//651 697//697
f 697//697 651//651 649//649
f 697//697 649//649 647//647
f 700//700 597//597 596//596
f 597//597 700//700 598//598
f 598//598 700//700 701//701
f 598//598 701//701 599//599
f 616//616 614//614 699//699
f 699//699 614//614 652//652
f 699//699 652//652 651//651
f 596//596 595//595 622//622
f 596//596 622//622 700//700
f 700//700 622//622 620//620
f 700//700 620//620 618//618
f 629//629 628//628 595//595
f 628//628 626//626 595//595
f 595//595 626//626 624//624
f 595//595 624//624 622//622
f 595//595 594//594 629//629
f 629//629 594//594 593//593
f 629//629 593//593 696//696
f 696//696 593//593 592//592
f 696//696 592//592 591//591
f 591//591 590//590 696//696
f 696//696 590//590 589//589
f 696//696 589//589 701//701
f 701//701 589//589 600//600
f 701//701 600//600 599//599
f 699//699 612//612 611//611
f 699//699 611//611 693//693
f 693//693 611//611 610//610
f 693//693 610//610 609//609
f 606//606 691//691 607//607
f 607//607 691//691 693//693
f 607//607 693//693 608//608
f 608//608 693//693 609//609
f 606//606 605//605 691//691
f 691//691 605//605 604//604
f 691//691 604//604 697//697
f 604//604 603//603 697//697
f 697//697 603//603 602//602
f 697//697 602//602 699//699
f 699//699 602//602 601//601
f 699//699 601//601 612//612
f 578//578 577//577 699//699
f 699//699 577//577 700//700
f 699//699 700//700 616//616
f 616//616 700//700 618//618
f 577//577 588//588 700//700
f 700//700 588//588 587//587
f 700//700 587//587 695//695
f 695//695 587//587 586//586
f 695//695 586//586 585//585
f 582//582 693//693 583//583
f 583//583 693//693 695//695
f 583//583 695//695 584//584
f 584//584 695//695 585//585
f 582//582 581//581 693//693
f 693//693 581//581 580//580
f 693//693 580//580 699//699
f 699//699 580//580 579//579
f 699//699 579//579 578//578
f 702//702 698//698 703//703
f 703//703 698//698 696//696
f 703//703 696//696 701//701
f 659//659 704//704 658//658
f 658//658 704//704 705//705
f 658//658 705//705 657//657
f 657//657 705//705 706//706
f 657//657 706//706 662//662
f 662//662 706//706 707//707
f 662//662 707//707 661//661
f 661//661 707//707 481//481
f 661//661 481//481 660//660
f 660//660 481//481 708//708
f 660//660 708//708 664//664
f 664//664 708//708 709//709
f 664//664 709//709 663//663
f 709//709 710//710 663//663
f 663//663 710//710 711//711
f 663//663 711//711 666//666
f 666//666 711//711 712//712
f 666//666 712//712 665//665
f 665//665 712//712 713//713
f 665//665 713//713 656//656
f 656//656 713//713 714//714
f 656//656 714//714 655//655
f 655//655 714//714 475//475
f 655//655 475//475 654//654
f 654//654 475//475 715//715
f 654//654 715//715 653//653
f 653//653 715//715 716//716
f 653//653 716//716 659//659
f 659//659 716//716 717//717
f 659//659 717//717 704//704
f 703//703 718//718 702//702
f 702//702 718//718 719//719
f 702//702 719//719 720//720
f 690//690 689//689 698//698
f 698//698 689//689 688//688
f 698//698 688//688 697//697
f 697//697 688//688 687//687
f 697//697 687//687 686//686
f 721//721 722//722 682//682
f 678//678 677//677 697//697
f 697//697 677//677 676//676
f 697//697 676//676 691//691
f 691//691 676//676 675//675
f 675//675 674//674 691//691
f 691//691 674//674 673//673
f 691//691 673//673 692//692
f 692//692 673//673 672//672
f 692//692 672//672 671//671
f 723//723 724//724 670//670
f 702//702 720//720 725//725
f 686//686 685//685 697//697
f 697//697 685//685 667//667
f 697//697 667//667 678//678
f 725//725 726//726 702//702
f 702//702 726//726 727//727
f 702//702 727//727 728//728
f 728//728 681//681 702//702
f 702//702 681//681 680//680
f 702//702 680//680 698//698
f 698//698 680//680 679//679
f 698//698 679//679 690//690
f 728//728 729//729 681//681
f 681//681 729//729 730//730
f 681//681 730//730 682//682
f 682//682 730//730 731//731
f 682//682 731//731 721//721
f 670//670 724//724 671//671
f 732//732 733//733 692//692
f 692//692 733//733 734//734
f 692//692 734//734 735//735
f 669//669 736//736 670//670
f 670//670 736//736 737//737
f 737//737 738//738 670//670
f 670//670 738//738 739//739
f 670//670 739//739 723//723
f 668//668 740//740 741//741
f 741//741 742//742 668//668
f 668//668 742//742 743//743
f 668//668 743//743 669//669
f 669//669 743//743 744//744
f 669//669 744//744 736//736
f 724//724 745//745 671//671
f 671//671 745//745 746//746
f 671//671 746//746 692//692
f 692//692 746//746 747//747
f 692//692 747//747 732//732
f 740//740 668//668 748//748
f 748//748 668//668 667//667
f 748//748 667//667 749//749
f 750//750 751//751 684//684
f 752//752 753//753 685//685
f 722//722 754//754 682//682
f 682//682 754//754 755//755
f 682//682 755//755 683//683
f 683//683 755//755 756//756
f 683//683 756//756 684//684
f 684//684 756//756 757//757
f 684//684 757//757 750//750
f 751//751 758//758 684//684
f 684//684 758//758 759//759
f 684//684 759//759 685//685
f 685//685 759//759 760//760
f 685//685 760//760 752//752
f 761//761 762//762 667//667
f 762//762 763//763 667//667
f 667//667 763//763 764//764
f 667//667 764//764 749//749
f 753//753 765//765 685//685
f 685//685 765//765 766//766
f 685//685 766//766 767//767
f 767//767 768//768 685//685
f 685//685 768//768 769//769
f 685//685 769//769 667//667
f 667//667 769//769 770//770
f 667//667 770//770 761//761
f 692//692 735//735 694//694
f 694//694 735//735 771//771
f 694//694 771//771 772//772
f 773//773 718//718 703//703
f 774//774 775//775 701//701
f 776//776 777//777 695//695
f 695//695 777//777 778//778
f 779//779 780//780 695//695
f 695//695 780//780 781//781
f 695//695 781//781 782//782
f 701//701 783//783 784//784
f 778//778 785//785 695//695
f 695//695 785//785 786//786
f 695//695 786//786 787//787
f 787//787 788//788 695//695
f 695//695 788//788 789//789
f 695//695 789//789 779//779
f 775//775 790//790 701//701
f 701//701 790//790 791//791
f 701//701 791//791 783//783
f 784//784 792//792 701//701
f 701//701 792//792 793//793
f 701//701 793//793 794//794
f 794//794 795//795 701//701
f 701//701 795//795 796//796
f 701//701 796//796 703//703
f 703//703 796//796 797//797
f 703//703 797//797 773//773
f 772//772 798//798 694//694
f 694//694 798//798 799//799
f 694//694 799//799 695//695
f 695//695 799//799 800//800
f 695//695 800//800 776//776
f 801//801 700//700 802//802
f 802//802 700//700 695//695
f 802//802 695//695 803//803
f 803//803 695//695 782//782
f 804//804 805//805 701//701
f 701//701 805//805 806//806
f 701//701 806//806 807//807
f 807//807 808//808 701//701
f 701//701 808//808 809//809
f 701//701 809//809 810//810
f 810//810 811//811 701//701
f 701//701 811//811 812//812
f 701//701 812//812 774//774
f 801//801 813//813 700//700
f 700//700 813//813 814//814
f 700//700 814//814 815//815
f 701//701 816//816 817//817
f 817//817 818//818 701//701
f 701//701 818//818 819//819
f 701//701 819//819 804//804
f 815//815 820//820 700//700
f 700//700 820//820 821//821
f 700//700 821//821 822//822
f 822//822 823//823 700//700
f 700//700 823//823 824//824
f 700//700 824//824 825//825
f 825//825 826//826 700//700
f 700//700 826//826 827//827
f 700//700 827//827 701//701
f 701//701 827//827 828//828
f 701//701 828//828 816//816
f 716//716 826//826 717//717
f 717//717 826//826 825//825
f 717//717 825//825 704//704
f 715//715 475//475 767//767
f 767//767 475//475 714//714
f 767//767 714//714 768//768
f 768//768 714//714 713//713
f 768//768 713//713 769//769
f 769//769 713//713 712//712
f 712//712 711//711 769//769
f 769//769 711//711 710//710
f 769//769 710//710 770//770
f 770//770 710//710 709//709
f 770//770 709//709 708//708
f 481//481 707//707 821//821
f 704//704 825//825 705//705
f 705//705 825//825 824//824
f 705//705 824//824 706//706
f 706//706 824//824 823//823
f 706//706 823//823 707//707
f 707//707 823//823 822//822
f 707//707 822//822 821//821
f 725//725 720//720 719//719
f 798//798 772//772 771//771
f 740//740 782//782 741//741
f 741//741 782//782 781//781
f 741//741 781//781 742//742
f 742//742 781//781 780//780
f 742//742 780//780 743//743
f 743//743 780//780 779//779
f 778//778 777//777 746//746
f 746//746 777//777 776//776
f 746//746 776//776 747//747
f 747//747 776//776 800//800
f 747//747 800//800 732//732
f 732//732 800//800 799//799
f 732//732 799//799 733//733
f 733//733 799//799 798//798
f 733//733 798//798 734//734
f 734//734 798//798 771//771
f 734//734 771//771 735//735
f 746//746 745//745 778//778
f 778//778 745//745 724//724
f 778//778 724//724 785//785
f 785//785 724//724 723//723
f 785//785 723//723 786//786
f 786//786 723//723 739//739
f 786//786 739//739 787//787
f 787//787 739//739 738//738
f 787//787 738//738 788//788
f 788//788 738//738 737//737
f 788//788 737//737 789//789
f 789//789 737//737 736//736
f 789//789 736//736 779//779
f 779//779 736//736 744//744
f 779//779 744//744 743//743
f 708//708 481//481 770//770
f 770//770 481//481 821//821
f 770//770 821//821 761//761
f 761//761 821//821 820//820
f 761//761 820//820 762//762
f 762//762 820//820 815//815
f 762//762 815//815 763//763
f 763//763 815//815 814//814
f 763//763 814//814 764//764
f 764//764 814//814 813//813
f 764//764 813//813 749//749
f 749//749 813//813 801//801
f 749//749 801//801 748//748
f 748//748 801//801 802//802
f 748//748 802//802 740//740
f 740//740 802//802 803//803
f 740//740 803//803 782//782
f 794//794 728//728 795//795
f 795//795 728//728 727//727
f 795//795 727//727 796//796
f 796//796 727//727 726//726
f 796//796 726//726 797//797
f 797//797 726//726 725//725
f 797//797 725//725 773//773
f 773//773 725//725 719//719
f 773//773 719//719 718//718
f 783//783 754//754 722//722
f 783//783 722//722 784//784
f 784//784 722//722 721//721
f 784//784 721//721 792//792
f 792//792 721//721 731//731
f 792//792 731//731 793//793
f 793//793 731//731 730//730
f 793//793 730//730 794//794
f 794//794 730//730 729//729
f 794//794 729//729 728//728
f 804//804 819//819 765//765
f 765//765 819//819 766//766
f 783//783 791//791 754//754
f 754//754 791//791 790//790
f 754//754 790//790 755//755
f 755//755 790//790 775//775
f 755//755 775//775 756//756
f 756//756 775//775 774//774
f 756//756 774//774 757//757
f 757//757 774//774 812//812
f 757//757 812//812 750//750
f 750//750 812//812 811//811
f 750//750 811//811 751//751
f 751//751 811//811 758//758
f 758//758 811//811 810//810
f 758//758 810//810 759//759
f 759//759 810//810 809//809
f 759//759 809//809 760//760
f 760//760 809//809 808//808
f 760//760 808//808 752//752
f 752//752 808//808 807//807
f 752//752 807//807 753//753
f 753//753 807//807 806//806
f 753//753 806//806 765//765
f 765//765 806//806 805//805
f 765//765 805//805 804//804
f 819//819 818//818 766//766
f 766//766 818//818 817//817
f 766//766 817//817 767//767
f 767//767 817//817 816//816
f 767//767 816//816 715//715
f 715//715 816//816 828//828
f 715//715 828//828 716//716
f 716//716 828//828 827//827
f 716//716 827//827 826//826
f 829//829 830//830 831//831
f 829//829 831//831 832//832
f 832//832 831//831 833//833
f 832//832 833//833 834//834
f 835//835 836//836 837//837
f 837//837 836//836 838//838
f 834//834 839//839 832//832
f 832//832 839//839 836//836
f 832//832 836//836 840//840
f 840//840 836//836 835//835
f 841//841 842//842 829//829
f 841//841 829//829 843//843
f 843//843 829//829 844//844
f 843//843 844//844 845//845
f 842//842 846//846 829//829
f 829//829 846//846 847//847
f 829//829 847//847 830//830
f 847//847 848//848 830//830
f 830//830 848//848 849//849
f 830//830 849//849 850//850
f 850//850 851//851 830//830
f 830//830 851//851 852//852
f 830//830 852//852 853//853
f 854//854 855//855 856//856
f 856//856 855//855 857//857
f 856//856 857//857 858//858
f 858//858 859//859 856//856
f 856//856 859//859 860//860
f 856//856 860//860 861//861
f 862//862 863//863 864//864
f 864//864 863//863 865//865
f 864//864 865//865 866//866
f 866//866 865//865 867//867
f 866//866 867//867 856//856
f 856//856 867//867 868//868
f 856//856 868//868 854//854
f 861//861 869//869 856//856
f 856//856 869//869 870//870
f 856//856 870//870 871//871
f 852//852 872//872 853//853
f 853//853 872//872 873//873
f 853//853 873//873 874//874
f 874//874 873//873 856//856
f 874//874 856//856 875//875
f 875//875 856//856 871//871
f 876//876 877//877 878//878
f 878//878 877//877 879//879
f 878//878 879//879 862//862
f 862//862 879//879 880//880
f 862//862 880//880 863//863
f 881//881 878//878 882//882
f 882//882 878//878 883//883
f 881//881 884//884 878//878
f 878//878 884//884 885//885
f 878//878 885//885 876//876
f 845//845 844//844 878//878
f 878//878 844//844 886//886
f 878//878 886//886 887//887
f 887//887 888//888 878//878
f 878//878 888//888 889//889
f 878//878 889//889 883//883
f 890//890 843//843 891//891
f 891//891 843//843 845//845
f 891//891 845//845 892//892
f 892//892 845//845 878//878
f 892//892 878//878 893//893
f 893//893 878//878 862//862
f 893//893 862//862 894//894
f 894//894 862//862 864//864
f 894//894 864//864 895//895
f 895//895 864//864 866//866
f 895//895 866//866 896//896
f 896//896 866//866 856//856
f 896//896 856//856 897//897
f 897//897 856//856 873//873
f 897//897 873//873 898//898
f 898//898 873//873 872//872
f 898//898 872//872 899//899
f 899//899 872//872 852//852
f 899//899 852//852 900//900
f 900//900 852//852 851//851
f 900//900 851//851 901//901
f 901//901 851//851 850//850
f 901//901 850//850 902//902
f 902//902 850//850 849//849
f 902//902 849//849 903//903
f 903//903 849//849 848//848
f 903//903 848//848 904//904
f 904//904 848//848 847//847
f 904//904 847//847 905//905
f 905//905 847//847 846//846
f 905//905 846//846 906//906
f 906//906 846//846 842//842
f 906//906 842//842 907//907
f 907//907 842//842 841//841
f 907//907 841//841 890//890
f 890//890 841//841 843//843
f 908//908 909//909 910//910
f 909//909 911//911 910//910
f 910//910 911//911 912//912
f 910//910 912//912 913//913
f 914//914 915//915 916//916
f 916//916 915//915 917//917
f 916//916 917//917 918//918
f 914//914 916//916 910//910
f 910//910 916//916 919//919
f 910//910 919//919 908//908
f 867//867 865//865 920//920
f 920//920 865//865 916//916
f 920//920 916//916 921//921
f 921//921 916//916 918//918
f 913//913 922//922 910//910
f 910//910 922//922 923//923
f 910//910 923//923 924//924
f 882//882 883//883 925//925
f 926//926 927//927 928//928
f 926//926 928//928 929//929
f 930//930 931//931 932//932
f 932//932 931//931 933//933
f 932//932 933//933 928//928
f 928//928 933//933 934//934
f 928//928 934//934 929//929
f 930//930 932//932 935//935
f 935//935 932//932 936//936
f 935//935 936//936 937//937
f 937//937 936//936 938//938
f 937//937 938//938 939//939
f 939//939 938//938 886//886
f 939//939 886//886 844//844
f 889//889 888//888 938//938
f 938//938 888//888 887//887
f 938//938 887//887 886//886
f 882//882 925//925 881//881
f 877//877 876//876 940//940
f 940//940 876//876 885//885
f 941//941 880//880 879//879
f 880//880 941//941 863//863
f 863//863 941//941 916//916
f 863//863 916//916 865//865
f 942//942 909//909 943//943
f 943//943 909//909 908//908
f 943//943 908//908 941//941
f 941//941 908//908 919//919
f 941//941 919//919 916//916
f 913//913 912//912 942//942
f 942//942 912//912 911//911
f 942//942 911//911 909//909
f 942//942 944//944 913//913
f 913//913 944//944 945//945
f 913//913 945//945 922//922
f 922//922 945//945 946//946
f 922//922 946//946 923//923
f 947//947 948//948 946//946
f 948//948 949//949 946//946
f 946//946 949//949 950//950
f 946//946 950//950 923//923
f 923//923 950//950 951//951
f 923//923 951//951 924//924
f 952//952 953//953 954//954
f 954//954 953//953 955//955
f 954//954 955//955 956//956
f 957//957 958//958 959//959
f 959//959 958//958 960//960
f 959//959 960//960 961//961
f 927//927 957//957 928//928
f 928//928 957//957 959//959
f 928//928 959//959 932//932
f 932//932 959//959 962//962
f 932//932 962//962 936//936
f 936//936 962//962 963//963
f 936//936 963//963 938//938
f 938//938 963//963 925//925
f 938//938 925//925 889//889
f 889//889 925//925 883//883
f 961//961 953//953 959//959
f 959//959 953//953 952//952
f 959//959 952//952 962//962
f 962//962 952//952 964//964
f 962//962 964//964 963//963
f 963//963 964//964 965//965
f 963//963 965//965 925//925
f 925//925 965//965 966//966
f 925//925 966//966 881//881
f 881//881 966//966 940//940
f 881//881 940//940 884//884
f 884//884 940//940 885//885
f 956//956 947//947 954//954
f 954//954 947//947 946//946
f 954//954 946//946 952//952
f 952//952 946//946 945//945
f 952//952 945//945 964//964
f 964//964 945//945 944//944
f 964//964 944//944 965//965
f 965//965 944//944 942//942
f 965//965 942//942 966//966
f 966//966 942//942 943//943
f 966//966 943//943 940//940
f 940//940 943//943 941//941
f 940//940 941//941 877//877
f 877//877 941//941 879//879
f 967//967 968//968 969//969
f 967//967 969//969 970//970
f 971//971 972//972 969//969
f 969//969 972//972 973//973
f 969//969 973//973 970//970
f 974//974 975//975 969//969
f 969//969 975//975 976//976
f 969//969 976//976 971//971
f 977//977 978//978 969//969
f 969//969 978//978 979//979
f 969//969 979//979 974//974
f 980//980 981//981 969//969
f 969//969 981//981 982//982
f 969//969 982//982 977//977
f 983//983 984//984 969//969
f 969//969 984//984 985//985
f 969//969 985//985 980//980
f 986//986 987//987 969//969
f 969//969 987//987 988//988
f 969//969 988//988 983//983
f 989//989 990//990 969//969
f 969//969 990//990 991//991
f 969//969 991//991 986//986
f 968//968 992//992 969//969
f 969//969 992//992 993//993
f 969//969 993//993 989//989
f 994//994 995//995 996//996
f 997//997 998//998 999//999
f 1000//1000 853//853 1001//1001
f 1001//1001 853//853 874//874
f 1001//1001 874//874 875//875
f 1000//1000 1001//1001 1002//1002
f 1002//1002 1001//1001 1003//1003
f 1002//1002 1003//1003 1004//1004
f 1004//1004 1003//1003 1005//1005
f 1005//1005 1003//1003 1006//1006
f 1005//1005 1006//1006 1007//1007
f 1008//1008 1009//1009 1010//1010
f 1010//1010 1009//1009 1011//1011
f 1010//1010 1011//1011 1012//1012
f 1007//1007 1006//1006 1013//1013
f 1013//1013 1006//1006 1010//1010
f 1013//1013 1010//1010 1014//1014
f 1014//1014 1010//1010 1012//1012
f 1014//1014 1012//1012 1015//1015
f 1016//1016 1017//1017 1018//1018
f 1018//1018 1017//1017 1019//1019
f 997//997 999//999 1020//1020
f 914//914 910//910 994//994
f 994//994 996//996 914//914
f 914//914 996//996 1021//1021
f 914//914 1021//1021 915//915
f 915//915 1021//1021 1022//1022
f 915//915 1022//1022 917//917
f 917//917 1022//1022 1023//1023
f 917//917 1023//1023 918//918
f 918//918 1023//1023 1024//1024
f 918//918 1024//1024 921//921
f 921//921 1024//1024 1025//1025
f 921//921 1025//1025 920//920
f 857//857 855//855 1025//1025
f 1025//1025 855//855 854//854
f 1025//1025 854//854 920//920
f 920//920 854//854 868//868
f 920//920 868//868 867//867
f 1026//1026 860//860 1027//1027
f 1027//1027 860//860 859//859
f 1027//1027 859//859 858//858
f 871//871 870//870 1028//1028
f 1028//1028 870//870 869//869
f 1028//1028 869//869 861//861
f 875//875 871//871 1001//1001
f 1001//1001 871//871 1028//1028
f 1001//1001 1028//1028 1003//1003
f 1003//1003 1028//1028 1029//1029
f 1003//1003 1029//1029 1006//1006
f 1006//1006 1029//1029 1030//1030
f 1006//1006 1030//1030 1010//1010
f 1010//1010 1030//1030 1018//1018
f 1010//1010 1018//1018 1008//1008
f 1008//1008 1018//1018 1019//1019
f 861//861 860//860 1028//1028
f 1028//1028 860//860 1026//1026
f 1028//1028 1026//1026 1029//1029
f 1029//1029 1026//1026 1031//1031
f 1029//1029 1031//1031 1030//1030
f 1030//1030 1031//1031 1032//1032
f 1030//1030 1032//1032 1018//1018
f 1018//1018 1032//1032 1033//1033
f 1018//1018 1033//1033 1016//1016
f 1016//1016 1033//1033 999//999
f 1016//1016 999//999 1034//1034
f 1034//1034 999//999 998//998
f 858//858 857//857 1027//1027
f 1027//1027 857//857 1025//1025
f 1027//1027 1025//1025 1026//1026
f 1026//1026 1025//1025 1024//1024
f 1026//1026 1024//1024 1031//1031
f 1031//1031 1024//1024 1023//1023
f 1031//1031 1023//1023 1032//1032
f 1032//1032 1023//1023 1022//1022
f 1032//1032 1022//1022 1033//1033
f 1033//1033 1022//1022 1021//1021
f 1033//1033 1021//1021 999//999
f 999//999 1021//1021 996//996
f 999//999 996//996 1020//1020
f 1020//1020 996//996 995//995
f 1035//1035 1036//1036 1037//1037
f 1037//1037 1036//1036 1038//1038
f 1037//1037 1038//1038 1039//1039
f 1040//1040 1041//1041 1042//1042
f 1042//1042 1041//1041 1043//1043
f 1042//1042 1043//1043 1044//1044
f 1035//1035 1045//1045 1036//1036
f 1036//1036 1045//1045 1041//1041
f 1036//1036 1041//1041 1046//1046
f 1046//1046 1041//1041 1040//1040
f 905//905 906//906 1039//1039
f 901//901 902//902 1038//1038
f 1038//1038 902//902 903//903
f 1038//1038 903//903 1039//1039
f 1039//1039 903//903 904//904
f 1039//1039 904//904 905//905
f 897//897 898//898 1015//1015
f 1015//1015 898//898 899//899
f 1015//1015 899//899 1038//1038
f 1038//1038 899//899 900//900
f 1038//1038 900//900 901//901
f 906//906 907//907 1039//1039
f 1039//1039 907//907 890//890
f 1039//1039 890//890 929//929
f 951//951 950//950 893//893
f 893//893 950//950 949//949
f 951//951 893//893 924//924
f 924//924 893//893 894//894
f 924//924 894//894 910//910
f 910//910 894//894 895//895
f 910//910 895//895 994//994
f 994//994 895//895 896//896
f 994//994 896//896 995//995
f 949//949 948//948 893//893
f 893//893 948//948 947//947
f 893//893 947//947 956//956
f 956//956 955//955 893//893
f 893//893 955//955 953//953
f 893//893 953//953 961//961
f 961//961 960//960 893//893
f 893//893 960//960 958//958
f 893//893 958//958 957//957
f 890//890 891//891 929//929
f 929//929 891//891 892//892
f 929//929 892//892 926//926
f 926//926 892//892 893//893
f 926//926 893//893 927//927
f 927//927 893//893 957//957
f 1011//1011 1009//1009 896//896
f 897//897 1015//1015 896//896
f 896//896 1015//1015 1012//1012
f 896//896 1012//1012 1011//1011
f 1009//1009 1008//1008 896//896
f 896//896 1008//1008 1019//1019
f 896//896 1019//1019 1017//1017
f 1017//1017 1016//1016 896//896
f 896//896 1016//1016 1034//1034
f 896//896 1034//1034 998//998
f 998//998 997//997 896//896
f 896//896 997//997 1020//1020
f 896//896 1020//1020 995//995
f 992//992 968//968 1038//1038
f 853//853 1000//1000 830//830
f 830//830 1000//1000 970//970
f 830//830 970//970 831//831
f 982//982 840//840 977//977
f 977//977 840//840 835//835
f 977//977 835//835 978//978
f 978//978 835//835 837//837
f 978//978 837//837 979//979
f 979//979 837//837 838//838
f 979//979 838//838 974//974
f 974//974 838//838 836//836
f 974//974 836//836 975//975
f 975//975 836//836 839//839
f 975//975 839//839 976//976
f 976//976 839//839 834//834
f 976//976 834//834 971//971
f 971//971 834//834 833//833
f 971//971 833//833 972//972
f 972//972 833//833 831//831
f 972//972 831//831 973//973
f 973//973 831//831 970//970
f 981//981 829//829 982//982
f 982//982 829//829 832//832
f 982//982 832//832 840//840
f 929//929 934//934 1039//1039
f 1039//1039 934//934 985//985
f 1039//1039 985//985 1037//1037
f 1038//1038 1036//1036 992//992
f 992//992 1036//1036 1046//1046
f 992//992 1046//1046 993//993
f 993//993 1046//1046 1040//1040
f 993//993 1040//1040 989//989
f 989//989 1040//1040 1042//1042
f 989//989 1042//1042 990//990
f 990//990 1042//1042 1044//1044
f 990//990 1044//1044 991//991
f 991//991 1044//1044 1043//1043
f 991//991 1043//1043 986//986
f 986//986 1043//1043 1041//1041
f 986//986 1041//1041 987//987
f 987//987 1041//1041 1045//1045
f 987//987 1045//1045 988//988
f 988//988 1045//1045 1035//1035
f 988//988 1035//1035 983//983
f 983//983 1035//1035 1037//1037
f 983//983 1037//1037 984//984
f 984//984 1037//1037 985//985
f 1000//1000 1002//1002 970//970
f 970//970 1002//1002 1004//1004
f 970//970 1004//1004 967//967
f 980//980 935//935 981//981
f 981//981 935//935 937//937
f 981//981 937//937 829//829
f 829//829 937//937 939//939
f 829//829 939//939 844//844
f 934//934 933//933 985//985
f 985//985 933//933 931//931
f 985//985 931//931 980//980
f 980//980 931//931 930//930
f 980//980 930//930 935//935
f 1004//1004 1005//1005 967//967
f 967//967 1005//1005 1007//1007
f 967//967 1007//1007 968//968
f 968//968 1007//1007 1013//1013
f 968//968 1013//1013 1038//1038
f 1038//1038 1013//1013 1014//1014
f 1038//1038 1014//1014 1015//1015
f 1047//1047 1048//1048 1049//1049
f 1047//1047 1049//1049 1050//1050
f 1050//1050 1049//1049 1051//1051
f 1050//1050 1051//1051 1052//1052
f 1053//1053 1054//1054 1055//1055
f 1055//1055 1054//1054 1056//1056
f 1052//1052 1057//1057 1050//1050
f 1050//1050 1057//1057 1054//1054
f 1050//1050 1054//1054 1058//1058
f 1058//1058 1054//1054 1053//1053
f 1059//1059 1060//1060 1047//1047
f 1059//1059 1047//1047 1061//1061
f 1061//1061 1047//1047 1062//1062
f 1061//1061 1062//1062 1063//1063
f 1060//1060 1064//1064 1047//1047
f 1047//1047 1064//1064 1065//1065
f 1047//1047 1065//1065 1048//1048
f 1065//1065 1066//1066 1048//1048
f 1048//1048 1066//1066 1067//1067
f 1048//1048 1067//1067 1068//1068
f 1068//1068 1069//1069 1048//1048
f 1048//1048 1069//1069 1070//1070
f 1048//1048 1070//1070 1071//1071
f 1072//1072 1073//1073 1074//1074
f 1074//1074 1073//1073 1075//1075
f 1074//1074 1075//1075 1076//1076
f 1076//1076 1077//1077 1074//1074
f 1074//1074 1077//1077 1078//1078
f 1074//1074 1078//1078 1079//1079
f 1080//1080 1081//1081 1082//1082
f 1082//1082 1081//1081 1083//1083
f 1082//1082 1083//1083 1084//1084
f 1084//1084 1083//1083 1085//1085
f 1084//1084 1085//1085 1074//1074
f 1074//1074 1085//1085 1086//1086
f 1074//1074 1086//1086 1072//1072
f 1079//1079 1087//1087 1074//1074
f 1074//1074 1087//1087 1088//1088
f 1074//1074 1088//1088 1089//1089
f 1070//1070 1090//1090 1071//1071
f 1071//1071 1090//1090 1091//1091
f 1071//1071 1091//1091 1092//1092
f 1092//1092 1091//1091 1074//1074
f 1092//1092 1074//1074 1093//1093
f 1093//1093 1074//1074 1089//1089
f 1094//1094 1095//1095 1096//1096
f 1096//1096 1095//1095 1097//1097
f 1096//1096 1097//1097 1080//1080
f 1080//1080 1097//1097 1098//1098
f 1080//1080 1098//1098 1081//1081
f 1099//1099 1096//1096 1100//1100
f 1100//1100 1096//1096 1101//1101
f 1099//1099 1102//1102 1096//1096
f 1096//1096 1102//1102 1103//1103
f 1096//1096 1103//1103 1094//1094
f 1063//1063 1062//1062 1096//1096
f 1096//1096 1062//1062 1104//1104
f 1096//1096 1104//1104 1105//1105
f 1105//1105 1106//1106 1096//1096
f 1096//1096 1106//1106 1107//1107
f 1096//1096 1107//1107 1101//1101
f 1108//1108 1061//1061 1109//1109
f 1109//1109 1061//1061 1063//1063
f 1109//1109 1063//1063 1110//1110
f 1110//1110 1063//1063 1096//1096
f 1110//1110 1096//1096 1111//1111
f 1111//1111 1096//1096 1080//1080
f 1111//1111 1080//1080 1112//1112
f 1112//1112 1080//1080 1082//1082
f 1112//1112 1082//1082 1113//1113
f 1113//1113 1082//1082 1084//1084
f 1113//1113 1084//1084 1114//1114
f 1114//1114 1084//1084 1074//1074
f 1114//1114 1074//1074 1115//1115
f 1115//1115 1074//1074 1091//1091
f 1115//1115 1091//1091 1116//1116
f 1116//1116 1091//1091 1090//1090
f 1116//1116 1090//1090 1117//1117
f 1117//1117 1090//1090 1070//1070
f 1117//1117 1070//1070 1118//1118
f 1118//1118 1070//1070 1069//1069
f 1118//1118 1069//1069 1119//1119
f 1119//1119 1069//1069 1068//1068
f 1119//1119 1068//1068 1120//1120
f 1120//1120 1068//1068 1067//1067
f 1120//1120 1067//1067 1121//1121
f 1121//1121 1067//1067 1066//1066
f 1121//1121 1066//1066 1122//1122
f 1122//1122 1066//1066 1065//1065
f 1122//1122 1065//1065 1123//1123
f 1123//1123 1065//1065 1064//1064
f 1123//1123 1064//1064 1124//1124
f 1124//1124 1064//1064 1060//1060
f 1124//1124 1060//1060 1125//1125
f 1125//1125 1060//1060 1059//1059
f 1125//1125 1059//1059 1108//1108
f 1108//1108 1059//1059 1061//1061
f 1126//1126 1127//1127 1128//1128
f 1127//1127 1129//1129 1128//1128
f 1128//1128 1129//1129 1130//1130
f 1128//1128 1130//1130 1131//1131
f 1132//1132 1133//1133 1134//1134
f 1134//1134 1133//1133 1135//1135
f 1134//1134 1135//1135 1136//1136
f 1132//1132 1134//1134 1128//1128
f 1128//1128 1134//1134 1137//1137
f 1128//1128 1137//1137 1126//1126
f 1085//1085 1083//1083 1138//1138
f 1138//1138 1083//1083 1134//1134
f 1138//1138 1134//1134 1139//1139
f 1139//1139 1134//1134 1136//1136
f 1131//1131 1140//1140 1128//1128
f 1128//1128 1140//1140 1141//1141
f 1128//1128 1141//1141 1142//1142
f 1100//1100 1101//1101 1143//1143
f 1144//1144 1145//1145 1146//1146
f 1144//1144 1146//1146 1147//1147
f 1148//1148 1149//1149 1150//1150
f 1150//1150 1149//1149 1151//1151
f 1150//1150 1151//1151 1146//1146
f 1146//1146 1151//1151 1152//1152
f 1146//1146 1152//1152 1147//1147
f 1148//1148 1150//1150 1153//1153
f 1153//1153 1150//1150 1154//1154
f 1153//1153 1154//1154 1155//1155
f 1155//1155 1154//1154 1156//1156
f 1155//1155 1156//1156 1157//1157
f 1157//1157 1156//1156 1104//1104
f 1157//1157 1104//1104 1062//1062
f 1107//1107 1106//1106 1156//1156
f 1156//1156 1106//1106 1105//1105
f 1156//1156 1105//1105 1104//1104
f 1100//1100 1143//1143 1099//1099
f 1095//1095 1094//1094 1158//1158
f 1158//1158 1094//1094 1103//1103
f 1159//1159 1098//1098 1097//1097
f 1098//1098 1159//1159 1081//1081
f 1081//1081 1159//1159 1134//1134
f 1081//1081 1134//1134 1083//1083
f 1160//1160 1127//1127 1161//1161
f 1161//1161 1127//1127 1126//1126
f 1161//1161 1126//1126 1159//1159
f 1159//1159 1126//1126 1137//1137
f 1159//1159 1137//1137 1134//1134
f 1131//1131 1130//1130 1160//1160
f 1160//1160 1130//1130 1129//1129
f 1160//1160 1129//1129 1127//1127
f 1160//1160 1162//1162 1131//1131
f 1131//1131 1162//1162 1163//1163
f 1131//1131 1163//1163 1140//1140
f 1140//1140 1163//1163 1164//1164
f 1140//1140 1164//1164 1141//1141
f 1165//1165 1166//1166 1164//1164
f 1166//1166 1167//1167 1164//1164
f 1164//1164 1167//1167 1168//1168
f 1164//1164 1168//1168 1141//1141
f 1141//1141 1168//1168 1169//1169
f 1141//1141 1169//1169 1142//1142
f 1170//1170 1171//1171 1172//1172
f 1172//1172 1171//1171 1173//1173
f 1172//1172 1173//1173 1174//1174
f 1175//1175 1176//1176 1177//1177
f 1177//1177 1176//1176 1178//1178
f 1177//1177 1178//1178 1179//1179
f 1145//1145 1175//1175 1146//1146
f 1146//1146 1175//1175 1177//1177
f 1146//1146 1177//1177 1150//1150
f 1150//1150 1177//1177 1180//1180
f 1150//1150 1180//1180 1154//1154
f 1154//1154 1180//1180 1181//1181
f 1154//1154 1181//1181 1156//1156
f 1156//1156 1181//1181 1143//1143
f 1156//1156 1143//1143 1107//1107
f 1107//1107 1143//1143 1101//1101
f 1179//1179 1171//1171 1177//1177
f 1177//1177 1171//1171 1170//1170
f 1177//1177 1170//1170 1180//1180
f 1180//1180 1170//1170 1182//1182
f 1180//1180 1182//1182 1181//1181
f 1181//1181 1182//1182 1183//1183
f 1181//1181 1183//1183 1143//1143
f 1143//1143 1183//1183 1184//1184
f 1143//1143 1184//1184 1099//1099
f 1099//1099 1184//1184 1158//1158
f 1099//1099 1158//1158 1102//1102
f 1102//1102 1158//1158 1103//1103
f 1174//1174 1165//1165 1172//1172
f 1172//1172 1165//1165 1164//1164
f 1172//1172 1164//1164 1170//1170
f 1170//1170 1164//1164 1163//1163
f 1170//1170 1163//1163 1182//1182
f 1182//1182 1163//1163 1162//1162
f 1182//1182 1162//1162 1183//1183
f 1183//1183 1162//1162 1160//1160
f 1183//1183 1160//1160 1184//1184
f 1184//1184 1160//1160 1161//1161
f 1184//1184 1161//1161 1158//1158
f 1158//1158 1161//1161 1159//1159
f 1158//1158 1159//1159 1095//1095
f 1095//1095 1159//1159 1097//1097
f 1185//1185 1186//1186 1187//1187
f 1185//1185 1187//1187 1188//1188
f 1189//1189 1190//1190 1187//1187
f 1187//1187 1190//1190 1191//1191
f 1187//1187 1191//1191 1188//1188
f 1192//1192 1193//1193 1187//1187
f 1187//1187 1193//1193 1194//1194
f 1187//1187 1194//1194 1189//1189
f 1195//1195 1196//1196 1187//1187
f 1187//1187 1196//1196 1197//1197
f 1187//1187 1197//1197 1192//1192
f 1198//1198 1199//1199 1187//1187
f 1187//1187 1199//1199 1200//1200
f 1187//1187 1200//1200 1195//1195
f 1201//1201 1202//1202 1187//1187
f 1187//1187 1202//1202 1203//1203
f 1187//1187 1203//1203 1198//1198
f 1204//1204 1205//1205 1187//1187
f 1187//1187 1205//1205 1206//1206
f 1187//1187 1206//1206 1201//1201
f 1207//1207 1208//1208 1187//1187
f 1187//1187 1208//1208 1209//1209
f 1187//1187 1209//1209 1204//1204
f 1186//1186 1210//1210 1187//1187
f 1187//1187 1210//1210 1211//1211
f 1187//1187 1211//1211 1207//1207
f 1212//1212 1213//1213 1214//1214
f 1215//1215 1216//1216 1217//1217
f 1218//1218 1071//1071 1219//1219
f 1219//1219 1071//1071 1092//1092
f 1219//1219 1092//1092 1093//1093
f 1218//1218 1219//1219 1220//1220
f 1220//1220 1219//1219 1221//1221
f 1220//1220 1221//1221 1222//1222
f 1222//1222 1221//1221 1223//1223
f 1223//1223 1221//1221 1224//1224
f 1223//1223 1224//1224 1225//1225
f 1226//1226 1227//1227 1228//1228
f 1228//1228 1227//1227 1229//1229
f 1228//1228 1229//1229 1230//1230
f 1225//1225 1224//1224 1231//1231
f 1231//1231 1224//1224 1228//1228
f 1231//1231 1228//1228 1232//1232
f 1232//1232 1228//1228 1230//1230
f 1232//1232 1230//1230 1233//1233
f 1234//1234 1235//1235 1236//1236
f 1236//1236 1235//1235 1237//1237
f 1215//1215 1217//1217 1238//1238
f 1132//1132 1128//1128 1212//1212
f 1212//1212 1214//1214 1132//1132
f 1132//1132 1214//1214 1239//1239
f 1132//1132 1239//1239 1133//1133
f 1133//1133 1239//1239 1240//1240
f 1133//1133 1240//1240 1135//1135
f 1135//1135 1240//1240 1241//1241
f 1135//1135 1241//1241 1136//1136
f 1136//1136 1241//1241 1242//1242
f 1136//1136 1242//1242 1139//1139
f 1139//1139 1242//1242 1243//1243
f 1139//1139 1243//1243 1138//1138
f 1075//1075 1073//1073 1243//1243
f 1243//1243 1073//1073 1072//1072
f 1243//1243 1072//1072 1138//1138
f 1138//1138 1072//1072 1086//1086
f 1138//1138 1086//1086 1085//1085
f 1244//1244 1078//1078 1245//1245
f 1245//1245 1078//1078 1077//1077
f 1245//1245 1077//1077 1076//1076
f 1089//1089 1088//1088 1246//1246
f 1246//1246 1088//1088 1087//1087
f 1246//1246 1087//1087 1079//1079
f 1093//1093 1089//1089 1219//1219
f 1219//1219 1089//1089 1246//1246
f 1219//1219 1246//1246 1221//1221
f 1221//1221 1246//1246 1247//1247
f 1221//1221 1247//1247 1224//1224
f 1224//1224 1247//1247 1248//1248
f 1224//1224 1248//1248 1228//1228
f 1228//1228 1248//1248 1236//1236
f 1228//1228 1236//1236 1226//1226
f 1226//1226 1236//1236 1237//1237
f 1079//1079 1078//1078 1246//1246
f 1246//1246 1078//1078 1244//1244
f 1246//1246 1244//1244 1247//1247
f 1247//1247 1244//1244 1249//1249
f 1247//1247 1249//1249 1248//1248
f 1248//1248 1249//1249 1250//1250
f 1248//1248 1250//1250 1236//1236
f 1236//1236 1250//1250 1251//1251
f 1236//1236 1251//1251 1234//1234
f 1234//1234 1251//1251 1217//1217
f 1234//1234 1217//1217 1252//1252
f 1252//1252 1217//1217 1216//1216
f 1076//1076 1075//1075 1245//1245
f 1245//1245 1075//1075 1243//1243
f 1245//1245 1243//1243 1244//1244
f 1244//1244 1243//1243 1242//1242
f 1244//1244 1242//1242 1249//1249
f 1249//1249 1242//1242 1241//1241
f 1249//1249 1241//1241 1250//1250
f 1250//1250 1241//1241 1240//1240
f 1250//1250 1240//1240 1251//1251
f 1251//1251 1240//1240 1239//1239
f 1251//1251 1239//1239 1217//1217
f 1217//1217 1239//1239 1214//1214
f 1217//1217 1214//1214 1238//1238
f 1238//1238 1214//1214 1213//1213
f 1253//1253 1254//1254 1255//1255
f 1255//1255 1254//1254 1256//1256
f 1255//1255 1256//1256 1257//1257
f 1258//1258 1259//1259 1260//1260
f 1260//1260 1259//1259 1261//1261
f 1260//1260 1261//1261 1262//1262
f 1253//1253 1263//1263 1254//1254
f 1254//1254 1263//1263 1259//1259
f 1254//1254 1259//1259 1264//1264
f 1264//1264 1259//1259 1258//1258
f 1123//1123 1124//1124 1257//1257
f 1119//1119 1120//1120 1256//1256
f 1256//1256 1120//1120 1121//1121
f 1256//1256 1121//1121 1257//1257
f 1257//1257 1121//1121 1122//1122
f 1257//1257 1122//1122 1123//1123
f 1115//1115 1116//1116 1233//1233
f 1233//1233 1116//1116 1117//1117
f 1233//1233 1117//1117 1256//1256
f 1256//1256 1117//1117 1118//1118
f 1256//1256 1118//1118 1119//1119
f 1124//1124 1125//1125 1257//1257
f 1257//1257 1125//1125 1108//1108
f 1257//1257 1108//1108 1147//1147
f 1169//1169 1168//1168 1111//1111
f 1111//1111 1168//1168 1167//1167
f 1169//1169 1111//1111 1142//1142
f 1142//1142 1111//1111 1112//1112
f 1142//1142 1112//1112 1128//1128
f 1128//1128 1112//1112 1113//1113
f 1128//1128 1113//1113 1212//1212
f 1212//1212 1113//1113 1114//1114
f 1212//1212 1114//1114 1213//1213
f 1167//1167 1166//1166 1111//1111
f 1111//1111 1166//1166 1165//1165
f 1111//1111 1165//1165 1174//1174
f 1174//1174 1173//1173 1111//1111
f 1111//1111 1173//1173 1171//1171
f 1111//1111 1171//1171 1179//1179
f 1179//1179 1178//1178 1111//1111
f 1111//1111 1178//1178 1176//1176
f 1111//1111 1176//1176 1175//1175
f 1108//1108 1109//1109 1147//1147
f 1147//1147 1109//1109 1110//1110
f 1147//1147 1110//1110 1144//1144
f 1144//1144 1110//1110 1111//1111
f 1144//1144 1111//1111 1145//1145
f 1145//1145 1111//1111 1175//1175
f 1229//1229 1227//1227 1114//1114
f 1115//1115 1233//1233 1114//1114
f 1114//1114 1233//1233 1230//1230
f 1114//1114 1230//1230 1229//1229
f 1227//1227 1226//1226 1114//1114
f 1114//1114 1226//1226 1237//1237
f 1114//1114 1237//1237 1235//1235
f 1235//1235 1234//1234 1114//1114
f 1114//1114 1234//1234 1252//1252
f 1114//1114 1252//1252 1216//1216
f 1216//1216 1215//1215 1114//1114
f 1114//1114 1215//1215 1238//1238
f 1114//1114 1238//1238 1213//1213
f 1210//1210 1186//1186 1256//1256
f 1071//1071 1218//1218 1048//1048
f 1048//1048 1218//1218 1188//1188
f 1048//1048 1188//1188 1049//1049
f 1200//1200 1058//1058 1195//1195
f 1195//1195 1058//1058 1053//1053
f 1195//1195 1053//1053 1196//1196
f 1196//1196 1053//1053 1055//1055
f 1196//1196 1055//1055 1197//1197
f 1197//1197 1055//1055 1056//1056
f 1197//1197 1056//1056 1192//1192
f 1192//1192 1056//1056 1054//1054
f 1192//1192 1054//1054 1193//1193
f 1193//1193 1054//1054 1057//1057
f 1193//1193 1057//1057 1194//1194
f 1194//1194 1057//1057 1052//1052
f 1194//1194 1052//1052 1189//1189
f 1189//1189 1052//1052 1051//1051
f 1189//1189 1051//1051 1190//1190
f 1190//1190 1051//1051 1049//1049
f 1190//1190 1049//1049 1191//1191
f 1191//1191 1049//1049 1188//1188
f 1199//1199 1047//1047 1200//1200
f 1200//1200 1047//1047 1050//1050
f 1200//1200 1050//1050 1058//1058
f 1147//1147 1152//1152 1257//1257
f 1257//1257 1152//1152 1203//1203
f 1257//1257 1203//1203 1255//1255
f 1256//1256 1254//1254 1210//1210
f 1210//1210 1254//1254 1264//1264
f 1210//1210 1264//1264 1211//1211
f 1211//1211 1264//1264 1258//1258
f 1211//1211 1258//1258 1207//1207
f 1207//1207 1258//1258 1260//1260
f 1207//1207 1260//1260 1208//1208
f 1208//1208 1260//1260 1262//1262
f 1208//1208 1262//1262 1209//1209
f 1209//1209 1262//1262 1261//1261
f 1209//1209 1261//1261 1204//1204
f 1204//1204 1261//1261 1259//1259
f 1204//1204 1259//1259 1205//1205
f 1205//1205 1259//1259 1263//1263
f 1205//1205 1263//1263 1206//1206
f 1206//1206 1263//1263 1253//1253
f 1206//1206 1253//1253 1201//1201
f 1201//1201 1253//1253 1255//1255
f 1201//1201 1255//1255 1202//1202
f 1202//1202 1255//1255 1203//1203
f 1218//1218 1220//1220 1188//1188
f 1188//1188 1220//1220 1222//1222
f 1188//1188 1222//1222 1185//1185
f 1198//1198 1153//1153 1199//1199
f 1199//1199 1153//1153 1155//1155
f 1199//1199 1155//1155 1047//1047
f 1047//1047 1155//1155 1157//1157
f 1047//1047 1157//1157 1062//1062
f 1152//1152 1151//1151 1203//1203
f 1203//1203 1151//1151 1149//1149
f 1203//1203 1149//1149 1198//1198
f 1198//1198 1149//1149 1148//1148
f 1198//1198 1148//1148 1153//1153
f 1222//1222 1223//1223 1185//1185
f 1185//1185 1223//1223 1225//1225
f 1185//1185 1225//1225 1186//1186
f 1186//1186 1225//1225 1231//1231
f 1186//1186 1231//1231 1256//1256
f 1256//1256 1231//1231 1232//1232
f 1256//1256 1232//1232 1233//1233
f 1265//1265 1266//1266 1267//1267
f 1268//1268 1269//1269 1267//1267
f 1267//1267 1269//1269 1270//1270
f 1267//1267 1270//1270 1265//1265
f 1271//1271 1272//1272 1267//1267
f 1267//1267 1272//1272 1273//1273
f 1267//1267 1273//1273 1268//1268
f 1274//1274 1275//1275 1267//1267
f 1267//1267 1275//1275 1276//1276
f 1267//1267 1276//1276 1271//1271
f 1266//1266 1277//1277 1267//1267
f 1267//1267 1277//1277 1278//1278
f 1267//1267 1278//1278 1274//1274
f 1279//1279 1280//1280 1281//1281
f 1281//1281 1280//1280 1282//1282
f 1281//1281 1282//1282 1283//1283
f 1284//1284 1285//1285 1281//1281
f 1281//1281 1285//1285 1286//1286
f 1281//1281 1286//1286 1279//1279
f 1287//1287 1288//1288 1281//1281
f 1281//1281 1288//1288 1289//1289
f 1281//1281 1289//1289 1284//1284
f 1283//1283 1290//1290 1281//1281
f 1281//1281 1290//1290 1291//1291
f 1281//1281 1291//1291 1287//1287
f 1292//1292 1293//1293 1294//1294
f 1294//1294 1293//1293 1295//1295
f 1294//1294 1295//1295 1296//1296
f 1296//1296 1295//1295 1297//1297
f 1296//1296 1297//1297 1298//1298
f 1298//1298 1297//1297 1299//1299
f 1298//1298 1299//1299 1300//1300
f 1300//1300 1299//1299 1301//1301
f 1300//1300 1301//1301 1302//1302
f 1302//1302 1301//1301 1303//1303
f 1302//1302 1303//1303 1304//1304
f 1304//1304 1303//1303 1305//1305
f 1306//1306 1307//1307 1308//1308
f 1308//1308 1307//1307 1309//1309
f 1309//1309 1307//1307 1310//1310
f 1310//1310 1307//1307 1311//1311
f 1310//1310 1311//1311 1312//1312
f 1312//1312 1311//1311 1313//1313
f 1312//1312 1313//1313 1304//1304
f 1304//1304 1313//1313 1292//1292
f 1304//1304 1292//1292 1294//1294
f 1314//1314 1315//1315 1316//1316
f 1316//1316 1315//1315 1308//1308
f 1316//1316 1308//1308 1317//1317
f 1317//1317 1308//1308 1309//1309
f 1300//1300 1302//1302 1298//1298
f 1298//1298 1302//1302 1304//1304
f 1298//1298 1304//1304 1296//1296
f 1296//1296 1304//1304 1294//1294
f 1309//1309 1318//1318 1317//1317
f 1317//1317 1318//1318 1319//1319
f 1317//1317 1319//1319 1316//1316
f 1316//1316 1319//1319 1320//1320
f 1316//1316 1320//1320 1314//1314
f 1314//1314 1320//1320 1321//1321
f 1314//1314 1321//1321 1315//1315
f 1315//1315 1321//1321 1322//1322
f 1315//1315 1322//1322 1308//1308
f 1308//1308 1322//1322 1323//1323
f 1308//1308 1323//1323 1306//1306
f 1306//1306 1323//1323 1324//1324
f 1306//1306 1324//1324 1307//1307
f 1307//1307 1324//1324 1325//1325
f 1326//1326 1327//1327 1328//1328
f 1328//1328 1327//1327 1329//1329
f 1329//1329 1327//1327 1330//1330
f 1329//1329 1330//1330 1331//1331
f 1331//1331 1330//1330 1332//1332
f 1331//1331 1332//1332 1333//1333
f 1328//1328 1334//1334 1326//1326
f 1326//1326 1334//1334 1335//1335
f 1326//1326 1335//1335 1336//1336
f 1332//1332 1337//1337 1338//1338
f 1339//1339 1340//1340 1341//1341
f 1341//1341 1340//1340 1326//1326
f 1341//1341 1326//1326 1342//1342
f 1342//1342 1326//1326 1336//1336
f 1333//1333 1332//1332 1343//1343
f 1343//1343 1332//1332 1338//1338
f 1343//1343 1338//1338 1344//1344
f 1334//1334 1345//1345 1335//1335
f 1335//1335 1345//1345 1346//1346
f 1335//1335 1346//1346 1336//1336
f 1336//1336 1346//1346 1347//1347
f 1336//1336 1347//1347 1342//1342
f 1342//1342 1347//1347 1348//1348
f 1342//1342 1348//1348 1341//1341
f 1341//1341 1348//1348 1349//1349
f 1341//1341 1349//1349 1339//1339
f 1339//1339 1349//1349 1350//1350
f 1339//1339 1350//1350 1340//1340
f 1340//1340 1350//1350 1351//1351
f 1340//1340 1351//1351 1326//1326
f 1326//1326 1351//1351 1352//1352
f 1332//1332 1353//1353 1337//1337
f 1337//1337 1353//1353 1354//1354
f 1337//1337 1354//1354 1338//1338
f 1338//1338 1354//1354 1355//1355
f 1338//1338 1355//1355 1344//1344
f 1344//1344 1355//1355 1356//1356
f 1344//1344 1356//1356 1343//1343
f 1343//1343 1356//1356 1357//1357
f 1343//1343 1357//1357 1333//1333
f 1333//1333 1357//1357 1358//1358
f 1333//1333 1358//1358 1331//1331
f 1331//1331 1358//1358 1359//1359
f 1360//1360 1361//1361 1362//1362
f 1363//1363 1364//1364 1362//1362
f 1362//1362 1364//1364 1365//1365
f 1362//1362 1365//1365 1360//1360
f 1366//1366 1367//1367 1362//1362
f 1362//1362 1367//1367 1368//1368
f 1362//1362 1368//1368 1363//1363
f 1369//1369 1370//1370 1362//1362
f 1362//1362 1370//1370 1371//1371
f 1362//1362 1371//1371 1366//1366
f 1361//1361 1372//1372 1362//1362
f 1362//1362 1372//1372 1373//1373
f 1362//1362 1373//1373 1369//1369
f 1374//1374 1375//1375 1376//1376
f 1377//1377 1378//1378 1376//1376
f 1376//1376 1378//1378 1379//1379
f 1376//1376 1379//1379 1374//1374
f 1380//1380 1381//1381 1376//1376
f 1376//1376 1381//1381 1382//1382
f 1376//1376 1382//1382 1377//1377
f 1383//1383 1384//1384 1376//1376
f 1376//1376 1384//1384 1385//1385
f 1376//1376 1385//1385 1380//1380
f 1375//1375 1386//1386 1376//1376
f 1376//1376 1386//1386 1387//1387
f 1376//1376 1387//1387 1383//1383
f 1388//1388 1389//1389 1390//1390
f 1390//1390 1389//1389 1391//1391
f 1390//1390 1391//1391 1392//1392
f 1393//1393 1394//1394 1390//1390
f 1390//1390 1394//1394 1395//1395
f 1390//1390 1395//1395 1388//1388
f 1396//1396 1397//1397 1390//1390
f 1390//1390 1397//1397 1398//1398
f 1390//1390 1398//1398 1393//1393
f 1392//1392 1399//1399 1390//1390
f 1390//1390 1399//1399 1400//1400
f 1390//1390 1400//1400 1396//1396
f 1401//1401 1402//1402 1403//1403
f 1403//1403 1402//1402 1404//1404
f 1403//1403 1404//1404 1405//1405
f 1406//1406 1407//1407 1403//1403
f 1403//1403 1407//1407 1408//1408
f 1403//1403 1408//1408 1401//1401
f 1409//1409 1410//1410 1403//1403
f 1403//1403 1410//1410 1411//1411
f 1403//1403 1411//1411 1406//1406
f 1405//1405 1412//1412 1403//1403
f 1403//1403 1412//1412 1413//1413
f 1403//1403 1413//1413 1409//1409
f 1278//1278 1414//1414 1415//1415
f 1278//1278 1415//1415 1274//1274
f 1274//1274 1415//1415 1416//1416
f 1274//1274 1416//1416 1275//1275
f 1275//1275 1416//1416 1417//1417
f 1275//1275 1417//1417 1276//1276
f 1276//1276 1417//1417 1418//1418
f 1276//1276 1418//1418 1271//1271
f 1271//1271 1418//1418 1419//1419
f 1271//1271 1419//1419 1272//1272
f 1272//1272 1419//1419 1420//1420
f 1272//1272 1420//1420 1273//1273
f 1420//1420 1421//1421 1273//1273
f 1273//1273 1421//1421 1422//1422
f 1273//1273 1422//1422 1268//1268
f 1422//1422 1423//1423 1268//1268
f 1268//1268 1423//1423 1424//1424
f 1268//1268 1424//1424 1269//1269
f 1269//1269 1424//1424 1425//1425
f 1269//1269 1425//1425 1270//1270
f 1270//1270 1425//1425 1426//1426
f 1270//1270 1426//1426 1265//1265
f 1265//1265 1426//1426 1427//1427
f 1265//1265 1427//1427 1266//1266
f 1266//1266 1427//1427 1428//1428
f 1266//1266 1428//1428 1277//1277
f 1277//1277 1428//1428 1429//1429
f 1277//1277 1429//1429 1278//1278
f 1278//1278 1429//1429 1430//1430
f 1278//1278 1430//1430 1414//1414
f 1282//1282 1431//1431 1283//1283
f 1283//1283 1431//1431 1432//1432
f 1283//1283 1432//1432 1290//1290
f 1290//1290 1432//1432 1433//1433
f 1290//1290 1433//1433 1291//1291
f 1291//1291 1433//1433 1434//1434
f 1291//1291 1434//1434 1287//1287
f 1287//1287 1434//1434 1435//1435
f 1287//1287 1435//1435 1288//1288
f 1288//1288 1435//1435 1436//1436
f 1288//1288 1436//1436 1289//1289
f 1289//1289 1436//1436 1437//1437
f 1289//1289 1437//1437 1284//1284
f 1284//1284 1437//1437 1438//1438
f 1284//1284 1438//1438 1285//1285
f 1285//1285 1438//1438 1439//1439
f 1285//1285 1439//1439 1286//1286
f 1286//1286 1439//1439 1440//1440
f 1286//1286 1440//1440 1279//1279
f 1279//1279 1440//1440 1441//1441
f 1279//1279 1441//1441 1280//1280
f 1280//1280 1441//1441 1442//1442
f 1280//1280 1442//1442 1282//1282
f 1282//1282 1442//1442 1431//1431
f 1307//1307 1325//1325 1443//1443
f 1307//1307 1443//1443 1311//1311
f 1311//1311 1443//1443 1444//1444
f 1311//1311 1444//1444 1313//1313
f 1313//1313 1444//1444 1293//1293
f 1313//1313 1293//1293 1292//1292
f 1304//1304 1305//1305 1312//1312
f 1312//1312 1305//1305 1445//1445
f 1312//1312 1445//1445 1310//1310
f 1310//1310 1445//1445 1446//1446
f 1310//1310 1446//1446 1309//1309
f 1309//1309 1446//1446 1318//1318
f 1326//1326 1352//1352 1327//1327
f 1327//1327 1352//1352 1447//1447
f 1327//1327 1447//1447 1330//1330
f 1330//1330 1447//1447 1448//1448
f 1330//1330 1448//1448 1332//1332
f 1332//1332 1448//1448 1353//1353
f 1331//1331 1359//1359 1449//1449
f 1331//1331 1449//1449 1329//1329
f 1329//1329 1449//1449 1450//1450
f 1329//1329 1450//1450 1328//1328
f 1328//1328 1450//1450 1345//1345
f 1328//1328 1345//1345 1334//1334
f 1373//1373 1451//1451 1452//1452
f 1373//1373 1452//1452 1369//1369
f 1369//1369 1452//1452 1453//1453
f 1369//1369 1453//1453 1370//1370
f 1370//1370 1453//1453 1454//1454
f 1370//1370 1454//1454 1371//1371
f 1371//1371 1454//1454 1455//1455
f 1371//1371 1455//1455 1366//1366
f 1366//1366 1455//1455 1456//1456
f 1366//1366 1456//1456 1367//1367
f 1367//1367 1456//1456 1457//1457
f 1367//1367 1457//1457 1368//1368
f 1457//1457 1458//1458 1368//1368
f 1368//1368 1458//1458 1459//1459
f 1368//1368 1459//1459 1363//1363
f 1459//1459 1460//1460 1363//1363
f 1363//1363 1460//1460 1461//1461
f 1363//1363 1461//1461 1364//1364
f 1364//1364 1461//1461 1462//1462
f 1364//1364 1462//1462 1365//1365
f 1365//1365 1462//1462 1463//1463
f 1365//1365 1463//1463 1360//1360
f 1360//1360 1463//1463 1464//1464
f 1360//1360 1464//1464 1361//1361
f 1361//1361 1464//1464 1465//1465
f 1361//1361 1465//1465 1372//1372
f 1372//1372 1465//1465 1466//1466
f 1372//1372 1466//1466 1373//1373
f 1373//1373 1466//1466 1467//1467
f 1373//1373 1467//1467 1451//1451
f 1387//1387 1468//1468 1469//1469
f 1387//1387 1469//1469 1383//1383
f 1383//1383 1469//1469 1470//1470
f 1383//1383 1470//1470 1384//1384
f 1384//1384 1470//1470 1471//1471
f 1384//1384 1471//1471 1385//1385
f 1385//1385 1471//1471 1472//1472
f 1385//1385 1472//1472 1380//1380
f 1380//1380 1472//1472 1473//1473
f 1380//1380 1473//1473 1381//1381
f 1381//1381 1473//1473 1474//1474
f 1381//1381 1474//1474 1382//1382
f 1474//1474 1475//1475 1382//1382
f 1382//1382 1475//1475 1476//1476
f 1382//1382 1476//1476 1377//1377
f 1476//1476 1477//1477 1377//1377
f 1377//1377 1477//1477 1478//1478
f 1377//1377 1478//1478 1378//1378
f 1378//1378 1478//1478 1479//1479
f 1378//1378 1479//1479 1379//1379
f 1379//1379 1479//1479 1480//1480
f 1379//1379 1480//1480 1374//1374
f 1374//1374 1480//1480 1481//1481
f 1374//1374 1481//1481 1375//1375
f 1375//1375 1481//1481 1482//1482
f 1375//1375 1482//1482 1386//1386
f 1386//1386 1482//1482 1483//1483
f 1386//1386 1483//1483 1387//1387
f 1387//1387 1483//1483 1484//1484
f 1387//1387 1484//1484 1468//1468
f 1391//1391 1485//1485 1392//1392
f 1392//1392 1485//1485 1486//1486
f 1392//1392 1486//1486 1399//1399
f 1399//1399 1486//1486 1487//1487
f 1399//1399 1487//1487 1400//1400
f 1400//1400 1487//1487 1488//1488
f 1400//1400 1488//1488 1396//1396
f 1396//1396 1488//1488 1489//1489
f 1396//1396 1489//1489 1397//1397
f 1397//1397 1489//1489 1490//1490
f 1397//1397 1490//1490 1398//1398
f 1398//1398 1490//1490 1491//1491
f 1398//1398 1491//1491 1393//1393
f 1393//1393 1491//1491 1492//1492
f 1393//1393 1492//1492 1394//1394
f 1394//1394 1492//1492 1493//1493
f 1394//1394 1493//1493 1395//1395
f 1395//1395 1493//1493 1494//1494
f 1395//1395 1494//1494 1388//1388
f 1388//1388 1494//1494 1495//1495
f 1388//1388 1495//1495 1389//1389
f 1389//1389 1495//1495 1496//1496
f 1389//1389 1496//1496 1391//1391
f 1391//1391 1496//1496 1485//1485
f 1497//1497 1402//1402 1498//1498
f 1498//1498 1402//1402 1401//1401
f 1498//1498 1401//1401 1499//1499
f 1499//1499 1401//1401 1408//1408
f 1499//1499 1408//1408 1500//1500
f 1500//1500 1408//1408 1407//1407
f 1500//1500 1407//1407 1501//1501
f 1501//1501 1407//1407 1406//1406
f 1501//1501 1406//1406 1502//1502
f 1502//1502 1406//1406 1411//1411
f 1502//1502 1411//1411 1503//1503
f 1503//1503 1411//1411 1410//1410
f 1503//1503 1410//1410 1504//1504
f 1504//1504 1410//1410 1409//1409
f 1504//1504 1409//1409 1505//1505
f 1505//1505 1409//1409 1413//1413
f 1505//1505 1413//1413 1506//1506
f 1506//1506 1413//1413 1412//1412
f 1506//1506 1412//1412 1507//1507
f 1507//1507 1412//1412 1405//1405
f 1507//1507 1405//1405 1508//1508
f 1508//1508 1405//1405 1404//1404
f 1508//1508 1404//1404 1497//1497
f 1497//1497 1404//1404 1402//1402
f 1509//1509 1510//1510 1511//1511
f 1511//1511 1510//1510 1512//1512
f 1513//1513 1514//1514 1515//1515
f 1515//1515 1514//1514 1516//1516
f 1432//1432 1431//1431 1517//1517
f 1424//1424 1518//1518 1425//1425
f 1425//1425 1518//1518 1517//1517
f 1429//1429 1428//1428 1519//1519
f 1519//1519 1428//1428 1427//1427
f 1519//1519 1427//1427 1517//1517
f 1517//1517 1427//1427 1426//1426
f 1517//1517 1426//1426 1425//1425
f 1520//1520 1416//1416 1521//1521
f 1521//1521 1416//1416 1415//1415
f 1521//1521 1415//1415 1522//1522
f 1522//1522 1415//1415 1414//1414
f 1522//1522 1414//1414 1430//1430
f 1423//1423 1422//1422 1523//1523
f 1523//1523 1422//1422 1421//1421
f 1523//1523 1421//1421 1524//1524
f 1524//1524 1421//1421 1420//1420
f 1420//1420 1419//1419 1524//1524
f 1524//1524 1419//1419 1418//1418
f 1524//1524 1418//1418 1520//1520
f 1520//1520 1418//1418 1417//1417
f 1520//1520 1417//1417 1416//1416
f 1525//1525 1526//1526 1527//1527
f 1526//1526 1528//1528 1527//1527
f 1527//1527 1528//1528 1529//1529
f 1527//1527 1529//1529 1530//1530
f 1531//1531 1532//1532 1527//1527
f 1527//1527 1532//1532 1533//1533
f 1527//1527 1533//1533 1534//1534
f 1534//1534 1535//1535 1527//1527
f 1527//1527 1535//1535 1536//1536
f 1527//1527 1536//1536 1525//1525
f 1537//1537 1538//1538 1527//1527
f 1527//1527 1538//1538 1539//1539
f 1527//1527 1539//1539 1531//1531
f 1537//1537 1527//1527 1540//1540
f 1540//1540 1527//1527 1541//1541
f 1540//1540 1541//1541 1542//1542
f 1543//1543 1544//1544 1541//1541
f 1541//1541 1544//1544 1545//1545
f 1541//1541 1545//1545 1542//1542
f 1546//1546 1547//1547 1541//1541
f 1547//1547 1548//1548 1541//1541
f 1541//1541 1548//1548 1549//1549
f 1541//1541 1549//1549 1550//1550
f 1550//1550 1551//1551 1541//1541
f 1541//1541 1551//1551 1552//1552
f 1541//1541 1552//1552 1543//1543
f 1553//1553 1554//1554 1555//1555
f 1556//1556 1557//1557 1553//1553
f 1553//1553 1557//1557 1558//1558
f 1553//1553 1558//1558 1554//1554
f 1559//1559 1560//1560 1520//1520
f 1560//1560 1561//1561 1520//1520
f 1520//1520 1561//1561 1562//1562
f 1520//1520 1562//1562 1563//1563
f 1564//1564 1565//1565 1521//1521
f 1565//1565 1566//1566 1521//1521
f 1521//1521 1566//1566 1567//1567
f 1521//1521 1567//1567 1568//1568
f 1568//1568 1569//1569 1521//1521
f 1521//1521 1569//1569 1570//1570
f 1521//1521 1570//1570 1520//1520
f 1520//1520 1570//1570 1571//1571
f 1520//1520 1571//1571 1559//1559
f 1303//1303 1301//1301 1522//1522
f 1572//1572 1445//1445 1305//1305
f 1573//1573 1574//1574 1446//1446
f 1324//1324 1323//1323 1521//1521
f 1445//1445 1572//1572 1446//1446
f 1446//1446 1572//1572 1575//1575
f 1446//1446 1575//1575 1573//1573
f 1319//1319 1318//1318 1576//1576
f 1576//1576 1318//1318 1446//1446
f 1576//1576 1446//1446 1577//1577
f 1577//1577 1446//1446 1574//1574
f 1324//1324 1521//1521 1325//1325
f 1301//1301 1299//1299 1522//1522
f 1522//1522 1299//1299 1297//1297
f 1522//1522 1297//1297 1521//1521
f 1521//1521 1297//1297 1295//1295
f 1521//1521 1295//1295 1293//1293
f 1564//1564 1521//1521 1576//1576
f 1576//1576 1521//1521 1320//1320
f 1576//1576 1320//1320 1319//1319
f 1323//1323 1322//1322 1521//1521
f 1521//1521 1322//1322 1321//1321
f 1521//1521 1321//1321 1320//1320
f 1293//1293 1444//1444 1521//1521
f 1521//1521 1444//1444 1443//1443
f 1521//1521 1443//1443 1325//1325
f 1305//1305 1303//1303 1572//1572
f 1572//1572 1303//1303 1522//1522
f 1572//1572 1522//1522 1519//1519
f 1519//1519 1522//1522 1430//1430
f 1519//1519 1430//1430 1429//1429
f 1519//1519 1578//1578 1572//1572
f 1572//1572 1578//1578 1579//1579
f 1572//1572 1579//1579 1580//1580
f 1580//1580 1581//1581 1572//1572
f 1572//1572 1581//1581 1582//1582
f 1572//1572 1582//1582 1583//1583
f 1584//1584 1585//1585 1586//1586
f 1586//1586 1585//1585 1587//1587
f 1583//1583 1588//1588 1572//1572
f 1572//1572 1588//1588 1585//1585
f 1572//1572 1585//1585 1589//1589
f 1589//1589 1585//1585 1584//1584
f 1530//1530 1590//1590 1527//1527
f 1527//1527 1590//1590 1591//1591
f 1527//1527 1591//1591 1592//1592
f 1592//1592 1591//1591 1593//1593
f 1592//1592 1593//1593 1462//1462
f 1466//1466 1465//1465 1594//1594
f 1594//1594 1465//1465 1464//1464
f 1594//1594 1464//1464 1593//1593
f 1593//1593 1464//1464 1463//1463
f 1593//1593 1463//1463 1462//1462
f 1459//1459 1458//1458 1595//1595
f 1458//1458 1457//1457 1595//1595
f 1595//1595 1457//1457 1456//1456
f 1595//1595 1456//1456 1596//1596
f 1596//1596 1456//1456 1455//1455
f 1596//1596 1455//1455 1454//1454
f 1454//1454 1453//1453 1597//1597
f 1597//1597 1453//1453 1452//1452
f 1597//1597 1452//1452 1598//1598
f 1598//1598 1452//1452 1451//1451
f 1598//1598 1451//1451 1467//1467
f 1462//1462 1461//1461 1592//1592
f 1592//1592 1461//1461 1460//1460
f 1592//1592 1460//1460 1599//1599
f 1479//1479 1598//1598 1594//1594
f 1594//1594 1598//1598 1467//1467
f 1594//1594 1467//1467 1466//1466
f 1600//1600 1482//1482 1481//1481
f 1600//1600 1481//1481 1594//1594
f 1594//1594 1481//1481 1480//1480
f 1594//1594 1480//1480 1479//1479
f 1469//1469 1468//1468 1601//1601
f 1601//1601 1468//1468 1484//1484
f 1601//1601 1484//1484 1600//1600
f 1600//1600 1484//1484 1483//1483
f 1600//1600 1483//1483 1482//1482
f 1454//1454 1597//1597 1596//1596
f 1596//1596 1597//1597 1475//1475
f 1596//1596 1475//1475 1474//1474
f 1474//1474 1473//1473 1596//1596
f 1596//1596 1473//1473 1472//1472
f 1596//1596 1472//1472 1602//1602
f 1472//1472 1471//1471 1602//1602
f 1602//1602 1471//1471 1470//1470
f 1602//1602 1470//1470 1603//1603
f 1479//1479 1478//1478 1598//1598
f 1598//1598 1478//1478 1477//1477
f 1598//1598 1477//1477 1597//1597
f 1597//1597 1477//1477 1476//1476
f 1597//1597 1476//1476 1475//1475
f 1517//1517 1431//1431 1600//1600
f 1431//1431 1442//1442 1600//1600
f 1600//1600 1442//1442 1441//1441
f 1600//1600 1441//1441 1601//1601
f 1601//1601 1441//1441 1440//1440
f 1601//1601 1440//1440 1439//1439
f 1439//1439 1438//1438 1601//1601
f 1601//1601 1438//1438 1437//1437
f 1601//1601 1437//1437 1518//1518
f 1518//1518 1437//1437 1436//1436
f 1436//1436 1435//1435 1518//1518
f 1518//1518 1435//1435 1434//1434
f 1518//1518 1434//1434 1517//1517
f 1517//1517 1434//1434 1433//1433
f 1517//1517 1433//1433 1432//1432
f 1424//1424 1423//1423 1518//1518
f 1518//1518 1423//1423 1523//1523
f 1518//1518 1523//1523 1601//1601
f 1601//1601 1523//1523 1603//1603
f 1601//1601 1603//1603 1469//1469
f 1469//1469 1603//1603 1470//1470
f 1496//1496 1603//1603 1485//1485
f 1485//1485 1603//1603 1523//1523
f 1485//1485 1523//1523 1486//1486
f 1486//1486 1523//1523 1487//1487
f 1496//1496 1495//1495 1603//1603
f 1603//1603 1495//1495 1494//1494
f 1603//1603 1494//1494 1602//1602
f 1602//1602 1494//1494 1493//1493
f 1493//1493 1492//1492 1602//1602
f 1602//1602 1492//1492 1491//1491
f 1602//1602 1491//1491 1524//1524
f 1491//1491 1490//1490 1524//1524
f 1524//1524 1490//1490 1489//1489
f 1524//1524 1489//1489 1523//1523
f 1523//1523 1489//1489 1488//1488
f 1523//1523 1488//1488 1487//1487
f 1563//1563 1604//1604 1520//1520
f 1520//1520 1604//1604 1605//1605
f 1520//1520 1605//1605 1524//1524
f 1524//1524 1605//1605 1606//1606
f 1524//1524 1606//1606 1602//1602
f 1602//1602 1606//1606 1607//1607
f 1602//1602 1607//1607 1596//1596
f 1596//1596 1607//1607 1608//1608
f 1596//1596 1608//1608 1595//1595
f 1595//1595 1608//1608 1609//1609
f 1595//1595 1609//1609 1553//1553
f 1553//1553 1609//1609 1610//1610
f 1553//1553 1610//1610 1556//1556
f 1354//1354 1527//1527 1355//1355
f 1355//1355 1527//1527 1592//1592
f 1355//1355 1592//1592 1356//1356
f 1356//1356 1592//1592 1357//1357
f 1354//1354 1353//1353 1527//1527
f 1527//1527 1353//1353 1448//1448
f 1527//1527 1448//1448 1541//1541
f 1541//1541 1448//1448 1447//1447
f 1541//1541 1447//1447 1352//1352
f 1357//1357 1592//1592 1358//1358
f 1358//1358 1592//1592 1599//1599
f 1358//1358 1599//1599 1359//1359
f 1352//1352 1351//1351 1541//1541
f 1541//1541 1351//1351 1350//1350
f 1541//1541 1350//1350 1599//1599
f 1599//1599 1350//1350 1349//1349
f 1599//1599 1349//1349 1348//1348
f 1348//1348 1347//1347 1599//1599
f 1599//1599 1347//1347 1346//1346
f 1599//1599 1346//1346 1345//1345
f 1345//1345 1450//1450 1599//1599
f 1599//1599 1450//1450 1449//1449
f 1599//1599 1449//1449 1359//1359
f 1460//1460 1459//1459 1599//1599
f 1599//1599 1459//1459 1595//1595
f 1599//1599 1595//1595 1541//1541
f 1541//1541 1595//1595 1553//1553
f 1541//1541 1553//1553 1546//1546
f 1546//1546 1553//1553 1555//1555
f 1504//1504 1611//1611 1503//1503
f 1503//1503 1611//1611 1612//1612
f 1613//1613 1499//1499 1500//1500
f 1507//1507 1614//1614 1506//1506
f 1506//1506 1614//1614 1615//1615
f 1616//1616 1617//1617 1618//1618
f 1507//1507 1508//1508 1614//1614
f 1614//1614 1508//1508 1497//1497
f 1614//1614 1497//1497 1613//1613
f 1613//1613 1497//1497 1498//1498
f 1613//1613 1498//1498 1499//1499
f 1619//1619 1620//1620 1618//1618
f 1612//1612 1621//1621 1622//1622
f 1615//1615 1623//1623 1506//1506
f 1506//1506 1623//1623 1624//1624
f 1506//1506 1624//1624 1625//1625
f 1626//1626 1627//1627 1506//1506
f 1506//1506 1627//1627 1628//1628
f 1629//1629 1630//1630 1611//1611
f 1614//1614 1631//1631 1615//1615
f 1615//1615 1631//1631 1632//1632
f 1615//1615 1632//1632 1633//1633
f 1617//1617 1634//1634 1618//1618
f 1618//1618 1634//1634 1635//1635
f 1618//1618 1635//1635 1636//1636
f 1628//1628 1629//1629 1506//1506
f 1506//1506 1629//1629 1611//1611
f 1506//1506 1611//1611 1505//1505
f 1505//1505 1611//1611 1504//1504
f 1637//1637 1638//1638 1639//1639
f 1639//1639 1638//1638 1640//1640
f 1633//1633 1641//1641 1615//1615
f 1615//1615 1641//1641 1638//1638
f 1615//1615 1638//1638 1642//1642
f 1642//1642 1638//1638 1637//1637
f 1625//1625 1643//1643 1506//1506
f 1506//1506 1643//1643 1644//1644
f 1506//1506 1644//1644 1626//1626
f 1645//1645 1646//1646 1647//1647
f 1647//1647 1646//1646 1648//1648
f 1638//1638 1649//1649 1640//1640
f 1640//1640 1649//1649 1646//1646
f 1640//1640 1646//1646 1650//1650
f 1650//1650 1646//1646 1645//1645
f 1651//1651 1652//1652 1653//1653
f 1653//1653 1652//1652 1654//1654
f 1653//1653 1654//1654 1655//1655
f 1620//1620 1656//1656 1618//1618
f 1618//1618 1656//1656 1657//1657
f 1618//1618 1657//1657 1616//1616
f 1636//1636 1613//1613 1618//1618
f 1618//1618 1613//1613 1500//1500
f 1618//1618 1500//1500 1622//1622
f 1622//1622 1500//1500 1501//1501
f 1622//1622 1501//1501 1612//1612
f 1612//1612 1501//1501 1502//1502
f 1612//1612 1502//1502 1503//1503
f 1658//1658 1659//1659 1660//1660
f 1660//1660 1659//1659 1661//1661
f 1661//1661 1659//1659 1621//1621
f 1621//1621 1659//1659 1662//1662
f 1621//1621 1662//1662 1663//1663
f 1619//1619 1618//1618 1653//1653
f 1653//1653 1618//1618 1664//1664
f 1653//1653 1664//1664 1651//1651
f 1663//1663 1665//1665 1621//1621
f 1621//1621 1665//1665 1666//1666
f 1621//1621 1666//1666 1622//1622
f 1667//1667 1668//1668 1669//1669
f 1669//1669 1668//1668 1670//1670
f 1669//1669 1670//1670 1671//1671
f 1672//1672 1673//1673 1669//1669
f 1669//1669 1673//1673 1674//1674
f 1669//1669 1674//1674 1667//1667
f 1675//1675 1676//1676 1669//1669
f 1669//1669 1676//1676 1677//1677
f 1669//1669 1677//1677 1672//1672
f 1671//1671 1678//1678 1669//1669
f 1669//1669 1678//1678 1679//1679
f 1669//1669 1679//1679 1675//1675
f 1680//1680 1681//1681 1682//1682
f 1682//1682 1681//1681 1683//1683
f 1682//1682 1683//1683 1684//1684
f 1685//1685 1686//1686 1682//1682
f 1682//1682 1686//1686 1687//1687
f 1682//1682 1687//1687 1680//1680
f 1688//1688 1689//1689 1682//1682
f 1682//1682 1689//1689 1690//1690
f 1682//1682 1690//1690 1685//1685
f 1684//1684 1691//1691 1682//1682
f 1682//1682 1691//1691 1692//1692
f 1682//1682 1692//1692 1688//1688
f 1511//1511 1693//1693 1509//1509
f 1509//1509 1693//1693 1694//1694
f 1509//1509 1694//1694 1510//1510
f 1510//1510 1694//1694 1695//1695
f 1510//1510 1695//1695 1512//1512
f 1512//1512 1695//1695 1696//1696
f 1512//1512 1696//1696 1511//1511
f 1511//1511 1696//1696 1693//1693
f 1515//1515 1697//1697 1513//1513
f 1513//1513 1697//1697 1698//1698
f 1513//1513 1698//1698 1514//1514
f 1514//1514 1698//1698 1699//1699
f 1514//1514 1699//1699 1516//1516
f 1516//1516 1699//1699 1700//1700
f 1516//1516 1700//1700 1515//1515
f 1515//1515 1700//1700 1697//1697
f 1701//1701 1702//1702 1703//1703
f 1570//1570 1569//1569 1704//1704
f 1705//1705 1706//1706 1707//1707
f 1707//1707 1706//1706 1708//1708
f 1709//1709 1710//1710 1711//1711
f 1578//1578 1710//1710 1579//1579
f 1579//1579 1710//1710 1709//1709
f 1579//1579 1709//1709 1580//1580
f 1580//1580 1709//1709 1712//1712
f 1713//1713 1582//1582 1712//1712
f 1712//1712 1582//1582 1581//1581
f 1712//1712 1581//1581 1580//1580
f 1587//1587 1585//1585 1714//1714
f 1714//1714 1585//1585 1588//1588
f 1714//1714 1588//1588 1713//1713
f 1713//1713 1588//1588 1583//1583
f 1713//1713 1583//1583 1582//1582
f 1587//1587 1714//1714 1586//1586
f 1586//1586 1714//1714 1715//1715
f 1586//1586 1715//1715 1584//1584
f 1584//1584 1715//1715 1589//1589
f 1589//1589 1715//1715 1716//1716
f 1589//1589 1716//1716 1572//1572
f 1577//1577 1574//1574 1717//1717
f 1717//1717 1574//1574 1573//1573
f 1717//1717 1573//1573 1716//1716
f 1716//1716 1573//1573 1575//1575
f 1716//1716 1575//1575 1572//1572
f 1718//1718 1565//1565 1564//1564
f 1718//1718 1564//1564 1717//1717
f 1717//1717 1564//1564 1576//1576
f 1717//1717 1576//1576 1577//1577
f 1565//1565 1718//1718 1566//1566
f 1566//1566 1718//1718 1719//1719
f 1566//1566 1719//1719 1567//1567
f 1704//1704 1569//1569 1719//1719
f 1719//1719 1569//1569 1568//1568
f 1719//1719 1568//1568 1567//1567
f 1720//1720 1560//1560 1559//1559
f 1720//1720 1559//1559 1704//1704
f 1704//1704 1559//1559 1571//1571
f 1704//1704 1571//1571 1570//1570
f 1560//1560 1720//1720 1561//1561
f 1561//1561 1720//1720 1703//1703
f 1561//1561 1703//1703 1562//1562
f 1702//1702 1604//1604 1703//1703
f 1703//1703 1604//1604 1563//1563
f 1703//1703 1563//1563 1562//1562
f 1721//1721 1722//1722 1723//1723
f 1723//1723 1722//1722 1701//1701
f 1724//1724 1721//1721 1725//1725
f 1725//1725 1721//1721 1723//1723
f 1725//1725 1723//1723 1726//1726
f 1726//1726 1723//1723 1727//1727
f 1728//1728 1729//1729 1727//1727
f 1727//1727 1729//1729 1730//1730
f 1727//1727 1730//1730 1726//1726
f 1731//1731 1732//1732 1728//1728
f 1728//1728 1732//1732 1733//1733
f 1728//1728 1733//1733 1729//1729
f 1734//1734 1735//1735 1731//1731
f 1731//1731 1735//1735 1736//1736
f 1731//1731 1736//1736 1732//1732
f 1737//1737 1738//1738 1734//1734
f 1734//1734 1738//1738 1739//1739
f 1734//1734 1739//1739 1735//1735
f 1740//1740 1741//1741 1737//1737
f 1737//1737 1741//1741 1742//1742
f 1737//1737 1742//1742 1738//1738
f 1743//1743 1744//1744 1740//1740
f 1740//1740 1744//1744 1745//1745
f 1740//1740 1745//1745 1741//1741
f 1746//1746 1747//1747 1743//1743
f 1743//1743 1747//1747 1748//1748
f 1743//1743 1748//1748 1744//1744
f 1749//1749 1750//1750 1746//1746
f 1746//1746 1750//1750 1751//1751
f 1746//1746 1751//1751 1747//1747
f 1752//1752 1753//1753 1749//1749
f 1749//1749 1753//1753 1754//1754
f 1749//1749 1754//1754 1750//1750
f 1708//1708 1755//1755 1707//1707
f 1707//1707 1755//1755 1756//1756
f 1707//1707 1756//1756 1752//1752
f 1752//1752 1756//1756 1757//1757
f 1752//1752 1757//1757 1753//1753
f 1701//1701 1703//1703 1723//1723
f 1723//1723 1703//1703 1720//1720
f 1723//1723 1720//1720 1727//1727
f 1727//1727 1720//1720 1704//1704
f 1727//1727 1704//1704 1728//1728
f 1728//1728 1704//1704 1719//1719
f 1728//1728 1719//1719 1731//1731
f 1731//1731 1719//1719 1718//1718
f 1731//1731 1718//1718 1734//1734
f 1734//1734 1718//1718 1717//1717
f 1734//1734 1717//1717 1737//1737
f 1737//1737 1717//1717 1716//1716
f 1737//1737 1716//1716 1740//1740
f 1740//1740 1716//1716 1715//1715
f 1740//1740 1715//1715 1743//1743
f 1743//1743 1715//1715 1714//1714
f 1743//1743 1714//1714 1746//1746
f 1746//1746 1714//1714 1713//1713
f 1746//1746 1713//1713 1749//1749
f 1749//1749 1713//1713 1712//1712
f 1749//1749 1712//1712 1752//1752
f 1752//1752 1712//1712 1709//1709
f 1752//1752 1709//1709 1707//1707
f 1707//1707 1709//1709 1711//1711
f 1707//1707 1711//1711 1705//1705
f 1758//1758 1708//1708 1759//1759
f 1759//1759 1708//1708 1706//1706
f 1759//1759 1706//1706 1760//1760
f 1760//1760 1706//1706 1705//1705
f 1760//1760 1705//1705 1761//1761
f 1710//1710 1578//1578 1519//1519
f 1710//1710 1519//1519 1711//1711
f 1711//1711 1519//1519 1517//1517
f 1711//1711 1517//1517 1600//1600
f 1593//1593 1591//1591 1762//1762
f 1705//1705 1711//1711 1761//1761
f 1761//1761 1711//1711 1600//1600
f 1761//1761 1600//1600 1762//1762
f 1762//1762 1600//1600 1594//1594
f 1762//1762 1594//1594 1593//1593
f 1761//1761 1762//1762 1763//1763
f 1764//1764 1765//1765 1766//1766
f 1766//1766 1765//1765 1767//1767
f 1768//1768 1769//1769 1770//1770
f 1770//1770 1769//1769 1556//1556
f 1770//1770 1556//1556 1610//1610
f 1555//1555 1554//1554 1771//1771
f 1771//1771 1554//1554 1558//1558
f 1771//1771 1558//1558 1769//1769
f 1769//1769 1558//1558 1557//1557
f 1769//1769 1557//1557 1556//1556
f 1555//1555 1771//1771 1546//1546
f 1546//1546 1771//1771 1772//1772
f 1546//1546 1772//1772 1547//1547
f 1551//1551 1550//1550 1773//1773
f 1773//1773 1550//1550 1549//1549
f 1773//1773 1549//1549 1772//1772
f 1772//1772 1549//1549 1548//1548
f 1772//1772 1548//1548 1547//1547
f 1551//1551 1773//1773 1552//1552
f 1552//1552 1773//1773 1774//1774
f 1552//1552 1774//1774 1543//1543
f 1543//1543 1774//1774 1544//1544
f 1544//1544 1774//1774 1775//1775
f 1544//1544 1775//1775 1545//1545
f 1538//1538 1537//1537 1776//1776
f 1776//1776 1537//1537 1540//1540
f 1776//1776 1540//1540 1775//1775
f 1775//1775 1540//1540 1542//1542
f 1775//1775 1542//1542 1545//1545
f 1777//1777 1532//1532 1531//1531
f 1777//1777 1531//1531 1776//1776
f 1776//1776 1531//1531 1539//1539
f 1776//1776 1539//1539 1538//1538
f 1532//1532 1777//1777 1533//1533
f 1533//1533 1777//1777 1778//1778
f 1533//1533 1778//1778 1534//1534
f 1779//1779 1525//1525 1780//1780
f 1780//1780 1525//1525 1536//1536
f 1780//1780 1536//1536 1778//1778
f 1778//1778 1536//1536 1535//1535
f 1778//1778 1535//1535 1534//1534
f 1530//1530 1529//1529 1763//1763
f 1763//1763 1529//1529 1528//1528
f 1763//1763 1528//1528 1779//1779
f 1779//1779 1528//1528 1526//1526
f 1779//1779 1526//1526 1525//1525
f 1762//1762 1591//1591 1763//1763
f 1763//1763 1591//1591 1590//1590
f 1763//1763 1590//1590 1530//1530
f 1759//1759 1760//1760 1781//1781
f 1781//1781 1760//1760 1761//1761
f 1758//1758 1759//1759 1782//1782
f 1782//1782 1759//1759 1781//1781
f 1782//1782 1781//1781 1783//1783
f 1783//1783 1781//1781 1784//1784
f 1785//1785 1786//1786 1784//1784
f 1784//1784 1786//1786 1787//1787
f 1784//1784 1787//1787 1783//1783
f 1788//1788 1789//1789 1785//1785
f 1785//1785 1789//1789 1790//1790
f 1785//1785 1790//1790 1786//1786
f 1791//1791 1792//1792 1788//1788
f 1788//1788 1792//1792 1793//1793
f 1788//1788 1793//1793 1789//1789
f 1794//1794 1795//1795 1791//1791
f 1791//1791 1795//1795 1796//1796
f 1791//1791 1796//1796 1792//1792
f 1797//1797 1798//1798 1794//1794
f 1794//1794 1798//1798 1799//1799
f 1794//1794 1799//1799 1795//1795
f 1800//1800 1801//1801 1797//1797
f 1797//1797 1801//1801 1802//1802
f 1797//1797 1802//1802 1798//1798
f 1803//1803 1804//1804 1800//1800
f 1800//1800 1804//1804 1805//1805
f 1800//1800 1805//1805 1801//1801
f 1806//1806 1807//1807 1803//1803
f 1803//1803 1807//1807 1808//1808
f 1803//1803 1808//1808 1804//1804
f 1809//1809 1810//1810 1806//1806
f 1806//1806 1810//1810 1811//1811
f 1806//1806 1811//1811 1807//1807
f 1767//1767 1812//1812 1766//1766
f 1766//1766 1812//1812 1813//1813
f 1766//1766 1813//1813 1809//1809
f 1809//1809 1813//1813 1814//1814
f 1809//1809 1814//1814 1810//1810
f 1761//1761 1763//1763 1781//1781
f 1781//1781 1763//1763 1779//1779
f 1781//1781 1779//1779 1784//1784
f 1784//1784 1779//1779 1780//1780
f 1784//1784 1780//1780 1785//1785
f 1785//1785 1780//1780 1778//1778
f 1785//1785 1778//1778 1788//1788
f 1788//1788 1778//1778 1777//1777
f 1788//1788 1777//1777 1791//1791
f 1791//1791 1777//1777 1776//1776
f 1791//1791 1776//1776 1794//1794
f 1794//1794 1776//1776 1775//1775
f 1794//1794 1775//1775 1797//1797
f 1797//1797 1775//1775 1774//1774
f 1797//1797 1774//1774 1800//1800
f 1800//1800 1774//1774 1773//1773
f 1800//1800 1773//1773 1803//1803
f 1803//1803 1773//1773 1772//1772
f 1803//1803 1772//1772 1806//1806
f 1806//1806 1772//1772 1771//1771
f 1806//1806 1771//1771 1809//1809
f 1809//1809 1771//1771 1769//1769
f 1809//1809 1769//1769 1766//1766
f 1766//1766 1769//1769 1768//1768
f 1766//1766 1768//1768 1764//1764
f 1724//1724 1767//1767 1721//1721
f 1721//1721 1767//1767 1765//1765
f 1721//1721 1765//1765 1722//1722
f 1722//1722 1765//1765 1764//1764
f 1722//1722 1764//1764 1701//1701
f 1701//1701 1764//1764 1768//1768
f 1610//1610 1609//1609 1770//1770
f 1770//1770 1609//1609 1768//1768
f 1609//1609 1608//1608 1768//1768
f 1768//1768 1608//1608 1607//1607
f 1768//1768 1607//1607 1701//1701
f 1701//1701 1607//1607 1606//1606
f 1701//1701 1606//1606 1702//1702
f 1702//1702 1606//1606 1605//1605
f 1702//1702 1605//1605 1604//1604
f 1815//1815 1816//1816 1817//1817
f 1817//1817 1816//1816 1818//1818
f 1817//1817 1818//1818 1819//1819
f 1819//1819 1818//1818 1820//1820
f 1819//1819 1820//1820 1821//1821
f 1821//1821 1820//1820 1822//1822
f 1821//1821 1822//1822 1823//1823
f 1823//1823 1822//1822 1824//1824
f 1823//1823 1824//1824 1611//1611
f 1611//1611 1824//1824 1612//1612
f 1825//1825 1826//1826 1827//1827
f 1828//1828 1818//1818 1816//1816
f 1824//1824 1822//1822 1829//1829
f 1829//1829 1822//1822 1820//1820
f 1612//1612 1824//1824 1621//1621
f 1621//1621 1824//1824 1829//1829
f 1621//1621 1829//1829 1661//1661
f 1661//1661 1829//1829 1830//1830
f 1831//1831 1658//1658 1830//1830
f 1830//1830 1658//1658 1660//1660
f 1830//1830 1660//1660 1661//1661
f 1665//1665 1663//1663 1832//1832
f 1832//1832 1663//1663 1662//1662
f 1832//1832 1662//1662 1831//1831
f 1831//1831 1662//1662 1659//1659
f 1831//1831 1659//1659 1658//1658
f 1665//1665 1832//1832 1666//1666
f 1666//1666 1832//1832 1833//1833
f 1666//1666 1833//1833 1622//1622
f 1622//1622 1833//1833 1618//1618
f 1618//1618 1833//1833 1834//1834
f 1618//1618 1834//1834 1664//1664
f 1664//1664 1834//1834 1651//1651
f 1651//1651 1834//1834 1835//1835
f 1651//1651 1835//1835 1652//1652
f 1836//1836 1655//1655 1835//1835
f 1835//1835 1655//1655 1654//1654
f 1835//1835 1654//1654 1652//1652
f 1656//1656 1620//1620 1837//1837
f 1837//1837 1620//1620 1619//1619
f 1837//1837 1619//1619 1836//1836
f 1836//1836 1619//1619 1653//1653
f 1836//1836 1653//1653 1655//1655
f 1656//1656 1837//1837 1657//1657
f 1657//1657 1837//1837 1838//1838
f 1657//1657 1838//1838 1616//1616
f 1616//1616 1838//1838 1839//1839
f 1616//1616 1839//1839 1617//1617
f 1617//1617 1839//1839 1634//1634
f 1634//1634 1839//1839 1827//1827
f 1634//1634 1827//1827 1635//1635
f 1826//1826 1613//1613 1827//1827
f 1827//1827 1613//1613 1636//1636
f 1827//1827 1636//1636 1635//1635
f 1840//1840 1841//1841 1842//1842
f 1842//1842 1841//1841 1825//1825
f 1843//1843 1840//1840 1844//1844
f 1844//1844 1840//1840 1842//1842
f 1844//1844 1842//1842 1845//1845
f 1845//1845 1842//1842 1846//1846
f 1847//1847 1848//1848 1846//1846
f 1846//1846 1848//1848 1849//1849
f 1846//1846 1849//1849 1845//1845
f 1850//1850 1851//1851 1847//1847
f 1847//1847 1851//1851 1852//1852
f 1847//1847 1852//1852 1848//1848
f 1853//1853 1854//1854 1850//1850
f 1850//1850 1854//1854 1855//1855
f 1850//1850 1855//1855 1851//1851
f 1856//1856 1857//1857 1853//1853
f 1853//1853 1857//1857 1858//1858
f 1853//1853 1858//1858 1854//1854
f 1859//1859 1860//1860 1856//1856
f 1856//1856 1860//1860 1861//1861
f 1856//1856 1861//1861 1857//1857
f 1862//1862 1863//1863 1859//1859
f 1859//1859 1863//1863 1864//1864
f 1859//1859 1864//1864 1860//1860
f 1865//1865 1866//1866 1862//1862
f 1862//1862 1866//1866 1867//1867
f 1862//1862 1867//1867 1863//1863
f 1868//1868 1869//1869 1865//1865
f 1865//1865 1869//1869 1870//1870
f 1865//1865 1870//1870 1866//1866
f 1871//1871 1872//1872 1868//1868
f 1868//1868 1872//1872 1873//1873
f 1868//1868 1873//1873 1869//1869
f 1816//1816 1874//1874 1828//1828
f 1828//1828 1874//1874 1875//1875
f 1828//1828 1875//1875 1871//1871
f 1871//1871 1875//1875 1876//1876
f 1871//1871 1876//1876 1872//1872
f 1825//1825 1827//1827 1842//1842
f 1842//1842 1827//1827 1839//1839
f 1842//1842 1839//1839 1846//1846
f 1846//1846 1839//1839 1838//1838
f 1846//1846 1838//1838 1847//1847
f 1847//1847 1838//1838 1837//1837
f 1847//1847 1837//1837 1850//1850
f 1850//1850 1837//1837 1836//1836
f 1850//1850 1836//1836 1853//1853
f 1853//1853 1836//1836 1835//1835
f 1853//1853 1835//1835 1856//1856
f 1856//1856 1835//1835 1834//1834
f 1856//1856 1834//1834 1859//1859
f 1859//1859 1834//1834 1833//1833
f 1859//1859 1833//1833 1862//1862
f 1862//1862 1833//1833 1832//1832
f 1862//1862 1832//1832 1865//1865
f 1865//1865 1832//1832 1831//1831
f 1865//1865 1831//1831 1868//1868
f 1868//1868 1831//1831 1830//1830
f 1868//1868 1830//1830 1871//1871
f 1871//1871 1830//1830 1829//1829
f 1871//1871 1829//1829 1828//1828
f 1828//1828 1829//1829 1820//1820
f 1828//1828 1820//1820 1818//1818
f 1843//1843 1877//1877 1840//1840
f 1840//1840 1877//1877 1878//1878
f 1840//1840 1878//1878 1841//1841
f 1841//1841 1878//1878 1879//1879
f 1841//1841 1879//1879 1825//1825
f 1825//1825 1879//1879 1880//1880
f 1825//1825 1880//1880 1826//1826
f 1826//1826 1880//1880 1881//1881
f 1826//1826 1881//1881 1613//1613
f 1613//1613 1881//1881 1614//1614
f 1821//1821 1823//1823 1882//1882
f 1879//1879 1878//1878 1883//1883
f 1883//1883 1878//1878 1877//1877
f 1884//1884 1881//1881 1880//1880
f 1614//1614 1881//1881 1631//1631
f 1631//1631 1881//1881 1884//1884
f 1631//1631 1884//1884 1632//1632
f 1632//1632 1884//1884 1885//1885
f 1886//1886 1641//1641 1885//1885
f 1885//1885 1641//1641 1633//1633
f 1885//1885 1633//1633 1632//1632
f 1648//1648 1646//1646 1887//1887
f 1887//1887 1646//1646 1649//1649
f 1887//1887 1649//1649 1886//1886
f 1886//1886 1649//1649 1638//1638
f 1886//1886 1638//1638 1641//1641
f 1648//1648 1887//1887 1647//1647
f 1647//1647 1887//1887 1888//1888
f 1647//1647 1888//1888 1645//1645
f 1645//1645 1888//1888 1650//1650
f 1650//1650 1888//1888 1889//1889
f 1650//1650 1889//1889 1640//1640
f 1640//1640 1889//1889 1639//1639
f 1639//1639 1889//1889 1890//1890
f 1639//1639 1890//1890 1637//1637
f 1891//1891 1615//1615 1890//1890
f 1890//1890 1615//1615 1642//1642
f 1890//1890 1642//1642 1637//1637
f 1643//1643 1625//1625 1892//1892
f 1892//1892 1625//1625 1624//1624
f 1892//1892 1624//1624 1891//1891
f 1891//1891 1624//1624 1623//1623
f 1891//1891 1623//1623 1615//1615
f 1643//1643 1892//1892 1644//1644
f 1644//1644 1892//1892 1893//1893
f 1644//1644 1893//1893 1626//1626
f 1626//1626 1893//1893 1894//1894
f 1626//1626 1894//1894 1627//1627
f 1627//1627 1894//1894 1628//1628
f 1628//1628 1894//1894 1882//1882
f 1628//1628 1882//1882 1629//1629
f 1823//1823 1611//1611 1882//1882
f 1882//1882 1611//1611 1630//1630
f 1882//1882 1630//1630 1629//1629
f 1817//1817 1819//1819 1895//1895
f 1895//1895 1819//1819 1821//1821
f 1815//1815 1817//1817 1896//1896
f 1896//1896 1817//1817 1895//1895
f 1896//1896 1895//1895 1897//1897
f 1897//1897 1895//1895 1898//1898
f 1899//1899 1900//1900 1898//1898
f 1898//1898 1900//1900 1901//1901
f 1898//1898 1901//1901 1897//1897
f 1902//1902 1903//1903 1899//1899
f 1899//1899 1903//1903 1904//1904
f 1899//1899 1904//1904 1900//1900
f 1905//1905 1906//1906 1902//1902
f 1902//1902 1906//1906 1907//1907
f 1902//1902 1907//1907 1903//1903
f 1908//1908 1909//1909 1905//1905
f 1905//1905 1909//1909 1910//1910
f 1905//1905 1910//1910 1906//1906
f 1911//1911 1912//1912 1908//1908
f 1908//1908 1912//1912 1913//1913
f 1908//1908 1913//1913 1909//1909
f 1914//1914 1915//1915 1911//1911
f 1911//1911 1915//1915 1916//1916
f 1911//1911 1916//1916 1912//1912
f 1917//1917 1918//1918 1914//1914
f 1914//1914 1918//1918 1919//1919
f 1914//1914 1919//1919 1915//1915
f 1920//1920 1921//1921 1917//1917
f 1917//1917 1921//1921 1922//1922
f 1917//1917 1922//1922 1918//1918
f 1923//1923 1924//1924 1920//1920
f 1920//1920 1924//1924 1925//1925
f 1920//1920 1925//1925 1921//1921
f 1877//1877 1926//1926 1883//1883
f 1883//1883 1926//1926 1927//1927
f 1883//1883 1927//1927 1923//1923
f 1923//1923 1927//1927 1928//1928
f 1923//1923 1928//1928 1924//1924
f 1821//1821 1882//1882 1895//1895
f 1895//1895 1882//1882 1894//1894
f 1895//1895 1894//1894 1898//1898
f 1898//1898 1894//1894 1893//1893
f 1898//1898 1893//1893 1899//1899
f 1899//1899 1893//1893 1892//1892
f 1899//1899 1892//1892 1902//1902
f 1902//1902 1892//1892 1891//1891
f 1902//1902 1891//1891 1905//1905
f 1905//1905 1891//1891 1890//1890
f 1905//1905 1890//1890 1908//1908
f 1908//1908 1890//1890 1889//1889
f 1908//1908 1889//1889 1911//1911
f 1911//1911 1889//1889 1888//1888
f 1911//1911 1888//1888 1914//1914
f 1914//1914 1888//1888 1887//1887
f 1914//1914 1887//1887 1917//1917
f 1917//1917 1887//1887 1886//1886
f 1917//1917 1886//1886 1920//1920
f 1920//1920 1886//1886 1885//1885
f 1920//1920 1885//1885 1923//1923
f 1923//1923 1885//1885 1884//1884
f 1923//1923 1884//1884 1883//1883
f 1883//1883 1884//1884 1880//1880
f 1883//1883 1880//1880 1879//1879
f 1670//1670 1929//1929 1671//1671
f 1671//1671 1929//1929 1930//1930
f 1671//1671 1930//1930 1678//1678
f 1678//1678 1930//1930 1931//1931
f 1678//1678 1931//1931 1679//1679
f 1679//1679 1931//1931 1932//1932
f 1679//1679 1932//1932 1675//1675
f 1675//1675 1932//1932 1933//1933
f 1675//1675 1933//1933 1676//1676
f 1676//1676 1933//1933 1934//1934
f 1676//1676 1934//1934 1677//1677
f 1677//1677 1934//1934 1935//1935
f 1677//1677 1935//1935 1672//1672
f 1672//1672 1935//1935 1936//1936
f 1672//1672 1936//1936 1673//1673
f 1673//1673 1936//1936 1937//1937
f 1673//1673 1937//1937 1674//1674
f 1674//1674 1937//1937 1938//1938
f 1674//1674 1938//1938 1667//1667
f 1667//1667 1938//1938 1939//1939
f 1667//1667 1939//1939 1668//1668
f 1668//1668 1939//1939 1940//1940
f 1668//1668 1940//1940 1670//1670
f 1670//1670 1940//1940 1929//1929
f 1941//1941 1942//1942 1943//1943
f 1943//1943 1942//1942 1944//1944
f 1945//1945 1946//1946 1947//1947
f 1947//1947 1946//1946 1948//1948
f 1947//1947 1948//1948 1949//1949
f 1950//1950 1951//1951 1952//1952
f 1948//1948 1953//1953 1949//1949
f 1949//1949 1953//1953 1950//1950
f 1949//1949 1950//1950 1954//1954
f 1954//1954 1950//1950 1952//1952
f 1955//1955 1956//1956 1957//1957
f 1958//1958 1959//1959 1960//1960
f 1960//1960 1959//1959 1961//1961
f 1960//1960 1961//1961 1962//1962
f 1962//1962 1961//1961 1963//1963
f 1962//1962 1963//1963 1957//1957
f 1957//1957 1963//1963 1964//1964
f 1957//1957 1964//1964 1955//1955
f 1683//1683 1965//1965 1684//1684
f 1684//1684 1965//1965 1966//1966
f 1684//1684 1966//1966 1691//1691
f 1691//1691 1966//1966 1967//1967
f 1691//1691 1967//1967 1692//1692
f 1692//1692 1967//1967 1968//1968
f 1692//1692 1968//1968 1688//1688
f 1688//1688 1968//1968 1969//1969
f 1688//1688 1969//1969 1689//1689
f 1689//1689 1969//1969 1970//1970
f 1689//1689 1970//1970 1690//1690
f 1690//1690 1970//1970 1971//1971
f 1690//1690 1971//1971 1685//1685
f 1685//1685 1971//1971 1972//1972
f 1685//1685 1972//1972 1686//1686
f 1686//1686 1972//1972 1973//1973
f 1686//1686 1973//1973 1687//1687
f 1687//1687 1973//1973 1974//1974
f 1687//1687 1974//1974 1680//1680
f 1680//1680 1974//1974 1975//1975
f 1680//1680 1975//1975 1681//1681
f 1681//1681 1975//1975 1976//1976
f 1681//1681 1976//1976 1683//1683
f 1683//1683 1976//1976 1965//1965
f 1977//1977 1978//1978 1979//1979
f 1979//1979 1978//1978 1980//1980
f 1981//1981 1982//1982 1983//1983
f 1983//1983 1982//1982 1984//1984
f 1983//1983 1984//1984 1985//1985
f 1986//1986 1987//1987 1988//1988
f 1984//1984 1989//1989 1985//1985
f 1985//1985 1989//1989 1986//1986
f 1985//1985 1986//1986 1990//1990
f 1990//1990 1986//1986 1988//1988
f 1991//1991 1992//1992 1993//1993
f 1994//1994 1995//1995 1996//1996
f 1996//1996 1995//1995 1997//1997
f 1996//1996 1997//1997 1998//1998
f 1998//1998 1997//1997 1999//1999
f 1998//1998 1999//1999 1993//1993
f 1993//1993 1999//1999 2000//2000
f 1993//1993 2000//2000 1991//1991
f 1996//1996 1998//1998 1944//1944
f 1978//1978 1985//1985 1990//1990
f 1695//1695 1954//1954 1696//1696
f 1696//1696 1954//1954 1960//1960
f 1960//1960 1962//1962 1980//1980
f 1949//1949 1954//1954 1942//1942
f 1942//1942 1954//1954 1695//1695
f 1942//1942 1695//1695 1944//1944
f 1944//1944 1695//1695 1694//1694
f 1944//1944 1694//1694 1996//1996
f 1996//1996 1694//1694 1693//1693
f 1698//1698 1996//1996 1699//1699
f 1699//1699 1996//1996 1693//1693
f 1699//1699 1693//1693 1700//1700
f 1990//1990 1996//1996 1978//1978
f 1978//1978 1996//1996 1698//1698
f 1978//1978 1698//1698 1980//1980
f 1980//1980 1698//1698 1697//1697
f 1980//1980 1697//1697 1960//1960
f 1960//1960 1697//1697 1700//1700
f 1960//1960 1700//1700 1696//1696
f 1696//1696 1700//1700 1693//1693
f 1754//1754 1753//1753 2001//2001
f 2001//2001 1753//1753 1757//1757
f 2001//2001 1757//1757 2002//2002
f 2002//2002 1757//1757 1756//1756
f 2002//2002 1756//1756 1755//1755
f 1748//1748 1747//1747 2003//2003
f 2003//2003 1747//1747 1751//1751
f 2003//2003 1751//1751 2004//2004
f 2004//2004 1751//1751 1750//1750
f 1742//1742 1741//1741 2005//2005
f 2005//2005 1741//1741 1745//1745
f 2005//2005 1745//1745 2006//2006
f 2006//2006 1745//1745 1744//1744
f 1738//1738 2007//2007 1739//1739
f 1739//1739 2007//2007 2008//2008
f 1739//1739 2008//2008 1735//1735
f 1735//1735 2008//2008 1736//1736
f 1732//1732 2009//2009 1733//1733
f 1733//1733 2009//2009 2010//2010
f 1733//1733 2010//2010 1729//1729
f 1729//1729 2010//2010 1730//1730
f 1726//1726 2011//2011 1725//1725
f 1725//1725 2011//2011 2012//2012
f 1725//1725 2012//2012 1724//1724
f 1708//1708 2013//2013 1755//1755
f 1755//1755 2013//2013 2014//2014
f 1755//1755 2014//2014 2002//2002
f 2002//2002 2014//2014 2015//2015
f 2016//2016 2001//2001 2017//2017
f 2017//2017 2001//2001 2002//2002
f 2017//2017 2002//2002 2018//2018
f 2018//2018 2002//2002 2015//2015
f 2018//2018 2015//2015 2019//2019
f 2016//2016 2020//2020 2001//2001
f 2001//2001 2020//2020 2004//2004
f 2001//2001 2004//2004 1754//1754
f 1754//1754 2004//2004 1750//1750
f 2020//2020 2021//2021 2004//2004
f 2004//2004 2021//2021 2022//2022
f 2004//2004 2022//2022 2003//2003
f 2003//2003 2022//2022 2023//2023
f 2023//2023 2024//2024 2003//2003
f 2003//2003 2024//2024 2006//2006
f 2003//2003 2006//2006 1748//1748
f 1748//1748 2006//2006 1744//1744
f 2024//2024 2025//2025 2006//2006
f 2006//2006 2025//2025 2026//2026
f 2006//2006 2026//2026 2005//2005
f 2005//2005 2026//2026 2027//2027
f 2005//2005 2027//2027 2028//2028
f 2028//2028 2029//2029 2005//2005
f 2005//2005 2029//2029 2007//2007
f 2005//2005 2007//2007 1742//1742
f 1742//1742 2007//2007 1738//1738
f 2030//2030 2008//2008 2031//2031
f 2031//2031 2008//2008 2007//2007
f 2031//2031 2007//2007 2032//2032
f 2032//2032 2007//2007 2029//2029
f 2030//2030 2033//2033 2008//2008
f 2008//2008 2033//2033 2009//2009
f 2008//2008 2009//2009 1736//1736
f 1736//1736 2009//2009 1732//1732
f 2034//2034 2010//2010 2035//2035
f 2035//2035 2010//2010 2009//2009
f 2035//2035 2009//2009 2036//2036
f 2036//2036 2009//2009 2033//2033
f 2034//2034 2037//2037 2010//2010
f 2010//2010 2037//2037 2011//2011
f 2010//2010 2011//2011 1730//1730
f 1730//1730 2011//2011 1726//1726
f 2038//2038 2012//2012 2039//2039
f 2039//2039 2012//2012 2011//2011
f 2039//2039 2011//2011 2040//2040
f 2040//2040 2011//2011 2037//2037
f 2019//2019 2015//2015 2041//2041
f 2041//2041 2015//2015 2042//2042
f 2042//2042 2015//2015 2043//2043
f 2043//2043 2015//2015 2014//2014
f 2043//2043 2014//2014 2044//2044
f 2014//2014 2013//2013 2044//2044
f 2044//2044 2013//2013 1708//1708
f 2044//2044 1708//1708 1758//1758
f 1811//1811 1810//1810 2045//2045
f 2045//2045 1810//1810 1814//1814
f 2045//2045 1814//1814 2046//2046
f 2046//2046 1814//1814 1813//1813
f 2046//2046 1813//1813 1812//1812
f 1805//1805 1804//1804 2047//2047
f 2047//2047 1804//1804 1808//1808
f 2047//2047 1808//1808 2048//2048
f 2048//2048 1808//1808 1807//1807
f 1801//1801 2049//2049 1802//1802
f 1802//1802 2049//2049 2050//2050
f 1796//1796 1795//1795 2051//2051
f 2051//2051 1795//1795 1799//1799
f 2051//2051 1799//1799 2050//2050
f 2050//2050 1799//1799 1798//1798
f 2050//2050 1798//1798 1802//1802
f 1792//1792 2052//2052 1793//1793
f 1793//1793 2052//2052 2053//2053
f 1793//1793 2053//2053 1789//1789
f 1789//1789 2053//2053 1790//1790
f 1786//1786 2054//2054 1787//1787
f 1787//1787 2054//2054 2055//2055
f 1787//1787 2055//2055 1783//1783
f 1758//1758 1782//1782 2044//2044
f 2044//2044 1782//1782 2043//2043
f 2056//2056 2046//2046 2057//2057
f 2057//2057 2046//2046 1812//1812
f 2057//2057 1812//1812 1767//1767
f 2056//2056 2058//2058 2046//2046
f 2046//2046 2058//2058 2059//2059
f 2046//2046 2059//2059 2045//2045
f 2045//2045 2059//2059 2060//2060
f 2060//2060 2061//2061 2045//2045
f 2045//2045 2061//2061 2048//2048
f 2045//2045 2048//2048 1811//1811
f 1811//1811 2048//2048 1807//1807
f 2061//2061 2062//2062 2048//2048
f 2048//2048 2062//2062 2063//2063
f 2048//2048 2063//2063 2047//2047
f 2047//2047 2063//2063 2064//2064
f 2064//2064 2065//2065 2047//2047
f 2047//2047 2065//2065 2049//2049
f 2047//2047 2049//2049 1805//1805
f 1805//1805 2049//2049 1801//1801
f 2065//2065 2066//2066 2049//2049
f 2049//2049 2066//2066 2067//2067
f 2049//2049 2067//2067 2050//2050
f 2050//2050 2067//2067 2068//2068
f 2069//2069 2051//2051 2070//2070
f 2070//2070 2051//2051 2050//2050
f 2070//2070 2050//2050 2071//2071
f 2071//2071 2050//2050 2068//2068
f 2069//2069 2072//2072 2051//2051
f 2051//2051 2072//2072 2052//2052
f 2051//2051 2052//2052 1796//1796
f 1796//1796 2052//2052 1792//1792
f 2073//2073 2053//2053 2074//2074
f 2074//2074 2053//2053 2052//2052
f 2074//2074 2052//2052 2075//2075
f 2075//2075 2052//2052 2072//2072
f 2073//2073 2076//2076 2053//2053
f 2053//2053 2076//2076 2054//2054
f 2053//2053 2054//2054 1790//1790
f 1790//1790 2054//2054 1786//1786
f 2076//2076 2077//2077 2054//2054
f 2054//2054 2077//2077 2078//2078
f 2054//2054 2078//2078 2055//2055
f 2055//2055 2078//2078 2079//2079
f 2055//2055 2079//2079 2080//2080
f 2041//2041 2042//2042 2080//2080
f 2080//2080 2042//2042 2043//2043
f 2080//2080 2043//2043 2055//2055
f 2055//2055 2043//2043 1782//1782
f 2055//2055 1782//1782 1783//1783
f 2038//2038 2056//2056 2057//2057
f 2038//2038 2057//2057 2012//2012
f 2012//2012 2057//2057 1767//1767
f 2012//2012 1767//1767 1724//1724
f 1816//1816 1815//1815 2081//2081
f 1816//1816 2081//2081 2082//2082
f 2082//2082 2081//2081 2083//2083
f 2082//2082 2083//2083 2084//2084
f 2084//2084 2083//2083 2085//2085
f 2084//2084 2085//2085 2086//2086
f 1870//1870 1869//1869 2087//2087
f 1867//1867 1866//1866 2088//2088
f 1864//1864 1863//1863 2089//2089
f 2090//2090 2091//2091 2092//2092
f 2093//2093 2094//2094 2095//2095
f 2096//2096 2097//2097 2098//2098
f 2099//2099 2100//2100 2101//2101
f 2102//2102 2103//2103 2104//2104
f 2104//2104 2103//2103 2105//2105
f 2106//2106 2107//2107 2108//2108
f 2108//2108 2107//2107 2102//2102
f 2109//2109 2110//2110 2093//2093
f 2093//2093 2110//2110 2111//2111
f 2093//2093 2111//2111 2094//2094
f 2094//2094 2111//2111 2112//2112
f 2094//2094 2112//2112 2106//2106
f 2113//2113 2114//2114 2090//2090
f 2090//2090 2114//2114 2115//2115
f 2090//2090 2115//2115 2091//2091
f 2091//2091 2115//2115 2116//2116
f 2091//2091 2116//2116 2099//2099
f 2096//2096 2098//2098 2117//2117
f 2118//2118 2119//2119 2120//2120
f 2121//2121 2122//2122 2123//2123
f 2086//2086 2124//2124 2125//2125
f 2102//2102 2104//2104 2108//2108
f 2108//2108 2104//2104 2126//2126
f 2108//2108 2126//2126 2127//2127
f 2128//2128 2129//2129 2101//2101
f 2130//2130 2131//2131 2125//2125
f 1843//1843 1844//1844 2132//2132
f 2132//2132 1844//1844 2126//2126
f 2132//2132 2126//2126 2133//2133
f 2133//2133 2126//2126 2104//2104
f 2133//2133 2104//2104 2134//2134
f 2134//2134 2104//2104 2105//2105
f 2134//2134 2105//2105 2135//2135
f 1844//1844 1845//1845 2126//2126
f 2126//2126 1845//1845 1849//1849
f 2126//2126 1849//1849 2127//2127
f 2127//2127 1849//1849 1848//1848
f 2127//2127 1848//1848 1852//1852
f 2106//2106 2108//2108 2094//2094
f 2094//2094 2108//2108 2127//2127
f 2094//2094 2127//2127 2095//2095
f 2095//2095 2127//2127 1852//1852
f 2095//2095 1852//1852 1851//1851
f 1851//1851 1855//1855 2095//2095
f 2095//2095 1855//1855 2128//2128
f 2095//2095 2128//2128 2093//2093
f 2093//2093 2128//2128 2101//2101
f 2093//2093 2101//2101 2109//2109
f 2109//2109 2101//2101 2100//2100
f 1855//1855 1854//1854 2128//2128
f 2128//2128 1854//1854 1858//1858
f 2128//2128 1858//1858 2129//2129
f 2129//2129 1858//1858 1857//1857
f 2129//2129 1857//1857 1861//1861
f 2099//2099 2101//2101 2091//2091
f 2091//2091 2101//2101 2129//2129
f 2091//2091 2129//2129 2092//2092
f 2092//2092 2129//2129 1861//1861
f 2092//2092 1861//1861 1860//1860
f 2097//2097 2113//2113 2098//2098
f 2098//2098 2113//2113 2090//2090
f 2098//2098 2090//2090 2089//2089
f 2089//2089 2090//2090 2092//2092
f 2089//2089 2092//2092 1864//1864
f 1864//1864 2092//2092 1860//1860
f 2119//2119 2117//2117 2120//2120
f 2120//2120 2117//2117 2098//2098
f 2120//2120 2098//2098 2088//2088
f 2088//2088 2098//2098 2089//2089
f 2088//2088 2089//2089 1867//1867
f 1867//1867 2089//2089 1863//1863
f 2122//2122 2118//2118 2123//2123
f 2123//2123 2118//2118 2120//2120
f 2123//2123 2120//2120 2087//2087
f 2087//2087 2120//2120 2088//2088
f 2087//2087 2088//2088 1870//1870
f 1870//1870 2088//2088 1866//1866
f 2124//2124 2121//2121 2125//2125
f 2125//2125 2121//2121 2123//2123
f 2125//2125 2123//2123 2130//2130
f 2130//2130 2123//2123 2087//2087
f 2130//2130 2087//2087 1873//1873
f 1873//1873 2087//2087 1869//1869
f 2086//2086 2125//2125 2084//2084
f 2084//2084 2125//2125 2131//2131
f 2084//2084 2131//2131 2082//2082
f 2082//2082 2131//2131 1874//1874
f 2082//2082 1874//1874 1816//1816
f 1873//1873 1872//1872 2130//2130
f 2130//2130 1872//1872 1876//1876
f 2130//2130 1876//1876 2131//2131
f 2131//2131 1876//1876 1875//1875
f 2131//2131 1875//1875 1874//1874
f 1877//1877 1843//1843 2136//2136
f 2136//2136 1843//1843 2132//2132
f 2136//2136 2132//2132 2137//2137
f 2137//2137 2132//2132 2133//2133
f 2137//2137 2133//2133 2138//2138
f 2138//2138 2133//2133 2134//2134
f 2138//2138 2134//2134 2139//2139
f 2139//2139 2134//2134 2135//2135
f 1922//1922 1921//1921 2140//2140
f 1919//1919 1918//1918 2141//2141
f 1916//1916 1915//1915 2142//2142
f 2143//2143 2144//2144 2145//2145
f 2146//2146 2147//2147 2148//2148
f 2149//2149 2150//2150 2151//2151
f 2152//2152 2153//2153 2154//2154
f 2155//2155 2156//2156 2157//2157
f 2158//2158 2159//2159 2160//2160
f 2160//2160 2159//2159 2161//2161
f 2162//2162 2163//2163 2146//2146
f 2146//2146 2163//2163 2164//2164
f 2146//2146 2164//2164 2147//2147
f 2147//2147 2164//2164 2165//2165
f 2147//2147 2165//2165 2155//2155
f 2166//2166 2167//2167 2143//2143
f 2143//2143 2167//2167 2168//2168
f 2143//2143 2168//2168 2144//2144
f 2144//2144 2168//2168 2169//2169
f 2144//2144 2169//2169 2152//2152
f 2149//2149 2151//2151 2170//2170
f 2171//2171 2172//2172 2173//2173
f 2174//2174 2175//2175 2176//2176
f 2138//2138 2139//2139 2177//2177
f 2177//2177 2139//2139 2178//2178
f 2081//2081 2160//2160 2083//2083
f 2083//2083 2160//2160 2161//2161
f 2083//2083 2161//2161 2085//2085
f 2179//2179 2180//2180 2157//2157
f 2181//2181 2182//2182 2154//2154
f 2183//2183 2184//2184 2177//2177
f 1815//1815 1896//1896 2081//2081
f 2081//2081 1896//1896 2179//2179
f 2081//2081 2179//2179 2160//2160
f 2160//2160 2179//2179 2157//2157
f 2160//2160 2157//2157 2158//2158
f 2158//2158 2157//2157 2156//2156
f 1896//1896 1897//1897 2179//2179
f 2179//2179 1897//1897 1901//1901
f 2179//2179 1901//1901 2180//2180
f 2180//2180 1901//1901 1900//1900
f 2180//2180 1900//1900 1904//1904
f 2155//2155 2157//2157 2147//2147
f 2147//2147 2157//2157 2180//2180
f 2147//2147 2180//2180 2148//2148
f 2148//2148 2180//2180 1904//1904
f 2148//2148 1904//1904 1903//1903
f 1903//1903 1907//1907 2148//2148
f 2148//2148 1907//1907 2181//2181
f 2148//2148 2181//2181 2146//2146
f 2146//2146 2181//2181 2154//2154
f 2146//2146 2154//2154 2162//2162
f 2162//2162 2154//2154 2153//2153
f 1907//1907 1906//1906 2181//2181
f 2181//2181 1906//1906 1910//1910
f 2181//2181 1910//1910 2182//2182
f 2182//2182 1910//1910 1909//1909
f 2182//2182 1909//1909 1913//1913
f 2152//2152 2154//2154 2144//2144
f 2144//2144 2154//2154 2182//2182
f 2144//2144 2182//2182 2145//2145
f 2145//2145 2182//2182 1913//1913
f 2145//2145 1913//1913 1912//1912
f 2150//2150 2166//2166 2151//2151
f 2151//2151 2166//2166 2143//2143
f 2151//2151 2143//2143 2142//2142
f 2142//2142 2143//2143 2145//2145
f 2142//2142 2145//2145 1916//1916
f 1916//1916 2145//2145 1912//1912
f 2172//2172 2170//2170 2173//2173
f 2173//2173 2170//2170 2151//2151
f 2173//2173 2151//2151 2141//2141
f 2141//2141 2151//2151 2142//2142
f 2141//2141 2142//2142 1919//1919
f 1919//1919 2142//2142 1915//1915
f 2175//2175 2171//2171 2176//2176
f 2176//2176 2171//2171 2173//2173
f 2176//2176 2173//2173 2140//2140
f 2140//2140 2173//2173 2141//2141
f 2140//2140 2141//2141 1922//1922
f 1922//1922 2141//2141 1918//1918
f 2178//2178 2174//2174 2177//2177
f 2177//2177 2174//2174 2176//2176
f 2177//2177 2176//2176 2183//2183
f 2183//2183 2176//2176 2140//2140
f 2183//2183 2140//2140 1925//1925
f 1925//1925 2140//2140 1921//1921
f 2138//2138 2177//2177 2137//2137
f 2137//2137 2177//2177 2184//2184
f 2137//2137 2184//2184 2136//2136
f 2136//2136 2184//2184 1926//1926
f 2136//2136 1926//1926 1877//1877
f 1925//1925 1924//1924 2183//2183
f 2183//2183 1924//1924 1928//1928
f 2183//2183 1928//1928 2184//2184
f 2184//2184 1928//1928 1927//1927
f 2184//2184 1927//1927 1926//1926
f 1993//1993 2185//2185 2186//2186
f 1943//1943 1944//1944 2186//2186
f 2186//2186 1944//1944 1998//1998
f 2186//2186 1998//1998 1993//1993
f 2187//2187 1930//1930 2186//2186
f 2186//2186 1930//1930 1929//1929
f 2186//2186 1929//1929 1940//1940
f 1940//1940 1939//1939 2186//2186
f 2186//2186 1939//1939 1938//1938
f 2186//2186 1938//1938 1943//1943
f 1938//1938 1937//1937 1943//1943
f 1943//1943 1937//1937 1936//1936
f 1943//1943 1936//1936 1941//1941
f 1941//1941 1936//1936 1935//1935
f 1941//1941 1935//1935 1934//1934
f 1934//1934 1933//1933 1941//1941
f 1941//1941 1933//1933 1932//1932
f 1941//1941 1932//1932 2187//2187
f 2187//2187 1932//1932 1931//1931
f 2187//2187 1931//1931 1930//1930
f 2188//2188 1947//1947 2187//2187
f 2187//2187 1947//1947 1949//1949
f 2187//2187 1949//1949 1941//1941
f 1941//1941 1949//1949 1942//1942
f 1946//1946 1955//1955 1964//1964
f 1946//1946 1964//1964 1948//1948
f 1948//1948 1964//1964 1963//1963
f 1948//1948 1963//1963 1953//1953
f 1953//1953 1963//1963 1961//1961
f 1953//1953 1961//1961 1950//1950
f 1950//1950 1961//1961 1959//1959
f 1950//1950 1959//1959 1951//1951
f 1951//1951 1959//1959 1958//1958
f 1951//1951 1958//1958 1952//1952
f 1952//1952 1958//1958 1960//1960
f 1952//1952 1960//1960 1954//1954
f 1957//1957 2189//2189 2190//2190
f 1979//1979 1980//1980 2190//2190
f 2190//2190 1980//1980 1962//1962
f 2190//2190 1962//1962 1957//1957
f 1979//1979 1966//1966 1977//1977
f 1977//1977 1966//1966 1965//1965
f 1977//1977 1965//1965 1976//1976
f 1976//1976 1975//1975 1977//1977
f 1977//1977 1975//1975 1974//1974
f 1977//1977 1974//1974 2191//2191
f 1974//1974 1973//1973 2191//2191
f 2191//2191 1973//1973 1972//1972
f 2191//2191 1972//1972 2190//2190
f 2190//2190 1972//1972 1971//1971
f 2190//2190 1971//1971 1970//1970
f 1970//1970 1969//1969 2190//2190
f 2190//2190 1969//1969 1968//1968
f 2190//2190 1968//1968 1979//1979
f 1979//1979 1968//1968 1967//1967
f 1979//1979 1967//1967 1966//1966
f 2192//2192 1983//1983 2191//2191
f 2191//2191 1983//1983 1985//1985
f 2191//2191 1985//1985 1977//1977
f 1977//1977 1985//1985 1978//1978
f 1982//1982 1991//1991 2000//2000
f 1982//1982 2000//2000 1984//1984
f 1984//1984 2000//2000 1999//1999
f 1984//1984 1999//1999 1989//1989
f 1989//1989 1999//1999 1997//1997
f 1989//1989 1997//1997 1986//1986
f 1986//1986 1997//1997 1995//1995
f 1986//1986 1995//1995 1987//1987
f 1987//1987 1995//1995 1994//1994
f 1987//1987 1994//1994 1988//1988
f 1988//1988 1994//1994 1996//1996
f 1988//1988 1996//1996 1990//1990
f 2022//2022 2021//2021 2193//2193
f 2024//2024 2023//2023 2194//2194
f 2040//2040 2037//2037 2195//2195
f 2196//2196 2197//2197 2198//2198
f 2199//2199 2200//2200 2201//2201
f 2202//2202 2203//2203 2204//2204
f 2205//2205 2206//2206 2207//2207
f 2205//2205 2207//2207 2203//2203
f 2202//2202 2204//2204 2208//2208
f 2209//2209 2210//2210 2211//2211
f 2212//2212 2213//2213 2214//2214
f 2215//2215 2216//2216 2200//2200
f 2200//2200 2216//2216 2217//2217
f 2200//2200 2217//2217 2201//2201
f 2201//2201 2217//2217 2218//2218
f 2201//2201 2218//2218 2212//2212
f 2219//2219 2220//2220 2221//2221
f 2221//2221 2220//2220 2222//2222
f 2221//2221 2222//2222 2223//2223
f 2224//2224 2225//2225 2226//2226
f 2226//2226 2225//2225 2219//2219
f 2227//2227 2228//2228 2229//2229
f 2229//2229 2228//2228 2224//2224
f 2230//2230 2231//2231 2232//2232
f 2232//2232 2231//2231 2233//2233
f 2232//2232 2233//2233 2227//2227
f 2234//2234 2235//2235 2236//2236
f 2236//2236 2235//2235 2237//2237
f 2236//2236 2237//2237 2230//2230
f 2230//2230 2237//2237 2238//2238
f 2230//2230 2238//2238 2231//2231
f 2214//2214 2239//2239 2240//2240
f 2241//2241 2221//2221 2242//2242
f 2242//2242 2221//2221 2223//2223
f 2242//2242 2223//2223 2243//2243
f 2232//2232 2244//2244 2230//2230
f 2230//2230 2244//2244 2196//2196
f 2230//2230 2196//2196 2236//2236
f 2236//2236 2196//2196 2198//2198
f 2236//2236 2198//2198 2234//2234
f 2234//2234 2198//2198 2245//2245
f 2203//2203 2207//2207 2204//2204
f 2204//2204 2207//2207 2246//2246
f 2204//2204 2246//2246 2247//2247
f 2247//2247 2246//2246 2038//2038
f 2247//2247 2038//2038 2039//2039
f 2039//2039 2040//2040 2247//2247
f 2247//2247 2040//2040 2195//2195
f 2247//2247 2195//2195 2204//2204
f 2204//2204 2195//2195 2211//2211
f 2204//2204 2211//2211 2208//2208
f 2208//2208 2211//2211 2210//2210
f 2037//2037 2034//2034 2195//2195
f 2195//2195 2034//2034 2239//2239
f 2195//2195 2239//2239 2211//2211
f 2211//2211 2239//2239 2214//2214
f 2211//2211 2214//2214 2209//2209
f 2209//2209 2214//2214 2213//2213
f 2034//2034 2035//2035 2239//2239
f 2239//2239 2035//2035 2036//2036
f 2239//2239 2036//2036 2240//2240
f 2240//2240 2036//2036 2033//2033
f 2240//2240 2033//2033 2030//2030
f 2212//2212 2214//2214 2201//2201
f 2201//2201 2214//2214 2240//2240
f 2201//2201 2240//2240 2199//2199
f 2199//2199 2240//2240 2030//2030
f 2199//2199 2030//2030 2031//2031
f 2031//2031 2032//2032 2199//2199
f 2199//2199 2032//2032 2243//2243
f 2199//2199 2243//2243 2200//2200
f 2200//2200 2243//2243 2223//2223
f 2200//2200 2223//2223 2215//2215
f 2215//2215 2223//2223 2222//2222
f 2032//2032 2029//2029 2243//2243
f 2243//2243 2029//2029 2028//2028
f 2243//2243 2028//2028 2242//2242
f 2242//2242 2028//2028 2027//2027
f 2242//2242 2027//2027 2241//2241
f 2241//2241 2027//2027 2026//2026
f 2241//2241 2026//2026 2025//2025
f 2219//2219 2221//2221 2226//2226
f 2226//2226 2221//2221 2241//2241
f 2226//2226 2241//2241 2194//2194
f 2194//2194 2241//2241 2025//2025
f 2194//2194 2025//2025 2024//2024
f 2224//2224 2226//2226 2229//2229
f 2229//2229 2226//2226 2194//2194
f 2229//2229 2194//2194 2193//2193
f 2193//2193 2194//2194 2023//2023
f 2193//2193 2023//2023 2022//2022
f 2227//2227 2229//2229 2232//2232
f 2232//2232 2229//2229 2193//2193
f 2232//2232 2193//2193 2244//2244
f 2244//2244 2193//2193 2021//2021
f 2244//2244 2021//2021 2020//2020
f 2019//2019 2197//2197 2018//2018
f 2018//2018 2197//2197 2196//2196
f 2018//2018 2196//2196 2017//2017
f 2017//2017 2196//2196 2244//2244
f 2017//2017 2244//2244 2016//2016
f 2016//2016 2244//2244 2020//2020
f 2248//2248 2245//2245 2249//2249
f 2249//2249 2245//2245 2198//2198
f 2249//2249 2198//2198 2250//2250
f 2250//2250 2198//2198 2197//2197
f 2250//2250 2197//2197 2041//2041
f 2041//2041 2197//2197 2019//2019
f 2063//2063 2062//2062 2251//2251
f 2065//2065 2064//2064 2252//2252
f 2079//2079 2078//2078 2253//2253
f 2254//2254 2255//2255 2256//2256
f 2257//2257 2258//2258 2259//2259
f 2260//2260 2261//2261 2262//2262
f 2263//2263 2248//2248 2249//2249
f 2263//2263 2249//2249 2261//2261
f 2260//2260 2262//2262 2264//2264
f 2265//2265 2266//2266 2267//2267
f 2268//2268 2269//2269 2270//2270
f 2271//2271 2272//2272 2258//2258
f 2258//2258 2272//2272 2273//2273
f 2258//2258 2273//2273 2259//2259
f 2259//2259 2273//2273 2274//2274
f 2259//2259 2274//2274 2268//2268
f 2275//2275 2276//2276 2277//2277
f 2277//2277 2276//2276 2278//2278
f 2277//2277 2278//2278 2279//2279
f 2280//2280 2281//2281 2282//2282
f 2282//2282 2281//2281 2275//2275
f 2283//2283 2284//2284 2285//2285
f 2285//2285 2284//2284 2280//2280
f 2286//2286 2287//2287 2288//2288
f 2288//2288 2287//2287 2289//2289
f 2288//2288 2289//2289 2283//2283
f 2290//2290 2291//2291 2292//2292
f 2292//2292 2291//2291 2293//2293
f 2292//2292 2293//2293 2286//2286
f 2286//2286 2293//2293 2294//2294
f 2286//2286 2294//2294 2287//2287
f 2270//2270 2295//2295 2296//2296
f 2297//2297 2277//2277 2298//2298
f 2298//2298 2277//2277 2279//2279
f 2298//2298 2279//2279 2299//2299
f 2288//2288 2300//2300 2286//2286
f 2286//2286 2300//2300 2254//2254
f 2286//2286 2254//2254 2292//2292
f 2292//2292 2254//2254 2256//2256
f 2292//2292 2256//2256 2290//2290
f 2290//2290 2256//2256 2301//2301
f 2261//2261 2249//2249 2262//2262
f 2262//2262 2249//2249 2250//2250
f 2262//2262 2250//2250 2302//2302
f 2302//2302 2250//2250 2041//2041
f 2302//2302 2041//2041 2080//2080
f 2080//2080 2079//2079 2302//2302
f 2302//2302 2079//2079 2253//2253
f 2302//2302 2253//2253 2262//2262
f 2262//2262 2253//2253 2267//2267
f 2262//2262 2267//2267 2264//2264
f 2264//2264 2267//2267 2266//2266
f 2078//2078 2077//2077 2253//2253
f 2253//2253 2077//2077 2295//2295
f 2253//2253 2295//2295 2267//2267
f 2267//2267 2295//2295 2270//2270
f 2267//2267 2270//2270 2265//2265
f 2265//2265 2270//2270 2269//2269
f 2077//2077 2076//2076 2295//2295
f 2295//2295 2076//2076 2073//2073
f 2295//2295 2073//2073 2296//2296
f 2296//2296 2073//2073 2074//2074
f 2296//2296 2074//2074 2075//2075
f 2268//2268 2270//2270 2259//2259
f 2259//2259 2270//2270 2296//2296
f 2259//2259 2296//2296 2257//2257
f 2257//2257 2296//2296 2075//2075
f 2257//2257 2075//2075 2072//2072
f 2072//2072 2069//2069 2257//2257
f 2257//2257 2069//2069 2299//2299
f 2257//2257 2299//2299 2258//2258
f 2258//2258 2299//2299 2279//2279
f 2258//2258 2279//2279 2271//2271
f 2271//2271 2279//2279 2278//2278
f 2069//2069 2070//2070 2299//2299
f 2299//2299 2070//2070 2071//2071
f 2299//2299 2071//2071 2298//2298
f 2298//2298 2071//2071 2068//2068
f 2298//2298 2068//2068 2297//2297
f 2297//2297 2068//2068 2067//2067
f 2297//2297 2067//2067 2066//2066
f 2275//2275 2277//2277 2282//2282
f 2282//2282 2277//2277 2297//2297
f 2282//2282 2297//2297 2252//2252
f 2252//2252 2297//2297 2066//2066
f 2252//2252 2066//2066 2065//2065
f 2280//2280 2282//2282 2285//2285
f 2285//2285 2282//2282 2252//2252
f 2285//2285 2252//2252 2251//2251
f 2251//2251 2252//2252 2064//2064
f 2251//2251 2064//2064 2063//2063
f 2283//2283 2285//2285 2288//2288
f 2288//2288 2285//2285 2251//2251
f 2288//2288 2251//2251 2300//2300
f 2300//2300 2251//2251 2062//2062
f 2300//2300 2062//2062 2061//2061
f 2056//2056 2255//2255 2058//2058
f 2058//2058 2255//2255 2254//2254
f 2058//2058 2254//2254 2059//2059
f 2059//2059 2254//2254 2300//2300
f 2059//2059 2300//2300 2060//2060
f 2060//2060 2300//2300 2061//2061
f 2206//2206 2301//2301 2207//2207
f 2207//2207 2301//2301 2256//2256
f 2207//2207 2256//2256 2246//2246
f 2246//2246 2256//2256 2255//2255
f 2246//2246 2255//2255 2038//2038
f 2038//2038 2255//2255 2056//2056
f 2303//2303 2304//2304 2305//2305
f 2305//2305 2304//2304 2306//2306
f 2305//2305 2306//2306 2307//2307
f 2307//2307 2306//2306 2308//2308
f 2307//2307 2308//2308 2085//2085
f 2085//2085 2308//2308 2086//2086
f 2117//2117 2119//2119 2309//2309
f 2097//2097 2096//2096 2310//2310
f 2114//2114 2113//2113 2311//2311
f 2312//2312 2308//2308 2306//2306
f 2313//2313 2314//2314 2315//2315
f 2316//2316 2317//2317 2318//2318
f 2319//2319 2320//2320 2321//2321
f 2322//2322 2323//2323 2324//2324
f 2325//2325 2326//2326 2327//2327
f 2325//2325 2327//2327 2323//2323
f 2322//2322 2324//2324 2328//2328
f 2329//2329 2330//2330 2331//2331
f 2332//2332 2333//2333 2314//2314
f 2314//2314 2333//2333 2334//2334
f 2314//2314 2334//2334 2315//2315
f 2315//2315 2334//2334 2335//2335
f 2315//2315 2335//2335 2329//2329
f 2320//2320 2336//2336 2337//2337
f 2319//2319 2321//2321 2317//2317
f 2338//2338 2339//2339 2340//2340
f 2340//2340 2339//2339 2316//2316
f 2341//2341 2342//2342 2343//2343
f 2343//2343 2342//2342 2338//2338
f 2344//2344 2345//2345 2346//2346
f 2346//2346 2345//2345 2347//2347
f 2346//2346 2347//2347 2341//2341
f 2348//2348 2349//2349 2350//2350
f 2350//2350 2349//2349 2351//2351
f 2350//2350 2351//2351 2344//2344
f 2344//2344 2351//2351 2352//2352
f 2344//2344 2352//2352 2345//2345
f 2331//2331 2353//2353 2354//2354
f 2337//2337 2355//2355 2356//2356
f 2320//2320 2337//2337 2321//2321
f 2321//2321 2337//2337 2356//2356
f 2321//2321 2356//2356 2357//2357
f 2346//2346 2358//2358 2344//2344
f 2344//2344 2358//2358 2312//2312
f 2344//2344 2312//2312 2350//2350
f 2350//2350 2312//2312 2306//2306
f 2350//2350 2306//2306 2348//2348
f 2348//2348 2306//2306 2304//2304
f 2323//2323 2327//2327 2324//2324
f 2324//2324 2327//2327 2359//2359
f 2324//2324 2359//2359 2360//2360
f 2360//2360 2359//2359 2135//2135
f 2360//2360 2135//2135 2105//2105
f 2105//2105 2103//2103 2360//2360
f 2360//2360 2103//2103 2353//2353
f 2360//2360 2353//2353 2324//2324
f 2324//2324 2353//2353 2331//2331
f 2324//2324 2331//2331 2328//2328
f 2328//2328 2331//2331 2330//2330
f 2103//2103 2102//2102 2353//2353
f 2353//2353 2102//2102 2107//2107
f 2353//2353 2107//2107 2354//2354
f 2354//2354 2107//2107 2106//2106
f 2354//2354 2106//2106 2112//2112
f 2329//2329 2331//2331 2315//2315
f 2315//2315 2331//2331 2354//2354
f 2315//2315 2354//2354 2313//2313
f 2313//2313 2354//2354 2112//2112
f 2313//2313 2112//2112 2111//2111
f 2111//2111 2110//2110 2313//2313
f 2313//2313 2110//2110 2355//2355
f 2313//2313 2355//2355 2314//2314
f 2314//2314 2355//2355 2337//2337
f 2314//2314 2337//2337 2332//2332
f 2332//2332 2337//2337 2336//2336
f 2110//2110 2109//2109 2355//2355
f 2355//2355 2109//2109 2100//2100
f 2355//2355 2100//2100 2356//2356
f 2356//2356 2100//2100 2099//2099
f 2356//2356 2099//2099 2357//2357
f 2357//2357 2099//2099 2116//2116
f 2357//2357 2116//2116 2115//2115
f 2317//2317 2321//2321 2318//2318
f 2318//2318 2321//2321 2357//2357
f 2318//2318 2357//2357 2311//2311
f 2311//2311 2357//2357 2115//2115
f 2311//2311 2115//2115 2114//2114
f 2316//2316 2318//2318 2340//2340
f 2340//2340 2318//2318 2311//2311
f 2340//2340 2311//2311 2310//2310
f 2310//2310 2311//2311 2113//2113
f 2310//2310 2113//2113 2097//2097
f 2338//2338 2340//2340 2343//2343
f 2343//2343 2340//2340 2310//2310
f 2343//2343 2310//2310 2309//2309
f 2309//2309 2310//2310 2096//2096
f 2309//2309 2096//2096 2117//2117
f 2341//2341 2343//2343 2346//2346
f 2346//2346 2343//2343 2309//2309
f 2346//2346 2309//2309 2358//2358
f 2358//2358 2309//2309 2119//2119
f 2358//2358 2119//2119 2118//2118
f 2086//2086 2308//2308 2124//2124
f 2124//2124 2308//2308 2312//2312
f 2124//2124 2312//2312 2121//2121
f 2121//2121 2312//2312 2358//2358
f 2121//2121 2358//2358 2122//2122
f 2122//2122 2358//2358 2118//2118
f 2326//2326 2361//2361 2327//2327
f 2327//2327 2361//2361 2362//2362
f 2327//2327 2362//2362 2359//2359
f 2359//2359 2362//2362 2363//2363
f 2359//2359 2363//2363 2135//2135
f 2135//2135 2363//2363 2139//2139
f 2170//2170 2172//2172 2364//2364
f 2150//2150 2149//2149 2365//2365
f 2167//2167 2166//2166 2366//2366
f 2367//2367 2363//2363 2362//2362
f 2368//2368 2369//2369 2370//2370
f 2371//2371 2372//2372 2373//2373
f 2374//2374 2375//2375 2376//2376
f 2377//2377 2378//2378 2379//2379
f 2380//2380 2303//2303 2305//2305
f 2380//2380 2305//2305 2378//2378
f 2377//2377 2379//2379 2381//2381
f 2382//2382 2383//2383 2384//2384
f 2385//2385 2386//2386 2369//2369
f 2369//2369 2386//2386 2387//2387
f 2369//2369 2387//2387 2370//2370
f 2370//2370 2387//2387 2388//2388
f 2370//2370 2388//2388 2382//2382
f 2375//2375 2389//2389 2390//2390
f 2374//2374 2376//2376 2372//2372
f 2391//2391 2392//2392 2393//2393
f 2393//2393 2392//2392 2371//2371
f 2394//2394 2395//2395 2396//2396
f 2396//2396 2395//2395 2391//2391
f 2397//2397 2398//2398 2399//2399
f 2399//2399 2398//2398 2400//2400
f 2399//2399 2400//2400 2394//2394
f 2401//2401 2402//2402 2403//2403
f 2403//2403 2402//2402 2404//2404
f 2403//2403 2404//2404 2397//2397
f 2397//2397 2404//2404 2405//2405
f 2397//2397 2405//2405 2398//2398
f 2384//2384 2406//2406 2407//2407
f 2390//2390 2408//2408 2409//2409
f 2375//2375 2390//2390 2376//2376
f 2376//2376 2390//2390 2409//2409
f 2376//2376 2409//2409 2410//2410
f 2399//2399 2411//2411 2397//2397
f 2397//2397 2411//2411 2367//2367
f 2397//2397 2367//2367 2403//2403
f 2403//2403 2367//2367 2362//2362
f 2403//2403 2362//2362 2401//2401
f 2401//2401 2362//2362 2361//2361
f 2378//2378 2305//2305 2379//2379
f 2379//2379 2305//2305 2307//2307
f 2379//2379 2307//2307 2412//2412
f 2412//2412 2307//2307 2085//2085
f 2412//2412 2085//2085 2161//2161
f 2161//2161 2159//2159 2412//2412
f 2412//2412 2159//2159 2406//2406
f 2412//2412 2406//2406 2379//2379
f 2379//2379 2406//2406 2384//2384
f 2379//2379 2384//2384 2381//2381
f 2381//2381 2384//2384 2383//2383
f 2159//2159 2158//2158 2406//2406
f 2406//2406 2158//2158 2156//2156
f 2406//2406 2156//2156 2407//2407
f 2407//2407 2156//2156 2155//2155
f 2407//2407 2155//2155 2165//2165
f 2382//2382 2384//2384 2370//2370
f 2370//2370 2384//2384 2407//2407
f 2370//2370 2407//2407 2368//2368
f 2368//2368 2407//2407 2165//2165
f 2368//2368 2165//2165 2164//2164
f 2164//2164 2163//2163 2368//2368
f 2368//2368 2163//2163 2408//2408
f 2368//2368 2408//2408 2369//2369
f 2369//2369 2408//2408 2390//2390
f 2369//2369 2390//2390 2385//2385
f 2385//2385 2390//2390 2389//2389
f 2163//2163 2162//2162 2408//2408
f 2408//2408 2162//2162 2153//2153
f 2408//2408 2153//2153 2409//2409
f 2409//2409 2153//2153 2152//2152
f 2409//2409 2152//2152 2410//2410
f 2410//2410 2152//2152 2169//2169
f 2410//2410 2169//2169 2168//2168
f 2372//2372 2376//2376 2373//2373
f 2373//2373 2376//2376 2410//2410
f 2373//2373 2410//2410 2366//2366
f 2366//2366 2410//2410 2168//2168
f 2366//2366 2168//2168 2167//2167
f 2371//2371 2373//2373 2393//2393
f 2393//2393 2373//2373 2366//2366
f 2393//2393 2366//2366 2365//2365
f 2365//2365 2366//2366 2166//2166
f 2365//2365 2166//2166 2150//2150
f 2391//2391 2393//2393 2396//2396
f 2396//2396 2393//2393 2365//2365
f 2396//2396 2365//2365 2364//2364
f 2364//2364 2365//2365 2149//2149
f 2364//2364 2149//2149 2170//2170
f 2394//2394 2396//2396 2399//2399
f 2399//2399 2396//2396 2364//2364
f 2399//2399 2364//2364 2411//2411
f 2411//2411 2364//2364 2172//2172
f 2411//2411 2172//2172 2171//2171
f 2139//2139 2363//2363 2178//2178
f 2178//2178 2363//2363 2367//2367
f 2178//2178 2367//2367 2174//2174
f 2174//2174 2367//2367 2411//2411
f 2174//2174 2411//2411 2175//2175
f 2175//2175 2411//2411 2171//2171
f 2185//2185 2188//2188 2186//2186
f 2186//2186 2188//2188 2187//2187
f 1945//1945 1956//1956 1946//1946
f 1946//1946 1956//1956 1955//1955
f 2189//2189 2192//2192 2190//2190
f 2190//2190 2192//2192 2191//2191
f 1981//1981 1992//1992 1982//1982
f 1982//1982 1992//1992 1991//1991
f 2413//2413 2414//2414 2415//2415
f 2416//2416 2417//2417 2245//2245
f 2245//2245 2417//2417 2234//2234
f 2234//2234 2417//2417 2235//2235
f 2235//2235 2417//2417 2418//2418
f 2235//2235 2418//2418 2237//2237
f 2237//2237 2418//2418 2238//2238
f 2238//2238 2418//2418 2419//2419
f 2238//2238 2419//2419 2231//2231
f 2231//2231 2419//2419 2233//2233
f 2233//2233 2419//2419 2420//2420
f 2233//2233 2420//2420 2227//2227
f 2227//2227 2420//2420 2228//2228
f 2228//2228 2420//2420 2421//2421
f 2228//2228 2421//2421 2224//2224
f 2224//2224 2421//2421 2225//2225
f 2225//2225 2421//2421 2422//2422
f 2225//2225 2422//2422 2219//2219
f 2219//2219 2422//2422 2220//2220
f 2220//2220 2422//2422 2423//2423
f 2220//2220 2423//2423 2222//2222
f 2222//2222 2423//2423 2215//2215
f 2215//2215 2423//2423 2424//2424
f 2215//2215 2424//2424 2216//2216
f 2216//2216 2424//2424 2217//2217
f 2217//2217 2424//2424 2425//2425
f 2217//2217 2425//2425 2218//2218
f 2218//2218 2425//2425 2212//2212
f 2212//2212 2425//2425 2426//2426
f 2212//2212 2426//2426 2213//2213
f 2213//2213 2426//2426 2209//2209
f 2209//2209 2426//2426 2427//2427
f 2209//2209 2427//2427 2210//2210
f 2210//2210 2427//2427 2208//2208
f 2208//2208 2427//2427 2428//2428
f 2208//2208 2428//2428 2202//2202
f 2202//2202 2428//2428 2203//2203
f 2203//2203 2428//2428 2415//2415
f 2203//2203 2415//2415 2205//2205
f 2205//2205 2415//2415 2414//2414
f 2205//2205 2414//2414 2206//2206
f 2429//2429 2430//2430 2431//2431
f 2432//2432 2430//2430 2433//2433
f 2433//2433 2430//2430 2429//2429
f 2433//2433 2429//2429 2434//2434
f 2434//2434 2429//2429 2435//2435
f 2436//2436 2437//2437 2438//2438
f 2438//2438 2437//2437 2439//2439
f 2438//2438 2439//2439 2435//2435
f 2435//2435 2439//2439 2440//2440
f 2435//2435 2440//2440 2434//2434
f 2436//2436 2438//2438 2441//2441
f 2441//2441 2438//2438 2442//2442
f 2441//2441 2442//2442 2443//2443
f 2443//2443 2442//2442 2444//2444
f 2443//2443 2444//2444 2445//2445
f 2445//2445 2444//2444 2446//2446
f 2446//2446 2444//2444 2447//2447
f 2446//2446 2447//2447 2448//2448
f 2448//2448 2447//2447 2449//2449
f 2449//2449 2447//2447 2450//2450
f 2449//2449 2450//2450 2451//2451
f 2452//2452 2453//2453 2454//2454
f 2452//2452 2454//2454 2455//2455
f 2454//2454 2456//2456 2455//2455
f 2455//2455 2456//2456 2457//2457
f 2455//2455 2457//2457 2450//2450
f 2450//2450 2457//2457 2458//2458
f 2450//2450 2458//2458 2451//2451
f 2453//2453 2452//2452 2459//2459
f 2459//2459 2452//2452 2460//2460
f 2459//2459 2460//2460 2461//2461
f 2462//2462 2463//2463 2464//2464
f 2462//2462 2464//2464 2460//2460
f 2460//2460 2464//2464 2465//2465
f 2460//2460 2465//2465 2461//2461
f 2463//2463 2462//2462 2466//2466
f 2466//2466 2462//2462 2467//2467
f 2466//2466 2467//2467 2468//2468
f 2469//2469 2470//2470 2471//2471
f 2469//2469 2471//2471 2467//2467
f 2467//2467 2471//2471 2472//2472
f 2467//2467 2472//2472 2468//2468
f 2473//2473 2470//2470 2474//2474
f 2474//2474 2470//2470 2469//2469
f 2474//2474 2469//2469 2475//2475
f 2475//2475 2469//2469 2476//2476
f 2431//2431 2413//2413 2429//2429
f 2429//2429 2413//2413 2415//2415
f 2429//2429 2415//2415 2435//2435
f 2435//2435 2415//2415 2428//2428
f 2435//2435 2428//2428 2438//2438
f 2438//2438 2428//2428 2427//2427
f 2438//2438 2427//2427 2442//2442
f 2442//2442 2427//2427 2426//2426
f 2442//2442 2426//2426 2444//2444
f 2444//2444 2426//2426 2425//2425
f 2444//2444 2425//2425 2447//2447
f 2447//2447 2425//2425 2424//2424
f 2447//2447 2424//2424 2450//2450
f 2450//2450 2424//2424 2423//2423
f 2450//2450 2423//2423 2455//2455
f 2455//2455 2423//2423 2422//2422
f 2455//2455 2422//2422 2452//2452
f 2452//2452 2422//2422 2421//2421
f 2452//2452 2421//2421 2460//2460
f 2460//2460 2421//2421 2420//2420
f 2460//2460 2420//2420 2462//2462
f 2462//2462 2420//2420 2419//2419
f 2462//2462 2419//2419 2467//2467
f 2467//2467 2419//2419 2418//2418
f 2467//2467 2418//2418 2469//2469
f 2469//2469 2418//2418 2417//2417
f 2469//2469 2417//2417 2476//2476
f 2476//2476 2417//2417 2416//2416
f 2477//2477 2473//2473 2478//2478
f 2478//2478 2473//2473 2474//2474
f 2478//2478 2474//2474 2479//2479
f 2479//2479 2474//2474 2475//2475
f 2479//2479 2475//2475 2476//2476
f 2245//2245 2248//2248 2416//2416
f 2416//2416 2248//2248 2480//2480
f 2416//2416 2480//2480 2476//2476
f 2476//2476 2480//2480 2481//2481
f 2476//2476 2481//2481 2479//2479
f 2477//2477 2478//2478 2482//2482
f 2483//2483 2484//2484 2482//2482
f 2482//2482 2484//2484 2485//2485
f 2482//2482 2485//2485 2477//2477
f 2486//2486 2487//2487 2488//2488
f 2488//2488 2487//2487 2489//2489
f 2488//2488 2489//2489 2483//2483
f 2483//2483 2489//2489 2490//2490
f 2483//2483 2490//2490 2484//2484
f 2486//2486 2488//2488 2491//2491
f 2491//2491 2488//2488 2492//2492
f 2491//2491 2492//2492 2493//2493
f 2493//2493 2492//2492 2494//2494
f 2493//2493 2494//2494 2495//2495
f 2495//2495 2494//2494 2496//2496
f 2496//2496 2494//2494 2497//2497
f 2496//2496 2497//2497 2498//2498
f 2498//2498 2497//2497 2499//2499
f 2499//2499 2497//2497 2500//2500
f 2499//2499 2500//2500 2501//2501
f 2502//2502 2503//2503 2504//2504
f 2502//2502 2504//2504 2505//2505
f 2504//2504 2506//2506 2505//2505
f 2505//2505 2506//2506 2507//2507
f 2505//2505 2507//2507 2500//2500
f 2500//2500 2507//2507 2508//2508
f 2500//2500 2508//2508 2501//2501
f 2503//2503 2502//2502 2509//2509
f 2509//2509 2502//2502 2510//2510
f 2509//2509 2510//2510 2511//2511
f 2512//2512 2513//2513 2514//2514
f 2512//2512 2514//2514 2510//2510
f 2510//2510 2514//2514 2515//2515
f 2510//2510 2515//2515 2511//2511
f 2513//2513 2512//2512 2516//2516
f 2516//2516 2512//2512 2517//2517
f 2516//2516 2517//2517 2518//2518
f 2519//2519 2520//2520 2521//2521
f 2519//2519 2521//2521 2517//2517
f 2517//2517 2521//2521 2522//2522
f 2517//2517 2522//2522 2518//2518
f 2523//2523 2520//2520 2524//2524
f 2524//2524 2520//2520 2519//2519
f 2524//2524 2519//2519 2525//2525
f 2525//2525 2519//2519 2526//2526
f 2301//2301 2527//2527 2290//2290
f 2290//2290 2527//2527 2528//2528
f 2290//2290 2528//2528 2291//2291
f 2291//2291 2528//2528 2529//2529
f 2291//2291 2529//2529 2293//2293
f 2293//2293 2529//2529 2294//2294
f 2294//2294 2529//2529 2530//2530
f 2294//2294 2530//2530 2287//2287
f 2287//2287 2530//2530 2289//2289
f 2289//2289 2530//2530 2531//2531
f 2289//2289 2531//2531 2283//2283
f 2283//2283 2531//2531 2284//2284
f 2284//2284 2531//2531 2532//2532
f 2284//2284 2532//2532 2280//2280
f 2280//2280 2532//2532 2281//2281
f 2281//2281 2532//2532 2533//2533
f 2281//2281 2533//2533 2275//2275
f 2275//2275 2533//2533 2276//2276
f 2276//2276 2533//2533 2534//2534
f 2276//2276 2534//2534 2278//2278
f 2278//2278 2534//2534 2271//2271
f 2271//2271 2534//2534 2535//2535
f 2271//2271 2535//2535 2272//2272
f 2272//2272 2535//2535 2273//2273
f 2273//2273 2535//2535 2536//2536
f 2273//2273 2536//2536 2274//2274
f 2274//2274 2536//2536 2268//2268
f 2268//2268 2536//2536 2537//2537
f 2268//2268 2537//2537 2269//2269
f 2269//2269 2537//2537 2265//2265
f 2265//2265 2537//2537 2538//2538
f 2265//2265 2538//2538 2266//2266
f 2266//2266 2538//2538 2264//2264
f 2264//2264 2538//2538 2539//2539
f 2264//2264 2539//2539 2260//2260
f 2260//2260 2539//2539 2261//2261
f 2261//2261 2539//2539 2540//2540
f 2261//2261 2540//2540 2263//2263
f 2248//2248 2263//2263 2480//2480
f 2480//2480 2263//2263 2540//2540
f 2480//2480 2540//2540 2481//2481
f 2481//2481 2540//2540 2479//2479
f 2478//2478 2479//2479 2482//2482
f 2482//2482 2479//2479 2540//2540
f 2482//2482 2540//2540 2483//2483
f 2483//2483 2540//2540 2539//2539
f 2483//2483 2539//2539 2488//2488
f 2488//2488 2539//2539 2538//2538
f 2488//2488 2538//2538 2492//2492
f 2492//2492 2538//2538 2537//2537
f 2492//2492 2537//2537 2494//2494
f 2494//2494 2537//2537 2536//2536
f 2494//2494 2536//2536 2497//2497
f 2497//2497 2536//2536 2535//2535
f 2497//2497 2535//2535 2500//2500
f 2500//2500 2535//2535 2534//2534
f 2500//2500 2534//2534 2505//2505
f 2505//2505 2534//2534 2533//2533
f 2505//2505 2533//2533 2502//2502
f 2502//2502 2533//2533 2532//2532
f 2502//2502 2532//2532 2510//2510
f 2510//2510 2532//2532 2531//2531
f 2510//2510 2531//2531 2512//2512
f 2512//2512 2531//2531 2530//2530
f 2512//2512 2530//2530 2517//2517
f 2517//2517 2530//2530 2529//2529
f 2517//2517 2529//2529 2519//2519
f 2519//2519 2529//2529 2528//2528
f 2519//2519 2528//2528 2526//2526
f 2526//2526 2528//2528 2527//2527
f 2432//2432 2523//2523 2430//2430
f 2430//2430 2523//2523 2524//2524
f 2430//2430 2524//2524 2431//2431
f 2431//2431 2524//2524 2525//2525
f 2431//2431 2525//2525 2526//2526
f 2301//2301 2206//2206 2527//2527
f 2527//2527 2206//2206 2414//2414
f 2527//2527 2414//2414 2526//2526
f 2526//2526 2414//2414 2413//2413
f 2526//2526 2413//2413 2431//2431
f 2541//2541 2542//2542 2543//2543
f 2543//2543 2542//2542 2544//2544
f 2543//2543 2544//2544 2545//2545
f 2545//2545 2544//2544 2546//2546
f 2545//2545 2546//2546 2547//2547
f 2304//2304 2303//2303 2548//2548
f 2548//2548 2303//2303 2549//2549
f 2548//2548 2549//2549 2547//2547
f 2547//2547 2549//2549 2550//2550
f 2547//2547 2550//2550 2545//2545
f 2551//2551 2552//2552 2553//2553
f 2551//2551 2553//2553 2554//2554
f 2554//2554 2553//2553 2555//2555
f 2554//2554 2555//2555 2556//2556
f 2556//2556 2555//2555 2557//2557
f 2556//2556 2557//2557 2558//2558
f 2558//2558 2557//2557 2559//2559
f 2558//2558 2559//2559 2560//2560
f 2560//2560 2559//2559 2561//2561
f 2560//2560 2561//2561 2562//2562
f 2562//2562 2561//2561 2563//2563
f 2562//2562 2563//2563 2564//2564
f 2564//2564 2563//2563 2565//2565
f 2564//2564 2565//2565 2566//2566
f 2566//2566 2565//2565 2567//2567
f 2566//2566 2567//2567 2568//2568
f 2568//2568 2567//2567 2569//2569
f 2568//2568 2569//2569 2570//2570
f 2570//2570 2569//2569 2571//2571
f 2570//2570 2571//2571 2572//2572
f 2572//2572 2571//2571 2573//2573
f 2572//2572 2573//2573 2574//2574
f 2574//2574 2573//2573 2575//2575
f 2574//2574 2575//2575 2576//2576
f 2576//2576 2575//2575 2577//2577
f 2576//2576 2577//2577 2578//2578
f 2542//2542 2578//2578 2544//2544
f 2544//2544 2578//2578 2577//2577
f 2544//2544 2577//2577 2546//2546
f 2546//2546 2577//2577 2547//2547
f 2304//2304 2548//2548 2348//2348
f 2348//2348 2548//2548 2579//2579
f 2348//2348 2579//2579 2349//2349
f 2349//2349 2579//2579 2580//2580
f 2349//2349 2580//2580 2351//2351
f 2351//2351 2580//2580 2352//2352
f 2352//2352 2580//2580 2581//2581
f 2352//2352 2581//2581 2345//2345
f 2345//2345 2581//2581 2347//2347
f 2347//2347 2581//2581 2582//2582
f 2347//2347 2582//2582 2341//2341
f 2341//2341 2582//2582 2342//2342
f 2342//2342 2582//2582 2583//2583
f 2342//2342 2583//2583 2338//2338
f 2338//2338 2583//2583 2339//2339
f 2339//2339 2583//2583 2584//2584
f 2339//2339 2584//2584 2316//2316
f 2316//2316 2584//2584 2317//2317
f 2317//2317 2584//2584 2585//2585
f 2317//2317 2585//2585 2319//2319
f 2319//2319 2585//2585 2320//2320
f 2320//2320 2585//2585 2586//2586
f 2320//2320 2586//2586 2336//2336
f 2336//2336 2586//2586 2332//2332
f 2332//2332 2586//2586 2587//2587
f 2332//2332 2587//2587 2333//2333
f 2333//2333 2587//2587 2334//2334
f 2334//2334 2587//2587 2588//2588
f 2334//2334 2588//2588 2335//2335
f 2335//2335 2588//2588 2329//2329
f 2329//2329 2588//2588 2589//2589
f 2329//2329 2589//2589 2330//2330
f 2330//2330 2589//2589 2328//2328
f 2328//2328 2589//2589 2590//2590
f 2328//2328 2590//2590 2322//2322
f 2322//2322 2590//2590 2323//2323
f 2323//2323 2590//2590 2591//2591
f 2323//2323 2591//2591 2325//2325
f 2326//2326 2325//2325 2592//2592
f 2592//2592 2325//2325 2591//2591
f 2592//2592 2591//2591 2593//2593
f 2593//2593 2591//2591 2594//2594
f 2548//2548 2547//2547 2579//2579
f 2579//2579 2547//2547 2577//2577
f 2579//2579 2577//2577 2580//2580
f 2580//2580 2577//2577 2575//2575
f 2580//2580 2575//2575 2581//2581
f 2581//2581 2575//2575 2573//2573
f 2581//2581 2573//2573 2582//2582
f 2582//2582 2573//2573 2571//2571
f 2582//2582 2571//2571 2583//2583
f 2583//2583 2571//2571 2569//2569
f 2583//2583 2569//2569 2584//2584
f 2584//2584 2569//2569 2567//2567
f 2584//2584 2567//2567 2585//2585
f 2585//2585 2567//2567 2565//2565
f 2585//2585 2565//2565 2586//2586
f 2586//2586 2565//2565 2563//2563
f 2586//2586 2563//2563 2587//2587
f 2587//2587 2563//2563 2561//2561
f 2587//2587 2561//2561 2588//2588
f 2588//2588 2561//2561 2559//2559
f 2588//2588 2559//2559 2589//2589
f 2589//2589 2559//2559 2557//2557
f 2589//2589 2557//2557 2590//2590
f 2590//2590 2557//2557 2555//2555
f 2590//2590 2555//2555 2591//2591
f 2591//2591 2555//2555 2553//2553
f 2591//2591 2553//2553 2594//2594
f 2594//2594 2553//2553 2552//2552
f 2551//2551 2595//2595 2552//2552
f 2552//2552 2595//2595 2596//2596
f 2552//2552 2596//2596 2594//2594
f 2594//2594 2596//2596 2597//2597
f 2594//2594 2597//2597 2598//2598
f 2361//2361 2326//2326 2599//2599
f 2599//2599 2326//2326 2592//2592
f 2599//2599 2592//2592 2598//2598
f 2598//2598 2592//2592 2593//2593
f 2598//2598 2593//2593 2594//2594
f 2550//2550 2549//2549 2600//2600
f 2599//2599 2601//2601 2361//2361
f 2361//2361 2601//2601 2401//2401
f 2401//2401 2601//2601 2402//2402
f 2402//2402 2601//2601 2602//2602
f 2402//2402 2602//2602 2404//2404
f 2404//2404 2602//2602 2405//2405
f 2405//2405 2602//2602 2603//2603
f 2405//2405 2603//2603 2398//2398
f 2398//2398 2603//2603 2400//2400
f 2400//2400 2603//2603 2604//2604
f 2400//2400 2604//2604 2394//2394
f 2394//2394 2604//2604 2395//2395
f 2395//2395 2604//2604 2605//2605
f 2395//2395 2605//2605 2391//2391
f 2391//2391 2605//2605 2392//2392
f 2392//2392 2605//2605 2606//2606
f 2392//2392 2606//2606 2371//2371
f 2371//2371 2606//2606 2372//2372
f 2372//2372 2606//2606 2607//2607
f 2372//2372 2607//2607 2374//2374
f 2374//2374 2607//2607 2375//2375
f 2375//2375 2607//2607 2608//2608
f 2375//2375 2608//2608 2389//2389
f 2389//2389 2608//2608 2385//2385
f 2385//2385 2608//2608 2609//2609
f 2385//2385 2609//2609 2386//2386
f 2386//2386 2609//2609 2387//2387
f 2387//2387 2609//2609 2610//2610
f 2387//2387 2610//2610 2388//2388
f 2388//2388 2610//2610 2382//2382
f 2382//2382 2610//2610 2611//2611
f 2382//2382 2611//2611 2383//2383
f 2383//2383 2611//2611 2381//2381
f 2381//2381 2611//2611 2612//2612
f 2381//2381 2612//2612 2377//2377
f 2377//2377 2612//2612 2378//2378
f 2378//2378 2612//2612 2600//2600
f 2378//2378 2600//2600 2380//2380
f 2380//2380 2600//2600 2549//2549
f 2380//2380 2549//2549 2303//2303
f 2613//2613 2543//2543 2545//2545
f 2614//2614 2541//2541 2543//2543
f 2543//2543 2613//2613 2614//2614
f 2614//2614 2613//2613 2615//2615
f 2614//2614 2615//2615 2616//2616
f 2616//2616 2615//2615 2617//2617
f 2616//2616 2617//2617 2618//2618
f 2618//2618 2617//2617 2619//2619
f 2618//2618 2619//2619 2620//2620
f 2620//2620 2619//2619 2621//2621
f 2620//2620 2621//2621 2622//2622
f 2622//2622 2621//2621 2623//2623
f 2622//2622 2623//2623 2624//2624
f 2624//2624 2623//2623 2625//2625
f 2624//2624 2625//2625 2626//2626
f 2626//2626 2625//2625 2627//2627
f 2626//2626 2627//2627 2628//2628
f 2628//2628 2627//2627 2629//2629
f 2628//2628 2629//2629 2630//2630
f 2630//2630 2629//2629 2631//2631
f 2630//2630 2631//2631 2632//2632
f 2632//2632 2631//2631 2633//2633
f 2632//2632 2633//2633 2634//2634
f 2634//2634 2633//2633 2635//2635
f 2634//2634 2635//2635 2636//2636
f 2636//2636 2635//2635 2637//2637
f 2636//2636 2637//2637 2638//2638
f 2595//2595 2638//2638 2596//2596
f 2596//2596 2638//2638 2637//2637
f 2596//2596 2637//2637 2597//2597
f 2597//2597 2637//2637 2598//2598
f 2599//2599 2598//2598 2601//2601
f 2601//2601 2598//2598 2637//2637
f 2601//2601 2637//2637 2602//2602
f 2602//2602 2637//2637 2635//2635
f 2602//2602 2635//2635 2603//2603
f 2603//2603 2635//2635 2633//2633
f 2603//2603 2633//2633 2604//2604
f 2604//2604 2633//2633 2631//2631
f 2604//2604 2631//2631 2605//2605
f 2605//2605 2631//2631 2629//2629
f 2605//2605 2629//2629 2606//2606
f 2606//2606 2629//2629 2627//2627
f 2606//2606 2627//2627 2607//2607
f 2607//2607 2627//2627 2625//2625
f 2607//2607 2625//2625 2608//2608
f 2608//2608 2625//2625 2623//2623
f 2608//2608 2623//2623 2609//2609
f 2609//2609 2623//2623 2621//2621
f 2609//2609 2621//2621 2610//2610
f 2610//2610 2621//2621 2619//2619
f 2610//2610 2619//2619 2611//2611
f 2611//2611 2619//2619 2617//2617
f 2611//2611 2617//2617 2612//2612
f 2612//2612 2617//2617 2615//2615
f 2612//2612 2615//2615 2600//2600
f 2600//2600 2615//2615 2613//2613
f 2600//2600 2613//2613 2550//2550
f 2550//2550 2613//2613 2545//2545
f 2639//2639 2640//2640 2641//2641
f 2639//2639 2641//2641 2642//2642
f 2642//2642 2641//2641 2643//2643
f 2642//2642 2643//2643 2644//2644
f 2644//2644 2643//2643 2645//2645
f 2644//2644 2645//2645 2646//2646
f 2646//2646 2645//2645 2647//2647
f 2646//2646 2647//2647 2648//2648
f 1983//1983 2192//2192 2189//2189
f 1945//1945 2649//2649 1956//1956
f 1956//1956 2649//2649 2648//2648
f 1956//1956 2648//2648 1957//1957
f 2188//2188 2185//2185 1947//1947
f 1947//1947 2185//2185 1993//1993
f 2189//2189 1957//1957 1983//1983
f 1983//1983 1957//1957 2648//2648
f 1983//1983 2648//2648 1981//1981
f 1981//1981 2648//2648 2647//2647
f 1981//1981 2647//2647 1992//1992
f 1992//1992 2647//2647 2650//2650
f 1992//1992 2650//2650 1993//1993
f 1993//1993 2650//2650 2649//2649
f 1993//1993 2649//2649 1947//1947
f 1947//1947 2649//2649 1945//1945
f 2649//2649 2650//2650 2651//2651
f 2649//2649 2651//2651 2652//2652
f 2652//2652 2651//2651 2653//2653
f 2652//2652 2653//2653 2654//2654
f 2654//2654 2653//2653 2655//2655
f 2654//2654 2655//2655 2656//2656
f 2656//2656 2655//2655 2657//2657
f 2656//2656 2657//2657 2658//2658
f 2659//2659 2660//2660 2657//2657
f 2657//2657 2660//2660 2658//2658
f 2639//2639 2661//2661 2640//2640
f 2640//2640 2661//2661 2662//2662
f 2660//2660 2659//2659 2663//2663
f 2660//2660 2663//2663 2664//2664
f 2664//2664 2663//2663 2665//2665
f 2664//2664 2665//2665 2666//2666
f 2666//2666 2665//2665 2667//2667
f 2666//2666 2667//2667 2668//2668
f 2668//2668 2667//2667 2669//2669
f 2668//2668 2669//2669 2670//2670
f 2507//2507 2506//2506 2658//2658
f 2457//2457 2456//2456 2661//2661
f 2661//2661 2456//2456 2671//2671
f 2671//2671 2456//2456 2454//2454
f 2671//2671 2454//2454 2453//2453
f 2484//2484 2668//2668 2485//2485
f 2485//2485 2668//2668 2670//2670
f 2484//2484 2490//2490 2668//2668
f 2668//2668 2490//2490 2489//2489
f 2668//2668 2489//2489 2666//2666
f 2666//2666 2489//2489 2487//2487
f 2487//2487 2486//2486 2666//2666
f 2666//2666 2486//2486 2491//2491
f 2666//2666 2491//2491 2664//2664
f 2664//2664 2491//2491 2493//2493
f 2658//2658 2506//2506 2656//2656
f 2656//2656 2506//2506 2504//2504
f 2656//2656 2504//2504 2503//2503
f 2465//2465 2672//2672 2461//2461
f 2461//2461 2672//2672 2671//2671
f 2461//2461 2671//2671 2459//2459
f 2459//2459 2671//2671 2453//2453
f 2515//2515 2654//2654 2511//2511
f 2511//2511 2654//2654 2656//2656
f 2511//2511 2656//2656 2509//2509
f 2509//2509 2656//2656 2503//2503
f 2443//2443 2642//2642 2441//2441
f 2441//2441 2642//2642 2644//2644
f 2441//2441 2644//2644 2436//2436
f 2493//2493 2495//2495 2664//2664
f 2664//2664 2495//2495 2496//2496
f 2664//2664 2496//2496 2660//2660
f 2660//2660 2496//2496 2498//2498
f 2498//2498 2499//2499 2660//2660
f 2660//2660 2499//2499 2501//2501
f 2660//2660 2501//2501 2658//2658
f 2658//2658 2501//2501 2508//2508
f 2658//2658 2508//2508 2507//2507
f 2466//2466 2673//2673 2463//2463
f 2463//2463 2673//2673 2672//2672
f 2463//2463 2672//2672 2464//2464
f 2464//2464 2672//2672 2465//2465
f 2516//2516 2652//2652 2513//2513
f 2513//2513 2652//2652 2654//2654
f 2513//2513 2654//2654 2514//2514
f 2514//2514 2654//2654 2515//2515
f 2440//2440 2439//2439 2646//2646
f 2466//2466 2468//2468 2673//2673
f 2673//2673 2468//2468 2472//2472
f 2673//2673 2472//2472 2674//2674
f 2674//2674 2472//2472 2471//2471
f 2471//2471 2470//2470 2674//2674
f 2674//2674 2470//2470 2473//2473
f 2674//2674 2473//2473 2670//2670
f 2670//2670 2473//2473 2477//2477
f 2670//2670 2477//2477 2485//2485
f 2443//2443 2445//2445 2642//2642
f 2642//2642 2445//2445 2446//2446
f 2642//2642 2446//2446 2639//2639
f 2639//2639 2446//2446 2448//2448
f 2448//2448 2449//2449 2639//2639
f 2639//2639 2449//2449 2451//2451
f 2639//2639 2451//2451 2661//2661
f 2661//2661 2451//2451 2458//2458
f 2661//2661 2458//2458 2457//2457
f 2516//2516 2518//2518 2652//2652
f 2652//2652 2518//2518 2522//2522
f 2652//2652 2522//2522 2649//2649
f 2649//2649 2522//2522 2521//2521
f 2646//2646 2439//2439 2644//2644
f 2644//2644 2439//2439 2437//2437
f 2644//2644 2437//2437 2436//2436
f 2521//2521 2520//2520 2649//2649
f 2649//2649 2520//2520 2523//2523
f 2649//2649 2523//2523 2648//2648
f 2523//2523 2432//2432 2648//2648
f 2648//2648 2432//2432 2433//2433
f 2648//2648 2433//2433 2646//2646
f 2646//2646 2433//2433 2434//2434
f 2646//2646 2434//2434 2440//2440
f 2674//2674 2675//2675 2676//2676
f 2674//2674 2676//2676 2673//2673
f 2673//2673 2676//2676 2677//2677
f 2673//2673 2677//2677 2672//2672
f 2672//2672 2677//2677 2678//2678
f 2672//2672 2678//2678 2671//2671
f 2671//2671 2678//2678 2662//2662
f 2671//2671 2662//2662 2661//2661
f 2643//2643 2574//2574 2645//2645
f 2645//2645 2574//2574 2576//2576
f 2645//2645 2576//2576 2647//2647
f 2650//2650 2614//2614 2651//2651
f 2651//2651 2614//2614 2616//2616
f 2651//2651 2616//2616 2653//2653
f 2576//2576 2578//2578 2647//2647
f 2647//2647 2578//2578 2542//2542
f 2647//2647 2542//2542 2650//2650
f 2650//2650 2542//2542 2541//2541
f 2650//2650 2541//2541 2614//2614
f 2677//2677 2560//2560 2678//2678
f 2678//2678 2560//2560 2562//2562
f 2678//2678 2562//2562 2662//2662
f 2616//2616 2618//2618 2653//2653
f 2653//2653 2618//2618 2620//2620
f 2653//2653 2620//2620 2655//2655
f 2655//2655 2620//2620 2622//2622
f 2655//2655 2622//2622 2657//2657
f 2562//2562 2564//2564 2662//2662
f 2662//2662 2564//2564 2566//2566
f 2662//2662 2566//2566 2640//2640
f 2640//2640 2566//2566 2568//2568
f 2640//2640 2568//2568 2641//2641
f 2641//2641 2568//2568 2570//2570
f 2641//2641 2570//2570 2643//2643
f 2643//2643 2570//2570 2572//2572
f 2643//2643 2572//2572 2574//2574
f 2622//2622 2624//2624 2657//2657
f 2657//2657 2624//2624 2626//2626
f 2657//2657 2626//2626 2659//2659
f 2659//2659 2626//2626 2628//2628
f 2659//2659 2628//2628 2663//2663
f 2663//2663 2628//2628 2630//2630
f 2663//2663 2630//2630 2665//2665
f 2630//2630 2632//2632 2665//2665
f 2665//2665 2632//2632 2634//2634
f 2665//2665 2634//2634 2667//2667
f 2667//2667 2634//2634 2636//2636
f 2667//2667 2636//2636 2669//2669
f 2636//2636 2638//2638 2669//2669
f 2669//2669 2638//2638 2595//2595
f 2669//2669 2595//2595 2675//2675
f 2595//2595 2551//2551 2675//2675
f 2675//2675 2551//2551 2554//2554
f 2675//2675 2554//2554 2676//2676
f 2676//2676 2554//2554 2556//2556
f 2676//2676 2556//2556 2677//2677
f 2677//2677 2556//2556 2558//2558
f 2677//2677 2558//2558 2560//2560
f 2670//2670 2669//2669 2674//2674
f 2674//2674 2669//2669 2675//2675
